evaluator,generator,coverage,M5,same_char_top2,N_not_last,G_average_rank,use
R1_cosine,K0,0.9914772727272727,0.25760339340791466,0.7624957525223484,0.9867021276595744,2.308503082688588,descriptive_only_not_admission_or_human_preference
R1_cosine,K1,0.9914772727272727,0.2674624424956872,0.7725202081917507,0.9867021276595744,2.290200538122746,descriptive_only_not_admission_or_human_preference
R1_head,K0,0.9914772727272727,0.2532280830153171,0.675664240158921,0.9919306092843327,2.2912701673506195,descriptive_only_not_admission_or_human_preference
R1_head,K1,0.9914772727272727,0.25796790050446966,0.6815870210152126,0.9919306092843327,2.2787115194861207,descriptive_only_not_admission_or_human_preference
R2_cosine,K0,0.9914772727272727,0.26210163560562494,0.780762356892676,0.9986702127659575,2.4053876395133047,descriptive_only_not_admission_or_human_preference
R2_cosine,K1,0.9914772727272727,0.26368729252705314,0.7881876829682681,0.9986702127659575,2.406056106729311,descriptive_only_not_admission_or_human_preference
R2_head,K0,0.9914772727272727,0.29203900164671437,0.7462846822886717,0.9973404255319149,2.3223994818077265,descriptive_only_not_admission_or_human_preference
R2_head,K1,0.9914772727272727,0.2902172829865649,0.7385332397799154,0.9973404255319149,2.333220952153798,descriptive_only_not_admission_or_human_preference
R3_head,K0,0.9914772727272727,0.25887865773171626,0.7821711717157196,0.9986702127659575,2.413205244654713,descriptive_only_not_admission_or_human_preference
R3_head,K1,0.9914772727272727,0.2621945491792566,0.7869520345417951,0.9986702127659575,2.4084006939725024,descriptive_only_not_admission_or_human_preference
v1_cosine,K0,0.9914772727272727,0.28104559013801034,0.7859589824350464,0.98528167311412,2.2829651233075436,descriptive_only_not_admission_or_human_preference
v1_cosine,K1,0.9914772727272727,0.2758673431047101,0.7922123722489414,0.98528167311412,2.2597634808406086,descriptive_only_not_admission_or_human_preference
v1_head,K0,0.9914772727272727,0.25784782757854563,0.7054323197109101,0.9874911783156464,2.2243713733075436,descriptive_only_not_admission_or_human_preference
v1_head,K1,0.9914772727272727,0.2650383171493544,0.7102301316064614,0.9874911783156464,2.240551200075801,descriptive_only_not_admission_or_human_preference
