protocol,split,model,script,fonts,pred_family,GT_family,content_family,pred_minus_GT,pred_above_GT,interpretation
default128,test,K0,all,16,0.8522791248318494,0.8679960130703486,0.5735690495997467,-0.01571688823849919,0.43739885602678574,score_distribution_only_not_quality_or_optimality
default128,test,K0,western,16,0.8466378704524686,0.8649804278160446,0.5764602199364163,-0.018342557363575908,0.433984375,score_distribution_only_not_quality_or_optimality
default128,test,K0,kana,13,0.8638957209276179,0.8746504100541083,0.5816464001398239,-0.010754689126490401,0.42908653846153844,score_distribution_only_not_quality_or_optimality
default128,test,K0,bopomofo,7,0.8622400344549013,0.8654682560424719,0.5789988930227992,-0.0032282215875706504,0.5200892857142857,score_distribution_only_not_quality_or_optimality
default128,train,K0,all,5,0.8973706735268102,0.9158902223188696,0.5177799831861661,-0.0185195487920594,0.380625,score_distribution_only_not_quality_or_optimality
default128,train,K0,western,5,0.8929771780222654,0.9110677153244615,0.5170899402161012,-0.018090537302196025,0.376875,score_distribution_only_not_quality_or_optimality
default128,train,K0,kana,4,0.8964964151091408,0.9208476915955544,0.5196151915197333,-0.024351276486413553,0.349609375,score_distribution_only_not_quality_or_optimality
default128,train,K0,bopomofo,3,0.9092890049796551,0.9335189337531725,0.5222553753095175,-0.02422992877351741,0.3229166666666667,score_distribution_only_not_quality_or_optimality
default128,val,K0,all,5,0.8530878143278616,0.888644030626331,0.6133856000756246,-0.03555621629846947,0.3374776785714286,score_distribution_only_not_quality_or_optimality
default128,val,K0,western,5,0.8470075310324319,0.879864896722138,0.6141183198429644,-0.032857365689706056,0.36125,score_distribution_only_not_quality_or_optimality
default128,val,K0,kana,3,0.875074093734535,0.9226465383544564,0.6324380828785555,-0.04757244461992135,0.203125,score_distribution_only_not_quality_or_optimality
default128,val,K0,bopomofo,2,0.8862209710059687,0.9310147920623422,0.6842805916676298,-0.04479382105637342,0.3671875,score_distribution_only_not_quality_or_optimality
default128,test,K1,all,16,0.854543383230027,0.8679960130703486,0.5735690495997467,-0.013452629840321606,0.4380859375,score_distribution_only_not_quality_or_optimality
default128,test,K1,western,16,0.8507025087230431,0.8649804278160446,0.5764602199364163,-0.014277919093001402,0.4369140625,score_distribution_only_not_quality_or_optimality
default128,test,K1,kana,13,0.861168354552669,0.8746504100541083,0.5816464001398239,-0.013482055501439251,0.4182692307692308,score_distribution_only_not_quality_or_optimality
default128,test,K1,bopomofo,7,0.869934883401064,0.8654682560424719,0.5789988930227992,0.004466627358591982,0.5357142857142857,score_distribution_only_not_quality_or_optimality
default128,train,K1,all,5,0.9016984684105098,0.9158902223188696,0.5177799831861661,-0.014191753908359845,0.4147321428571429,score_distribution_only_not_quality_or_optimality
default128,train,K1,western,5,0.8980123693216592,0.9110677153244615,0.5170899402161012,-0.013055346002802252,0.416875,score_distribution_only_not_quality_or_optimality
default128,train,K1,kana,4,0.898730912944302,0.9208476915955544,0.5196151915197333,-0.02211677865125239,0.35546875,score_distribution_only_not_quality_or_optimality
default128,train,K1,bopomofo,3,0.9144868897274137,0.9335189337531725,0.5222553753095175,-0.019032044025758903,0.3854166666666667,score_distribution_only_not_quality_or_optimality
default128,val,K1,all,5,0.849576434182818,0.888644030626331,0.6133856000756246,-0.03906759644351301,0.3372209821428571,score_distribution_only_not_quality_or_optimality
default128,val,K1,western,5,0.8467211334547028,0.879864896722138,0.6141183198429644,-0.033143763267435136,0.376875,score_distribution_only_not_quality_or_optimality
default128,val,K1,kana,3,0.8655589312935869,0.9226465383544564,0.6324380828785555,-0.05708760706086954,0.1640625,score_distribution_only_not_quality_or_optimality
default128,val,K1,bopomofo,2,0.87575851182919,0.9310147920623422,0.6842805916676298,-0.05525628023315221,0.3984375,score_distribution_only_not_quality_or_optimality
original47,test,K0,all,16,0.8490294358859254,0.8668590214227149,0.5768875345291188,-0.01782958553678938,0.4295757995059857,score_distribution_only_not_quality_or_optimality
original47,test,K0,western,16,0.8454011703583386,0.8648617562359652,0.580305578204413,-0.01946058587762653,0.43074324324324326,score_distribution_only_not_quality_or_optimality
original47,test,K0,kana,13,0.8640866146965341,0.8799701780080795,0.5733721515879062,-0.015883563311545404,0.37362637362637363,score_distribution_only_not_quality_or_optimality
original47,test,K0,bopomofo,7,0.8658332916952315,0.8607830618109023,0.5818233492651156,0.005050229884329295,0.5714285714285714,score_distribution_only_not_quality_or_optimality
original47,test,K1,all,16,0.8521877718987911,0.8668590214227149,0.5768875345291188,-0.014671249523923704,0.43587043886246013,score_distribution_only_not_quality_or_optimality
original47,test,K1,western,16,0.8500813762924785,0.8648617562359652,0.580305578204413,-0.014780379943486705,0.44172297297297297,score_distribution_only_not_quality_or_optimality
original47,test,K1,kana,13,0.8615927910329877,0.8799701780080795,0.5733721515879062,-0.01837738697509189,0.3653846153846154,score_distribution_only_not_quality_or_optimality
original47,test,K1,bopomofo,7,0.862718961955536,0.8607830618109023,0.5818233492651156,0.0019359001446337927,0.5238095238095238,score_distribution_only_not_quality_or_optimality
