protocol,split,model,shot,images,fonts,family_s01,lpips_alex,l1,ssim,D_region,D_change,D_high
default128,test,K0,1,1808,16,0.8419701700423112,0.15406834897920427,0.07505120842841939,0.759638588700868,0.5059414454862625,0.46918062968034063,0.15589204017669545
default128,test,K0,2,1808,16,0.853683150157823,0.1587225552081561,0.0768014353025824,0.7568918064040917,0.5108883588427229,0.4758522010325188,0.15537485902355652
default128,test,K0,4,1808,16,0.8549607542941104,0.157343416070788,0.07652643304059634,0.7571585887057807,0.5103015550778114,0.4752881589151262,0.15549606095300986
default128,test,K0,8,1808,16,0.8585024248331528,0.15468184724691778,0.07567770301683499,0.7584100244239831,0.5082539611421193,0.4737279519006344,0.1560135504578024
default128,train,K0,1,576,5,0.8899425409241978,0.14483841636334546,0.07005584416655115,0.7576485102033266,0.4733875359481733,0.4452916325958046,0.1613234588533773
default128,train,K0,2,576,5,0.8994593598141467,0.12922676490993973,0.06834524770737288,0.7624255328861393,0.46503070637849825,0.4363854291975232,0.16130352857040373
default128,train,K0,4,576,5,0.8987380708680888,0.1248691962374973,0.06834417756903108,0.762667612886757,0.46353504914657345,0.435568956792288,0.16150522213262905
default128,train,K0,8,576,5,0.9013427225008075,0.12370197554310185,0.06781647509264122,0.7643400998809347,0.4619047796287175,0.43305456410029103,0.16135681107374172
default128,val,K0,1,528,5,0.8517377370083704,0.13890412651962833,0.0722015277709391,0.7720412503513607,0.4231894127645397,0.42944207082070146,0.15356529573394387
default128,val,K0,2,528,5,0.8515684633874999,0.14086874630626492,0.07207775001276552,0.772646932690157,0.42264521625558177,0.4288359389294471,0.15300175687264916
default128,val,K0,4,528,5,0.8523781612715018,0.13909054840892038,0.07228708920091474,0.7728139934880821,0.4248578897062024,0.4329218633033867,0.1527691402547394
default128,val,K0,8,528,5,0.856666895644074,0.13680628780100962,0.07192565429763485,0.7735093408315361,0.42120274580433037,0.43266984425119254,0.15337376178242265
default128,test,K1,1,1808,16,0.8435041863771663,0.14516490507901056,0.07194708712851187,0.7669846680450321,0.488029472515752,0.45098066325528113,0.15416281233618584
default128,test,K1,2,1808,16,0.8565844365048438,0.15091233235988122,0.07434952329557853,0.7622419975588927,0.4960963290450829,0.4614880818966152,0.15480434555408595
default128,test,K1,4,1808,16,0.8565927012350585,0.15162551091733412,0.07445581717540124,0.7616714912151814,0.4966168822801722,0.4613745313399704,0.15511785822143015
default128,test,K1,8,1808,16,0.8614922088030393,0.15012613805322741,0.07359089106070896,0.7627500399994142,0.49560473375812375,0.46040244690645654,0.15558872016533443
default128,train,K1,1,576,5,0.8941187829012052,0.14175055647534984,0.06658872608288106,0.7669604930115715,0.4533371547217081,0.42874239858306407,0.15883691072829867
default128,train,K1,2,576,5,0.9011794223862566,0.12388518313153847,0.06527315907102857,0.7703885109105986,0.4489958090288565,0.4209132757220816,0.15929060562613553
default128,train,K1,4,576,5,0.9049701298134668,0.11737131217245148,0.06446723800739913,0.7724962433470554,0.44418441660635705,0.41790448949505976,0.15921820082568697
default128,train,K1,8,576,5,0.9065255385411106,0.11566370068209446,0.0637820580082076,0.7744608461008393,0.44087637190174844,0.41544194566618114,0.1591112099235345
default128,val,K1,1,528,5,0.8495169191714377,0.13689833244587396,0.06992797866759551,0.7776862552286381,0.41161640947318767,0.4132899933418126,0.15116205160572593
default128,val,K1,2,528,5,0.8483574137736909,0.1407311046831767,0.07023267520984086,0.7775468531477342,0.41436657912064606,0.4161559279788552,0.15041772523030106
default128,val,K1,4,528,5,0.8474447197813009,0.14076598174472954,0.07080860431195046,0.7767340183353408,0.4184082849682974,0.4230423462460749,0.1504742568520097
default128,val,K1,8,528,5,0.8529866840048428,0.1363796571525745,0.07047460717142759,0.7772693444768072,0.4149975794281012,0.4242281218355388,0.15145721734967083
original47,test,K0,1,704,16,0.8381484200083191,0.15661746468818932,0.07343651807441615,0.7646809161294176,0.49567155966657805,0.4636679537951628,0.15626845874637552
original47,test,K0,2,704,16,0.8498312311748984,0.1639917685013994,0.07601756078175984,0.7600738332379866,0.5052378980357777,0.4749408384453964,0.15617618981318288
original47,test,K0,4,704,16,0.8518866085700857,0.16107777868187584,0.07560837742996226,0.760718184602698,0.5038614581977023,0.4733520866419355,0.15638322387807607
original47,test,K0,8,704,16,0.8562514837903984,0.15733815884342306,0.07465444823428768,0.7622017328476475,0.5013346631308544,0.4725455278105441,0.1568387748036959
original47,test,K1,1,704,16,0.8406641617376085,0.14755931578969,0.07108447677781206,0.7701137793118067,0.48102851576749894,0.44827268963919187,0.15470494998155976
original47,test,K1,2,704,16,0.8534250426301155,0.15504115644629177,0.07355891144499968,0.7653681729880721,0.48935541760757156,0.4592954843936684,0.1554212218008186
original47,test,K1,4,704,16,0.8548178249087625,0.15450526507157974,0.07346279610134007,0.7650089176510378,0.48981250029380197,0.459467663089335,0.1560321181101002
original47,test,K1,8,704,16,0.8598440583186777,0.1528022920601985,0.0726872507536952,0.7654533540759133,0.4895859530373823,0.4596995053191696,0.15692492677289424
