protocol,split,model,script,images,fonts,family_s01,lpips_alex,l1,ssim,D_region,D_change,D_high
default128,test,K0,western,5120,16,0.8466378704524686,0.1535930017456849,0.06998845135724102,0.7766930316112934,0.4986664640106028,0.47365572854614585,0.15986269793356767
default128,test,K0,kana,1664,13,0.8638957209276179,0.16579008209877288,0.09621251078932172,0.698137996771506,0.5273693579858025,0.48026386938559323,0.14469361112256032
default128,test,K0,bopomofo,448,7,0.8622400344549013,0.14338195297334874,0.07840408624387254,0.7526096679818508,0.5032701660280249,0.4101257009564766,0.13555916089431516
default128,train,K0,western,1600,5,0.8929771780222655,0.12315197549760341,0.0628605012914454,0.7832787637519758,0.45651364853605625,0.4347643130272627,0.16509008320048452
default128,train,K0,kana,512,4,0.8964964151091408,0.15031494369759457,0.08122520031232978,0.7101912444606535,0.4988323084835429,0.44851413037395105,0.16326815230422653
default128,train,K0,bopomofo,192,3,0.9092890049796551,0.13365189950369918,0.06456063685420638,0.7624479154339346,0.49481094535440207,0.41882215028939146,0.1589145681161123
default128,val,K0,western,1600,5,0.8470075310324319,0.13329609960579547,0.06667257231668708,0.7917739577454956,0.4100879513868131,0.4159528833488002,0.15076765929581598
default128,val,K0,kana,384,3,0.875074093734535,0.1323148024675902,0.09881838131574244,0.6863424429734368,0.4463983563473448,0.4923280760801087,0.16516728485779217
default128,val,K0,bopomofo,128,2,0.8862209710059687,0.14217633291264065,0.08853525066167961,0.73641862605175,0.4939117628382519,0.43456669145962223,0.15936165623134002
default128,test,K1,western,5120,16,0.8507025087230431,0.14504497294474278,0.06742902951043156,0.7823760798537445,0.482235656674311,0.4570674438975402,0.15921172630041838
default128,test,K1,kana,1664,13,0.861168354552669,0.1633179912034673,0.09401316999969561,0.7023461415112328,0.5176063836014901,0.4700710874480697,0.14372209411186093
default128,test,K1,bopomofo,448,7,0.869934883401064,0.13880724488158844,0.0767972156039065,0.7570096108873468,0.490911267431719,0.4018985680470775,0.13542566561539257
default128,train,K1,western,1600,5,0.8980123693216593,0.1172465789807029,0.05896014071861383,0.7937454383366104,0.4351091589964926,0.41649652475956833,0.162086922028102
default128,train,K1,kana,512,4,0.898730912944302,0.14521563873131527,0.07845278970556321,0.7167720983566916,0.48517646704567596,0.43794968200381845,0.16330199522781186
default128,train,K1,bopomofo,192,3,0.9144868897274137,0.12348050172052656,0.06187516754748773,0.7693715596655165,0.47817142757897574,0.39592949813231826,0.15535749572639665
default128,val,K1,western,1600,5,0.8467211334547027,0.1329703068925301,0.06545976466758578,0.7953402017280546,0.40329130773432553,0.40402689060196284,0.1483565154322423
default128,val,K1,kana,384,3,0.8655589312935869,0.13261211053759325,0.09625497013222244,0.6912756293210037,0.4386295509757474,0.48889596954298514,0.16387019690591842
default128,val,K1,bopomofo,128,2,0.87575851182919,0.13205221369571518,0.08532599156198938,0.7430355379682643,0.4868832303909585,0.42951038753381,0.15846285881707445
original47,test,K0,western,2368,16,0.8454011703583386,0.15944476855637166,0.07254558011521334,0.7704843205578449,0.49718500223841416,0.47206404659821577,0.1591649653950102
original47,test,K0,kana,364,13,0.8640866146965341,0.16551513971945087,0.0921860369904847,0.7046439180838736,0.5103360706797013,0.46222799918153784,0.13916149201219555
original47,test,K0,bopomofo,84,7,0.8658332916952315,0.13861105280617872,0.07257301859291536,0.767487095823796,0.509586366514365,0.44227567598933265,0.13882085113298326
original47,test,K1,western,2368,16,0.8500813762924785,0.15068451001787103,0.07006566350566966,0.7755370601497817,0.48138403099005084,0.45605955311298574,0.15847458671212095
original47,test,K1,kana,364,13,0.8615927910329877,0.16584502881044869,0.0914600947206574,0.7056690313210231,0.5076980151563555,0.4578113797847387,0.13889086850315005
original47,test,K1,bopomofo,84,7,0.8627189619555359,0.13103495338665588,0.07141972949639672,0.7708805116338412,0.5010489904809565,0.44005237040775164,0.13947312516115962
