protocol,split,script,metric,fonts,delta_K1_minus_K0,ci95_low,ci95_high,relative_percent,bootstrap
default128,test,all,family_s01,16,0.002264258398177585,-0.002999705871774105,0.007582686730988175,0.2656709911350125,paired_font_10000_seed20260917
default128,test,all,lpips_alex,16,-0.006746820273903203,-0.010509698865673727,-0.0028836411508163053,-4.319235400609891,paired_font_10000_seed20260917
default128,test,all,l1,16,-0.0024283652820581234,-0.003395916796940123,-0.001385148427510908,-3.1946207991123416,paired_font_10000_seed20260917
default128,test,all,ssim,16,0.005387297145949234,0.003177553274260283,0.007421829708360896,0.7107020095739813,paired_font_10000_seed20260917
default128,test,all,D_region,16,-0.014759475737446338,-0.019164932093404526,-0.010241856847598164,-2.900576237518684,paired_font_10000_seed20260917
default128,test,all,D_change,16,-0.014950804532574174,-0.020531062364694402,-0.009095422247081453,-3.1574272881265486,paired_font_10000_seed20260917
default128,test,all,D_high,16,-0.0007756935835069661,-0.0015454828360809967,4.3784750267020284e-05,-0.4982163394350635,paired_font_10000_seed20260917
default128,test,western,family_s01,16,0.004064638270574505,-0.0019662262838573944,0.010276967037425493,0.4800917148204392,paired_font_10000_seed20260917
default128,test,western,lpips_alex,16,-0.00854802880094212,-0.013089660691302926,-0.00413293404468277,-5.56537648446751,paired_font_10000_seed20260917
default128,test,western,l1,16,-0.0025594218468094716,-0.003611832774542516,-0.0013868170387085254,-3.656920244949345,paired_font_10000_seed20260917
default128,test,western,ssim,16,0.0056830482424509235,0.003218730567789776,0.007903552140707568,0.7316981112423682,paired_font_10000_seed20260917
default128,test,western,D_region,16,-0.016430807336291764,-0.0214170462036418,-0.011232690587239632,-3.2949493342994103,paired_font_10000_seed20260917
default128,test,western,D_change,16,-0.016588284648605622,-0.022621961486511282,-0.0104360664410342,-3.5021817849690615,paired_font_10000_seed20260917
default128,test,western,D_high,16,-0.000650971633149311,-0.0014658727832284053,0.00020902332278637905,-0.4072067102356973,paired_font_10000_seed20260917
default128,test,kana,family_s01,13,-0.00272736637494885,-0.007541874905739231,0.0019129786251981446,-0.3157055080699218,paired_font_10000_seed20260917
default128,test,kana,lpips_alex,13,-0.002472090895305603,-0.005664597453645771,0.0008542438405968894,-1.4910969727566714,paired_font_10000_seed20260917
default128,test,kana,l1,13,-0.0021993407896261476,-0.0037450423895144004,-0.000677099303022911,-2.2859197536608145,paired_font_10000_seed20260917
default128,test,kana,ssim,13,0.004208144739726865,0.0012826611654112407,0.0073409617578712415,0.6027668969726843,paired_font_10000_seed20260917
default128,test,kana,D_region,13,-0.009762974384312447,-0.016932051128913793,-0.0031198093309425406,-1.8512593188198239,paired_font_10000_seed20260917
default128,test,kana,D_change,13,-0.01019278193752353,-0.01775062486412935,-0.0032800139066799104,-2.1223295332549723,paired_font_10000_seed20260917
default128,test,kana,D_high,13,-0.0009715170106993845,-0.002033329993943111,6.962176009367772e-06,-0.6714304820801501,paired_font_10000_seed20260917
default128,test,bopomofo,family_s01,7,0.007694848946162632,0.0002884221861937216,0.01630007359199226,0.8924253848903261,paired_font_10000_seed20260917
default128,test,bopomofo,lpips_alex,7,-0.00457470809176032,-0.012388939004657524,0.0023380070010067095,-3.190574543653097,paired_font_10000_seed20260917
default128,test,bopomofo,l1,7,-0.0016068706399660572,-0.004409354073660716,0.0007838315990458682,-2.049473078441288,paired_font_10000_seed20260917
default128,test,bopomofo,ssim,7,0.004399942905495971,-0.0015582045843627855,0.011314095491594353,0.5846248185057963,paired_font_10000_seed20260917
default128,test,bopomofo,D_region,7,-0.012358898596305932,-0.030727608229166696,0.0017142951754587038,-2.455718504803585,paired_font_10000_seed20260917
default128,test,bopomofo,D_change,7,-0.008227132909399058,-0.023379125520503814,0.005948537262156606,-2.006002767008288,paired_font_10000_seed20260917
default128,test,bopomofo,D_high,7,-0.00013349527892257486,-0.0024167449209406703,0.002258140527244125,-0.09847750461265445,paired_font_10000_seed20260917
default128,train,all,family_s01,5,0.004327794883699556,0.0020818611124663483,0.005952631047694013,0.48227505214658173,paired_font_10000_seed20260917
default128,train,all,lpips_alex,5,-0.005991400148112527,-0.009078294945772671,-0.00255997997126542,-4.585521166373827,paired_font_10000_seed20260917
default128,train,all,l1,5,-0.003612640841519986,-0.005467127002439431,-0.002369378615568408,-5.263137947539688,paired_font_10000_seed20260917
default128,train,all,ssim,5,0.009306084378226798,0.0056516964056791815,0.013121595279198813,1.2216389481953962,paired_font_10000_seed20260917
default128,train,all,D_region,5,-0.019116079710823086,-0.025968278201097355,-0.012418359209550544,-4.102475399217742,paired_font_10000_seed20260917
default128,train,all,D_change,5,-0.016824618304880072,-0.027273412053805908,-0.009703988619148732,-3.8449666237468803,paired_font_10000_seed20260917
default128,train,all,D_high,5,-0.0022580233816240384,-0.004042972355715132,-0.0006120276128058321,-1.3992636958687024,paired_font_10000_seed20260917
default128,train,western,family_s01,5,0.005035191299393773,0.003160036932677031,0.007058631107211113,0.5638656197849914,paired_font_10000_seed20260917
default128,train,western,lpips_alex,5,-0.0059053965169005105,-0.009038355522789062,-0.002270744200795889,-4.795210546188463,paired_font_10000_seed20260917
default128,train,western,l1,5,-0.0039003605728315646,-0.006240528779871325,-0.00233201316550926,-6.204787573595693,paired_font_10000_seed20260917
default128,train,western,ssim,5,0.010466674584634612,0.006191684427312498,0.01530783766587164,1.3362643121458189,paired_font_10000_seed20260917
default128,train,western,D_region,5,-0.021404489539563653,-0.029703540727496147,-0.012521540001034736,-4.688685564649243,paired_font_10000_seed20260917
default128,train,western,D_change,5,-0.018267788267694412,-0.03177243814337999,-0.00887309326324612,-4.2017681121285815,paired_font_10000_seed20260917
default128,train,western,D_high,5,-0.0030031611723825334,-0.004743766663596034,-0.001262555681169033,-1.8191045241254804,paired_font_10000_seed20260917
default128,train,kana,family_s01,4,0.0022344978351611644,-0.0018111157114617527,0.005672998231602833,0.24924782715267563,paired_font_10000_seed20260917
default128,train,kana,lpips_alex,4,-0.0050993049662793055,-0.012427663801645394,0.0019768565325648524,-3.392413848444869,paired_font_10000_seed20260917
default128,train,kana,l1,4,-0.002772410606766579,-0.004201354648033259,-0.0013434665654998993,-3.4132394824586654,paired_font_10000_seed20260917
default128,train,kana,ssim,4,0.0065808538960380756,0.0028373942380217334,0.011556272911747299,0.9266312345255437,paired_font_10000_seed20260917
default128,train,kana,D_region,4,-0.013655841437866911,-0.0236788266338408,-0.006479409028543159,-2.737561542350947,paired_font_10000_seed20260917
default128,train,kana,D_change,4,-0.010564448370132595,-0.01625502953538671,-0.004468223865842447,-2.355432673063038,paired_font_10000_seed20260917
default128,train,kana,D_high,4,3.384292358532548e-05,-0.0029417088662739843,0.0032492677855771035,0.020728429340134934,paired_font_10000_seed20260917
default128,train,bopomofo,family_s01,3,0.005197884747758508,0.004137914627790451,0.007028683554381132,0.5716427581651895,paired_font_10000_seed20260917
default128,train,bopomofo,lpips_alex,3,-0.010171397783172628,-0.012907822907436639,-0.008754784299526364,-7.610365300413187,paired_font_10000_seed20260917
default128,train,bopomofo,l1,3,-0.0026854693067186377,-0.005111215628829659,0.001506943380650872,-4.159607831600361,paired_font_10000_seed20260917
default128,train,bopomofo,ssim,3,0.006923644231581864,-0.005633265857443222,0.016834090517273644,0.9080809444723037,paired_font_10000_seed20260917
default128,train,bopomofo,D_region,3,-0.01663951777542631,-0.032049532514065504,-0.0017308664973825216,-3.3628030931103323,paired_font_10000_seed20260917
default128,train,bopomofo,D_change,3,-0.02289265215707322,-0.03916752524673939,-0.0027375412173569202,-5.465960227092859,paired_font_10000_seed20260917
default128,train,bopomofo,D_high,3,-0.0035570723897156617,-0.011099414667114615,0.0009957939619198442,-2.238355131240489,paired_font_10000_seed20260917
default128,val,all,family_s01,5,-0.003511380145043534,-0.011844577973824927,0.0038290662694323275,-0.41160828768959873,paired_font_10000_seed20260917
default128,val,all,lpips_alex,5,-0.00022365825236712617,-0.0036507934036957785,0.0032034768989615257,-0.1610008598490707,paired_font_10000_seed20260917
default128,val,all,l1,5,-0.00176203898035994,-0.0030698148627092713,-0.00022818744468273473,-2.4431025475550325,paired_font_10000_seed20260917
default128,val,all,ssim,5,0.004556238456846035,0.0002016731442745734,0.008230167693538796,0.589611320599128,paired_font_10000_seed20260917
default128,val,all,D_region,5,-0.008126602885105447,-0.01626009806192347,6.892291712574591e-06,-1.9213016444868016,paired_font_10000_seed20260917
default128,val,all,D_change,5,-0.01178833197561159,-0.020819714068035993,-0.0018922682606249248,-2.7353185353340184,paired_font_10000_seed20260917
default128,val,all,D_high,5,-0.0022996759015118835,-0.003802711704380012,-0.000581141514412593,-1.5013145349329098,paired_font_10000_seed20260917
default128,val,western,family_s01,5,-0.0002863975777290761,-0.009944670980330557,0.007178098349831999,-0.03381287264116545,paired_font_10000_seed20260917
default128,val,western,lpips_alex,5,-0.0003257927132654004,-0.004113847035332583,0.0030797716943197885,-0.244412787942698,paired_font_10000_seed20260917
default128,val,western,l1,5,-0.0012128076491013076,-0.0025644831771684377,0.00023062379791326192,-1.8190503335323709,paired_font_10000_seed20260917
default128,val,western,ssim,5,0.0035662439825591293,-0.0006801800647847816,0.007812668029903042,0.45041188178425123,paired_font_10000_seed20260917
default128,val,western,D_region,5,-0.006796643652487546,-0.01579597771167755,0.002202690406702459,-1.6573624339615507,paired_font_10000_seed20260917
default128,val,western,D_change,5,-0.011925992746837435,-0.02221375181339681,-0.0016382336802780628,-2.8671499163131924,paired_font_10000_seed20260917
default128,val,western,D_high,5,-0.00241114386357367,-0.00437472544144839,-0.000566907876636833,-1.5992447417670979,paired_font_10000_seed20260917
default128,val,kana,family_s01,3,-0.009515162440948188,-0.022870236891321838,-0.0024937582202255726,-1.0873550604544278,paired_font_10000_seed20260917
default128,val,kana,lpips_alex,3,0.00029730807000305504,-0.008180171280400828,0.0059417885495349765,0.2246975126429101,paired_font_10000_seed20260917
default128,val,kana,l1,3,-0.0025634111835199937,-0.006824651315061614,0.0008204241983251629,-2.5940631180037603,paired_font_10000_seed20260917
default128,val,kana,ssim,3,0.004933186347567002,-0.0032911039173492244,0.012680968978065185,0.7187645756242309,paired_font_10000_seed20260917
default128,val,kana,D_region,3,-0.007768805371597409,-0.022048090700991452,0.0036828237352892756,-1.7403301918863838,paired_font_10000_seed20260917
default128,val,kana,D_change,3,-0.0034321065371235213,-0.009657254675403237,0.004685190040618181,-0.6971177765139417,paired_font_10000_seed20260917
default128,val,kana,D_high,3,-0.0012970879518737395,-0.004725820617750287,0.002054692362435162,-0.785317717725107,paired_font_10000_seed20260917
default128,val,bopomofo,family_s01,2,-0.010462459176778793,-0.02373495465144515,0.0028100362978875637,-1.1805700292673764,paired_font_10000_seed20260917
default128,val,bopomofo,lpips_alex,2,-0.010124119216925465,-0.020577043294906616,0.00032880486105568707,-7.120818922194432,paired_font_10000_seed20260917
default128,val,bopomofo,l1,2,-0.003209259099690223,-0.007819095520152504,0.0014005773207720583,-3.624837650207585,paired_font_10000_seed20260917
default128,val,bopomofo,ssim,2,0.006616911916514325,-0.004958973663082124,0.018192797496110774,0.8985258767815764,paired_font_10000_seed20260917
default128,val,bopomofo,D_region,2,-0.007028532447293401,-0.012743568979203701,-0.0013134959153831005,-1.4230340267468242,paired_font_10000_seed20260917
default128,val,bopomofo,D_change,2,-0.005056303925812244,-0.01720592752099037,0.007093319669365883,-1.1635277220233182,paired_font_10000_seed20260917
default128,val,bopomofo,D_high,2,-0.000898797414265573,-0.002239374676719308,0.00044177984818816185,-0.5639985398751245,paired_font_10000_seed20260917
original47,test,all,family_s01,16,0.0031583360128656767,-0.002602572221412432,0.009375604838007267,0.3719937000264414,paired_font_10000_seed20260917
original47,test,all,lpips_alex,16,-0.00727928533678191,-0.012430136126127467,-0.0018208849619731876,-4.556493653380481,paired_font_10000_seed20260917
original47,test,all,l1,16,-0.002230867360644732,-0.0033294017524627194,-0.000913779160170422,-2.977299347481679,paired_font_10000_seed20260917
original47,test,all,ssim,16,0.00456738930227004,0.0018731279424796798,0.006986588202380454,0.5994589057681948,paired_font_10000_seed20260917
original47,test,all,D_region,16,-0.014080798081164452,-0.01936823051297592,-0.008613676388814072,-2.8075886390718177,paired_font_10000_seed20260917
original47,test,all,D_change,16,-0.014442766062918479,-0.020168267913624804,-0.008350444539136647,-3.0655806765364875,paired_font_10000_seed20260917
original47,test,all,D_high,16,-0.0006458576439893807,-0.0017116435006041123,0.000493821072982272,-0.4129084692860493,paired_font_10000_seed20260917
original47,test,western,family_s01,16,0.004680205934139824,-0.0015772111064162907,0.01120112307241495,0.5536076951674948,paired_font_10000_seed20260917
original47,test,western,lpips_alex,16,-0.008760258538500607,-0.01464458792468429,-0.002704554902860813,-5.4942276362008196,paired_font_10000_seed20260917
original47,test,western,l1,16,-0.0024799166095436772,-0.0037000305556855006,-0.001037583788156799,-3.4184254996723373,paired_font_10000_seed20260917
original47,test,western,ssim,16,0.0050527395919368265,0.002264306453975579,0.00754579893526074,0.6557874647310862,paired_font_10000_seed20260917
original47,test,western,D_region,16,-0.01580097124836332,-0.021273039303235455,-0.0099688175275947,-3.1780868644920046,paired_font_10000_seed20260917
original47,test,western,D_change,16,-0.016004493485230045,-0.021351096983542792,-0.010412127464597522,-3.3903224786046513,paired_font_10000_seed20260917
original47,test,western,D_high,16,-0.0006903786828892456,-0.0017300009119443948,0.00041163802308949134,-0.433750405546778,paired_font_10000_seed20260917
original47,test,kana,family_s01,13,-0.0024938236635464886,-0.010739920069310033,0.006636205880524037,-0.2886080655724907,paired_font_10000_seed20260917
original47,test,kana,lpips_alex,13,0.0003298890909978324,-0.004522564538478197,0.006091603403399273,0.1993105232288698,paired_font_10000_seed20260917
original47,test,kana,l1,13,-0.0007259422698273106,-0.0026861172567305904,0.0015317690771093548,-0.7874752983494033,paired_font_10000_seed20260917
original47,test,kana,ssim,13,0.0010251132371496224,-0.0038330320513051985,0.005654695874750814,0.14547961187789651,paired_font_10000_seed20260917
original47,test,kana,D_region,13,-0.0026380555233457585,-0.010858051754165808,0.005952982693542162,-0.5169251547969579,paired_font_10000_seed20260917
original47,test,kana,D_change,13,-0.004416619396799214,-0.015871933752486665,0.007202409448327273,-0.9555066773582896,paired_font_10000_seed20260917
original47,test,kana,D_high,13,-0.0002706235090454857,-0.0018184257589362476,0.0012892400329052418,-0.19446723740341143,paired_font_10000_seed20260917
original47,test,bopomofo,family_s01,7,-0.003114329739695503,-0.016020845267034713,0.009046134494599841,-0.359691613797605,paired_font_10000_seed20260917
original47,test,bopomofo,lpips_alex,7,-0.007576099419522852,-0.021971783999885832,0.006481954916602089,-5.465725327197818,paired_font_10000_seed20260917
original47,test,bopomofo,l1,7,-0.0011532890965186419,-0.008545104702491136,0.0035969949815244898,-1.5891430711843464,paired_font_10000_seed20260917
original47,test,bopomofo,ssim,7,0.0033934158100451662,-0.007045288836512076,0.019844724151683497,0.4421463016785686,paired_font_10000_seed20260917
original47,test,bopomofo,D_region,7,-0.008537376033408301,-0.05973504965326617,0.022185262824807848,-1.6753540899857724,paired_font_10000_seed20260917
original47,test,bopomofo,D_change,7,-0.0022233055815810243,-0.044452915766409466,0.02689835993306972,-0.5026967799229928,paired_font_10000_seed20260917
original47,test,bopomofo,D_high,7,0.0006522740281763532,-0.004095645532721565,0.004689620421933259,0.46986747513275806,paired_font_10000_seed20260917
