script,metric,images,fonts,K1,K3,delta,ci95_low,ci95_high,relative_percent
all,l1,192,16,0.07412211011376951,0.07393095257084002,-0.00019115754292948128,-0.0006888458742033934,0.00033643992546336584,-0.2578954412334928
all,ssim,192,16,0.7617615998155154,0.7620959327221838,0.0003343329066684414,-0.0006346233044284148,0.0012681723243007784,0.04388944083679338
all,D_region,192,16,0.4691931618329289,0.4663875195809184,-0.002805642252010559,-0.005253767262345705,-0.0005282370518490741,-0.5979716842100091
all,D_change,192,16,0.43805329121924463,0.4363827348606327,-0.0016705563586118036,-0.0044080303890008535,0.0013542824044722433,-0.3813591615673295
all,D_high,192,16,0.1505438368940088,0.14984450095079316,-0.0006993359432156017,-0.0015010739567007708,3.0497659414975968e-05,-0.46453973649414354
western,l1,64,16,0.060484137754732124,0.059947056173890206,-0.000537081580841915,-0.001273825329650816,4.3703971120214806e-05,-0.8879709635935003
western,ssim,64,16,0.803520650482588,0.8048481315724473,0.001327481089859285,-0.0001612706482367436,0.0032436774945576586,0.1652080863213672
western,D_region,64,16,0.4301085947702329,0.4257167979609221,-0.004391796809310719,-0.00841773911185253,-0.0010978309592853065,-1.0210902229602847
western,D_change,64,16,0.42079679956659677,0.41751757608726625,-0.0032792234793305383,-0.008299542292176438,0.001518398857054607,-0.7792890731840172
western,D_high,64,16,0.15380575993719198,0.15215512685632954,-0.0016506330808624637,-0.003237640747296005,-0.0003739233124846056,-1.0731932806264963
kana,l1,64,14,0.09702654151940748,0.09712611975384847,9.957823444098842e-05,-0.0006240486419419676,0.0009122655562509527,0.1026298916581197
kana,ssim,64,14,0.6954359010697271,0.6954958833596159,5.998228988859536e-05,-0.0012268030505121535,0.0013586143840334122,0.008625135658991714
kana,D_region,64,14,0.5243257538075485,0.5227077962446308,-0.0016179575629177553,-0.003937829798087485,0.0007830462693458571,-0.3085786939070743
kana,D_change,64,14,0.49680836260437017,0.49521869727898205,-0.0015896653253880796,-0.003892008835479385,0.0008576159031381627,-0.3199755569843333
kana,D_high,64,14,0.15638606353766388,0.15603196808092654,-0.0003540954567373738,-0.0013456577531224692,0.0005551381564388691,-0.22642392085794383
bopomofo,l1,64,9,0.06129352372678446,0.0609649398171949,-0.00032858390958956683,-0.001034445750216643,0.0002929482826917077,-0.5360825901513311
bopomofo,ssim,64,9,0.7949854566564115,0.7955363907976652,0.0005509341412537586,-0.0010916940431791391,0.0022644777714983955,0.06930115974333723
bopomofo,D_region,64,9,0.49762003437683283,0.4960799309377422,-0.0015401034390905505,-0.004121964460130407,0.0011663069852957675,-0.309493857300021
bopomofo,D_change,64,9,0.39610009696038945,0.3972616485870284,0.0011615516266389643,-0.0016221019588870925,0.004062267623486968,0.2932469937655989
bopomofo,D_high,64,9,0.1450557374696016,0.1457025490461387,0.0006468115765371455,-0.00018376363878263997,0.0012443664449232556,0.44590554487559897
