font	display_name	split	weight_group	excluded_weight_siblings
4314d6a5	手迹I Cat体	train	4314d6a5	
5f132397	手迹南门体	train	5f132397	
FZAiSJW	方正爱莎简体	train	FZAiSJW	FZAiSJW_Cu,FZAiSJW_Xian
FZAiSJW_Cu	方正爱莎简体 Bold	train	FZAiSJW	FZAiSJW,FZAiSJW_Xian
FZAiSJW_Xian	方正爱莎简体 ExtraLight	train	FZAiSJW	FZAiSJW,FZAiSJW_Cu
FZBGDT	方正不孤独体	train	FZBGDT	
FZBITMAPFENGJW	方正点阵冯简体	train	FZBITMAPFENGJW	
FZBaDSRXKJW	方正八大山人行楷 简	train	FZBaDSRXKJW	
FZBaiZBYTJW	FZBaiZBYTJW	train	FZBaiZBYTJW	
FZBaiZDZ113JW	方正白舟大髭113 简	train	FZBaiZDZ113JW	
FZBaiZDZ115JW	FZBaiZDZ115JW	train	FZBaiZDZ115JW	
FZBaiZJDTJW	方正白舟京都体 简	train	FZBaiZJDTJW	
FZBaiZJHTJW	FZBaiZJHTJW	train	FZBaiZJHTJW	FZBaiZJHTJW-L
FZBaiZJHTJW-L	方正白舟劲海体 简 Light	train	FZBaiZJHTJW	FZBaiZJHTJW
FZBaiZJKJW	FZBaiZJKJW	train	FZBaiZJKJW	
FZBaiZRZTJW	FZBaiZRZTJW	train	FZBaiZRZTJW	
FZBaiZWGTJW	FZBaiZWGTJW	train	FZBaiZWGTJW	
FZBangSKLTJW	FZBangSKLTJW	train	FZBangSKLTJW	
FZBaoCTJW	方正宝城体 简	train	FZBaoCTJW	FZBaoCTJW_Te
FZBaoCTJW_Te	FZBaoCTJW_Te	train	FZBaoCTJW	FZBaoCTJW
FZBaoHTJW_Da	FZBaoHTJW_Da	train	FZBaoHTJW_Da	
FZBenMKYJW	FZBenMKYJW	train	FZBenMKYJW	
FZBenMWYJW	FZBenMWYJW	train	FZBenMWYJW	
FZBenMXYTJW_Italic	FZBenMXYTJW_Italic	train	FZBenMXYTJW_Italic	
FZBenMZZZHJW	FZBenMZZZHJW	train	FZBenMZZZHJW	
FZBiaoYTJW	FZBiaoYTJW	train	FZBiaoYTJW	
FZBingMYTJW	方正兵马俑体 简	train	FZBingMYTJW	
FZBoRDKJW	方正般若大楷 简	train	FZBoRDKJW	
FZBoYTJW-B	方正波影体 简 Bold	train	FZBoYTJW-B	FZBoYTJW-L
FZBoYTJW-L	方正波影体 简 Light	train	FZBoYTJW-B	FZBoYTJW-B
FZCCHJW	FZCCHJW	train	FZCCHJW	
FZCHYJW	FZCHYJW	train	FZCHYJW	
FZCQJW	FZCQJW	train	FZCQJW	
FZCangYHJW	FZCangYHJW	train	FZCangYHJW	
FZChaoLTJW	方正潮流体 简	train	FZChaoLTJW	FZChaoLTJW_Te
FZChaoLTJW_Te	FZChaoLTJW_Te	train	FZChaoLTJW	FZChaoLTJW
FZChaoZTJW_EB	FZChaoZTJW_EB	train	FZChaoZTJW_EB	
FZChenQTJW	FZChenQTJW	train	FZChenQTJW	
FZChiDTJW	FZChiDTJW	train	FZChiDTJW	
FZCuYSJ_V2	FZCuYSJ_V2	train	FZCuYSJ_V2	
FZDaDXMTJW	FZDaDXMTJW	train	FZDaDXMTJW	
FZDaLTJW	方正达利体简体	train	FZDaLTJW	
FZDeSHJW_507R	FZDeSHJW_507R	train	FZDeSHJW_507R	FZDeSHJW_508R,FZDeSHJW_509R,FZDeSHJW_510M,FZDeSHJW_511M,FZDeSHJW_512B,FZDeSHJW_513B,FZDeSHJW_514H,FZDeSHJW_515H
FZDeSHJW_508R	FZDeSHJW_508R	train	FZDeSHJW_507R	FZDeSHJW_507R,FZDeSHJW_509R,FZDeSHJW_510M,FZDeSHJW_511M,FZDeSHJW_512B,FZDeSHJW_513B,FZDeSHJW_514H,FZDeSHJW_515H
FZDeSHJW_509R	FZDeSHJW_509R	train	FZDeSHJW_507R	FZDeSHJW_507R,FZDeSHJW_508R,FZDeSHJW_510M,FZDeSHJW_511M,FZDeSHJW_512B,FZDeSHJW_513B,FZDeSHJW_514H,FZDeSHJW_515H
FZDeSHJW_510M	FZDeSHJW_510M	train	FZDeSHJW_507R	FZDeSHJW_507R,FZDeSHJW_508R,FZDeSHJW_509R,FZDeSHJW_511M,FZDeSHJW_512B,FZDeSHJW_513B,FZDeSHJW_514H,FZDeSHJW_515H
FZDeSHJW_511M	FZDeSHJW_511M	train	FZDeSHJW_507R	FZDeSHJW_507R,FZDeSHJW_508R,FZDeSHJW_509R,FZDeSHJW_510M,FZDeSHJW_512B,FZDeSHJW_513B,FZDeSHJW_514H,FZDeSHJW_515H
FZDeSHJW_512B	FZDeSHJW_512B	train	FZDeSHJW_507R	FZDeSHJW_507R,FZDeSHJW_508R,FZDeSHJW_509R,FZDeSHJW_510M,FZDeSHJW_511M,FZDeSHJW_513B,FZDeSHJW_514H,FZDeSHJW_515H
FZDeSHJW_513B	FZDeSHJW_513B	train	FZDeSHJW_507R	FZDeSHJW_507R,FZDeSHJW_508R,FZDeSHJW_509R,FZDeSHJW_510M,FZDeSHJW_511M,FZDeSHJW_512B,FZDeSHJW_514H,FZDeSHJW_515H
FZDeSHJW_514H	FZDeSHJW_514H	train	FZDeSHJW_507R	FZDeSHJW_507R,FZDeSHJW_508R,FZDeSHJW_509R,FZDeSHJW_510M,FZDeSHJW_511M,FZDeSHJW_512B,FZDeSHJW_513B,FZDeSHJW_515H
FZDengHLJW	方正邓黑隶简体	train	FZDengHLJW	
FZDengXHJW-B	FZDengXHJW-B	train	FZDengXHJW-B	
FZDiHTJ_Te	方正帝后体简体 Heavy	train	FZDiHTJ_Te	FZDiHTJ_Xian,FZDiHTJ_Zhun
FZDiHTJ_Xian	方正帝后体简体 ExtraLight	train	FZDiHTJ_Te	FZDiHTJ_Te,FZDiHTJ_Zhun
FZDiHTJ_Zhun	方正帝后体简体 Medium	train	FZDiHTJ_Te	FZDiHTJ_Te,FZDiHTJ_Xian
FZDongGSJW-L	FZDongGSJW-L	train	FZDongGSJW-L	
FZDouSDYWTJW-B	FZDouSDYWTJW-B	train	FZDouSDYWTJW-B	
FZDuHJW_Cu	FZDuHJW_Cu	train	FZDuHJW_Cu	
FZDunHJSJW	方正敦煌经书 简	train	FZDunHJSJW	
FZFWHuanLTJW	FZFWHuanLTJW	train	FZFWHuanLTJW	
FZFWQingYLJW	FZFWQingYLJW	train	FZFWQingYLJW	
FZFWTongQPOPTJW	FZFWTongQPOPTJW	train	FZFWTongQPOPTJW	
FZFWZhuZGDLHJW	FZFWZhuZGDLHJW	train	FZFWZhuZGDLHJW	
FZFWZhuZGDLMCJW	FZFWZhuZGDLMCJW	train	FZFWZhuZGDLMCJW	
FZFWZhuZGDSHJW	FZFWZhuZGDSHJW	train	FZFWZhuZGDSHJW	
FZFWZhuZGDSMCJW	FZFWZhuZGDSMCJW	train	FZFWZhuZGDSMCJW	
FZFWZhuZLSHTJWB	FZFWZhuZLSHTJWB	train	FZFWZhuZLSHTJWB	
FZFWZhuZiABiaoTMCJW	FZFWZhuZiABiaoTMCJW	train	FZFWZhuZiABiaoTMCJW	
FZFWZhuZiHeiD	FZFWZhuZiHeiD	train	FZFWZhuZiHeiD	
FZFWZhuZiHeiE	FZFWZhuZiHeiE	train	FZFWZhuZiHeiE	
FZFWZhuZiHeiH	FZFWZhuZiHeiH	train	FZFWZhuZiHeiH	
FZFWZhuZiHeiL	FZFWZhuZiHeiL	train	FZFWZhuZiHeiL	
FZFWZhuZiHeiM	FZFWZhuZiHeiM	train	FZFWZhuZiHeiM	
FZFWZhuZiHeiR	FZFWZhuZiHeiR	train	FZFWZhuZiHeiR	
FZFWZhuZiHeiU	FZFWZhuZiHeiU	train	FZFWZhuZiHeiU	
FZFWZhuZiMinchoD	FZFWZhuZiMinchoD	train	FZFWZhuZiMinchoD	
FZFXKTJW	FZFXKTJW	train	FZFXKTJW	
FZFeiSJW-EL	FZFeiSJW-EL	train	FZFeiSJW-EL	
FZFeiYTJW	方正飞跃体 简	train	FZFeiYTJW	FZFeiYTJW_Te
FZFeiYTJW_Te	FZFeiYTJW_Te	train	FZFeiYTJW	FZFeiYTJW
FZFeiYiTJW-EB	FZFeiYiTJW-EB	train	FZFeiYiTJW-EB	
FZFenSTXJW	方正粉丝天下简体	train	FZFenSTXJW	
FZFengBPYTJW	方正风波飘逸体 简	train	FZFengBPYTJW	
FZFengRSTJW-B	方正风入松体 简 Bold	train	FZFengRSTJW-B	FZFengRSTJW-R
FZFengRSTJW-R	方正风入松体 简	train	FZFengRSTJW-B	FZFengRSTJW-B
FZFengYSJW-EL	方正风雅宋 简 ExtraLight	train	FZFengYSJW-EL	
FZFengZTJW-B	方正风姿体 简 Bold	train	FZFengZTJW-B	FZFengZTJW-EB,FZFengZTJW-M
FZFengZTJW-EB	FZFengZiTiS ExtraBold	train	FZFengZTJW-B	FZFengZTJW-B,FZFengZTJW-M
FZFengZTJW-M	方正风姿体 简 Medium	train	FZFengZTJW-B	FZFengZTJW-B,FZFengZTJW-EB
FZFuGCHJW	FZFuGCHJW	train	FZFuGCHJW	
FZFuGCSJW	方正复古粗宋简体	train	FZFuGCSJW	
FZFuGCYJW	FZFuGCYJW	train	FZFuGCYJW	
FZGDCTJW-L	FZGDCTJW-L	train	FZGDCTJW-L	
FZGLJW	FZGLJW	train	FZGLJW	
FZGangYTJ	FZGangYTJ	train	FZGangYTJ	
FZGaoHeiJ	方正高黑 简	train	FZGaoHeiJ	
FZGuangHTJW-H	FZGuangHTJW-H	train	FZGuangHTJW-H	
FZHCJW	FZHCJW	train	FZHCJW	
FZHZGBJW	FZHZGBJW	train	FZHZGBJW	
FZHanSTJW	方正翰宋体 简	train	FZHanSTJW	FZHanSTJW_Te
FZHanSTJW_Te	FZHanSTJW_Te	train	FZHanSTJW	FZHanSTJW
FZHaoGGTTJW	FZHaoGGTTJW	train	FZHaoGGTTJW	
FZHeJYSXZJW	FZHeJYSXZJW	train	FZHeJYSXZJW	
FZHeYTJW-EB	FZHeYTJW-EB	train	FZHeYTJW-EB	
FZHeiFJW-L	FZHeiFJW-L	train	FZHeiFJW-L	
FZHengWHJ-L	FZHengWHJ-L	train	FZHengWHJ-L	
FZHuaSKXTJW-H	FZHuaSKXTJW-H	train	FZHuaSKXTJW-H	FZHuaSKXTJW-T
FZHuaSKXTJW-T	方正华思刻线体 简 Thin	train	FZHuaSKXTJW-H	FZHuaSKXTJW-H
FZHuoLTJW	方正活龙体 简	train	FZHuoLTJW	FZHuoLTJW_Te
FZHuoLTJW_Te	FZHuoLTJW_Te	train	FZHuoLTJW	FZHuoLTJW
FZIwataFWTJW-H	FZIwataFWTJW-H	train	FZIwataFWTJW-H	
FZJLJW	FZJLJW	train	FZJLJW	
FZJZJW	FZJZJW	train	FZJZJW	
FZJiHXTJW	方正几何新体 简	train	FZJiHXTJW	
FZJianQRTJW	FZJianQRTJW	train	FZJianQRTJW	
FZJianQTJW	方正剑气体 简	train	FZJianQTJW	
FZJianZTJW-B	FZJianZTJW-B	train	FZJianZTJW-B	
FZJiangYTJW_EB	FZJiangYTJW_EB	train	FZJiangYTJW_EB	
FZJinCTJW	方正劲彩体 简	train	FZJinCTJW	FZJinCTJW_Te
FZJinCTJW_Te	FZJinCTJW_Te	train	FZJinCTJW	FZJinCTJW
FZJingKHJW	FZJingKHJW	train	FZJingKHJW	
FZJingQSTJW_Cu	FZJingQSTJW_Cu	train	FZJingQSTJW_Cu	
FZJingWTJW	方正劲舞体 简	train	FZJingWTJW	FZJingWTJW_Cu,FZJingWTJW_Xian
FZJingWTJW_Cu	方正劲舞体 简 Bold	train	FZJingWTJW	FZJingWTJW,FZJingWTJW_Xian
FZJingWTJW_Xian	方正劲舞体 简 ExtraLight	train	FZJingWTJW	FZJingWTJW,FZJingWTJW_Cu
FZJuJTJW-L	FZJuJTJW-L	train	FZJuJTJW-L	
FZJunTJW	FZJunTJW	train	FZJunTJW	
FZKeSHBTJW	FZKeSHBTJW	train	FZKeSHBTJW	
FZKuGHJW-H	FZKuGHJW-H	train	FZKuGHJW-H	
FZKuaiSTJW	方正快速体 简	train	FZKuaiSTJW	FZKuaiSTJW_Te
FZKuaiSTJW_Te	FZKuaiSTJW_Te	train	FZKuaiSTJW	FZKuaiSTJW
FZKuaiYTJW_Te	FZKuaiYTJW_Te	train	FZKuaiYTJW_Te	
FZLTHProJW_H	FZLTHProJW_H	train	FZLTHProJW_H	
FZLaGBTTJW	方正拉勾标题体 简	train	FZLaGBTTJW	FZLaGBTTJW_Da
FZLaGBTTJW_Da	FZLaGBTTJW_Da	train	FZLaGBTTJW	FZLaGBTTJW
FZLangKBTJW1	FZLangKBTJW1	train	FZLangKBTJW1	
FZLangKCTJW2	方正朗酷长体 简	train	FZLangKCTJW2	
FZLangKFTJW3	FZLangKFTJW3	train	FZLangKFTJW3	
FZLangYJW-L	方正朗圆 简 Light	train	FZLangYJW-L	FZLangYJW-R
FZLangYJW-R	方正朗圆 简	train	FZLangYJW-L	FZLangYJW-L
FZLengRSJW-B	FZLengRSJW-B	train	FZLengRSJW-B	
FZLiDXYTJW	FZLiDXYTJW	train	FZLiDXYTJW	
FZLiHJW-EB	FZLiHJW-EB	train	FZLiHJW-EB	
FZLiQBLSJW	FZLiQBLSJW	train	FZLiQBLSJW	
FZLiYHJW-EL	FZLiYHJW-EL	train	FZLiYHJW-EL	
FZLiangHJW-EB	方正亮黑 简 ExtraBold	train	FZLiangHJW-EB	FZLiangHJW-L
FZLiangHJW-L	方正亮黑 简 Light	train	FZLiangHJW-EB	FZLiangHJW-EB
FZLingDTJW-B	方正灵动体 简 Bold	train	FZLingDTJW-B	FZLingDTJW-L
FZLingDTJW-L	方正灵动体 简 Light	train	FZLingDTJW-B	FZLingDTJW-B
FZLingFJXKJW	方正灵飞经小楷 简	train	FZLingFJXKJW	
FZLiuBSLSJW	FZLiuBSLSJW	train	FZLiuBSLSJW	
FZLiuCTJW	方正流畅体 简	train	FZLiuCTJW	FZLiuCTJW_Te
FZLiuCTJW_Te	FZLiuCTJW_Te	train	FZLiuCTJW	FZLiuCTJW
FZLongKSKSJW	FZLongKSKSJW	train	FZLongKSKSJW	
FZLouLTJW-EB	方正楼兰体 简 ExtraBold	train	FZLouLTJW-EB	FZLouLTJW-R
FZLouLTJW-R	方正楼兰体 简	train	FZLouLTJW-EB	FZLouLTJW-EB
FZLuXTJW	FZLuXTJW	train	FZLuXTJW	
FZLuoDTJW	方正FW罗丹体 简	train	FZLuoDTJW	
FZLuoMTJW-L	方正罗曼体 简 Light	train	FZLuoMTJW-L	FZLuoMTJW-R
FZLuoMTJW-R	方正罗曼体 简	train	FZLuoMTJW-L	FZLuoMTJW-L
FZLuoMXTJW-EB	方正罗曼斜体 简 ExtraBold	train	FZLuoMXTJW-EB	FZLuoMXTJW-M
FZLuoMXTJW-M	方正罗曼斜体 简 Medium	train	FZLuoMXTJW-EB	FZLuoMXTJW-EB
FZMaKTJW	方正马克体 简	train	FZMaKTJW	
FZMaLTJW	方正玛丽体 简	train	FZMaLTJW	FZMaLTJW_Da
FZMaLTJW_Da	FZMaLTJW_Da	train	FZMaLTJW	FZMaLTJW
FZManYTJW-H	FZManYTJW-H	train	FZManYTJW-H	FZManYTJW-T
FZManYTJW-T	方正蛮腰体 简 Thin	train	FZManYTJW-H	FZManYTJW-H
FZMengHHXJW-EB	方正梦幻火星体 简 ExtraBold	train	FZMengHHXJW-EB	FZMengHHXJW-EL
FZMengHHXJW-EL	方正梦幻火星体 简 ExtraLight	train	FZMengHHXJW-EB	FZMengHHXJW-EB
FZMengYTJW	方正萌艺体 简	train	FZMengYTJW	
FZMiaoYTJW-H	FZMiaoYTJW-H	train	FZMiaoYTJW-H	
FZMingCTJW-EB	FZMingCTJW-EB	train	FZMingCTJW-EB	
FZMingMTJW-EB	FZMingMTJW-EB	train	FZMingMTJW-EB	
FZMingZTJW-EB	FZMingZhuTiS ExtraBold	train	FZMingZTJW-EB	
FZMoDTJW_Cu	FZMoDTJW_Cu	train	FZMoDTJW_Cu	
FZMoFHJW	FZMoFHJW	train	FZMoFHJW	
FZMoYTJW-L	FZMoYTJW-L	train	FZMoYTJW-L	
FZOneFamily-Bold	FZOneFamily-Bold	train	FZOneFamily-Bold	
FZOuYHGXSJW	方正欧阳荷庚行书 简	train	FZOuYHGXSJW	
FZOuYXKSJW	FZOuYXKSJW	train	FZOuYXKSJW	
FZPANGPBJW	方正胖胖白 简	train	FZPANGPBJW	
FZPTYJW	FZPTYJW	train	FZPTYJW	
FZPWJW	FZPWJW	train	FZPWJW	
FZPanDLTJW	FZPanDLTJW	train	FZPanDLTJW	
FZPangPHJW	方正胖胖黑 简	train	FZPangPHJW	
FZPiaoCTJW	FZPiaoCTJW	train	FZPiaoCTJW	
FZPiaoTJW	方正飘体 简	train	FZPiaoTJW	FZPiaoTJW_Cu,FZPiaoTJW_Xi
FZPiaoTJW_Cu	FZPiaoTiS Bold	train	FZPiaoTJW	FZPiaoTJW,FZPiaoTJW_Xi
FZPiaoTJW_Xi	方正飘体 简 Light	train	FZPiaoTJW	FZPiaoTJW,FZPiaoTJW_Cu
FZPiaoYSJW	方正飘逸宋 简	train	FZPiaoYSJW	
FZQINGSTJW	方正情圣体 简	train	FZQINGSTJW	
FZQKBYSJW	FZQKBYSJW	train	FZQKBYSJW	
FZQiMTJW	方正奇妙体 简	train	FZQiMTJW	FZQiMTJW_Xian,FZQiMTJW_Zhun
FZQiMTJW_Xian	方正奇妙体 简 ExtraLight	train	FZQiMTJW	FZQiMTJW,FZQiMTJW_Zhun
FZQiMTJW_Zhun	方正奇妙体 简 Medium	train	FZQiMTJW	FZQiMTJW,FZQiMTJW_Xian
FZQiSTJW-EB	FZQiSTJW-EB	train	FZQiSTJW-EB	
FZQianWTJW	方正前卫体 简	train	FZQianWTJW	FZQianWTJW_Te,FZQianWTJW_Xian
FZQianWTJW_Te	方正前卫体 简 Heavy	train	FZQianWTJW	FZQianWTJW,FZQianWTJW_Xian
FZQianWTJW_Xian	方正前卫体 简 ExtraLight	train	FZQianWTJW	FZQianWTJW,FZQianWTJW_Te
FZQiangKTJW	方正强克体 简	train	FZQiangKTJW	
FZQingFSJW_Xi	FZQingFSJW_Xi	train	FZQingFSJW_Xi	
FZQingKBYSJW-EL	FZQingKBYSJW-EL	train	FZQingKBYSJW-EL	
FZQingLTJW_Xian	FZQingLTJW_Xian	train	FZQingLTJW_Xian	
FZQingLuTJW-EB	FZQingLuTJW-EB	train	FZQingLuTJW-EB	
FZQiuDYRHJW	FZQiuDYRHJW	train	FZQiuDYRHJW	
FZRuiZHJW	FZRuiZHJW	train	FZRuiZHJW	
FZRuiZHLTJW	FZRuiZHLTJW	train	FZRuiZHLTJW	
FZRunKJW-T	FZRunKJW-T	train	FZRunKJW-T	
FZRunYYSJW	FZRunYYSJW	train	FZRunYYSJW	
FZSJ-CHAOJXHN	超级喜欢你	train	FZSJ-CHAOJXHN	
FZSJ-KEADKA	可爱得可爱	train	FZSJ-KEADKA	
FZSJ-NUANNXWC	暖暖下午茶	train	FZSJ-NUANNXWC	
FZSJ-QIYXRYY	七月夏日炎炎	train	FZSJ-QIYXRYY	
FZSJ-WOSJJ	我是静静	train	FZSJ-WOSJJ	
FZSJ-WULXEM	污力小恶魔	train	FZSJ-WULXEM	
FZSJ-XIAOHBZLL	小黑 不再流浪	train	FZSJ-XIAOHBZLL	
FZSJ-XIDPB	喜大普奔	train	FZSJ-XIDPB	
FZShanCPXJW	FZShanCPXJW	train	FZShanCPXJW	
FZShangYTJW	FZShangYTJW	train	FZShangYTJW	
FZShaoLGFTJW	方正少林功夫体 简	train	FZShaoLGFTJW	
FZShenTJHHTJW	FZShenTJHHTJW	train	FZShenTJHHTJW	
FZShengSKSJW_Zhun	方正盛世楷书简体_准	train	FZShengSKSJW_Zhun	
FZShiGKSJW	FZShiGKSJW	train	FZShiGKSJW	
FZShiGKSK	FZShiGKSK	train	FZShiGKSK	
FZShiSTJW-B	FZShiSTJW-B	train	FZShiSTJW-B	
FZShiTSJW	方正诗甜宋 简	train	FZShiTSJW	FZShiTSJW_Te
FZShiTSJW_Te	FZShiTSJW_Te	train	FZShiTSJW	FZShiTSJW
FZShuLTJW-H	FZShuLTJW-H	train	FZShuLTJW-H	
FZShuQTJW	FZShuQTJW	train	FZShuQTJW	
FZShuYTJW-L	方正淑雅体 简 Light	train	FZShuYTJW-L	
FZShuangQTJW_Te	FZShuangQTJW_Te	train	FZShuangQTJW_Te	
FZShuiYJW	FZShuiYJW	train	FZShuiYJW	
FZSiBTJW	方正丝帛体 简	train	FZSiBTJW	FZSiBTJW_Te
FZSiBTJW_Te	FZSiBTJW_Te	train	FZSiBTJW	FZSiBTJW
FZSiLTJW_Cu	方正丝路体 简 Bold	train	FZSiLTJW_Cu	FZSiLTJW_Xian
FZSiLTJW_Xian	方正丝路体 简 ExtraLight	train	FZSiLTJW_Cu	FZSiLTJW_Cu
FZSiLanTJW	FZSiLanTJW	train	FZSiLanTJW	
FZSiNTJW-H	FZSiNTJW-H	train	FZSiNTJW-H	FZSiNTJW-UB,FZSiNTJW-UL
FZSiNTJW-UB	FZSiNTJW-UB	train	FZSiNTJW-H	FZSiNTJW-H,FZSiNTJW-UL
FZSiNTJW-UL	FZSiNTJW-UL	train	FZSiNTJW-H	FZSiNTJW-H,FZSiNTJW-UB
FZSongYJW	FZSongYJW	train	FZSongYJW	
FZSongYuanK	FZSongYuanK	train	FZSongYuanK	
FZSuXSGYSJW	方正苏新诗古印宋 简	train	FZSuXSGYSJW	
FZSuXSMCTJW	方正苏新诗毛糙体 简	train	FZSuXSMCTJW	
FZSuXSMZTJW	方正苏新诗墨渍体 简	train	FZSuXSMZTJW	
FZTaiHTJW-H	FZTaiHTJW-H	train	FZTaiHTJW-H	
FZTanHTJW	方正坦黑体 简	train	FZTanHTJW	FZTanHTJW_Da
FZTanHTJW_Da	FZTanHTJW_Da	train	FZTanHTJW	FZTanHTJW
FZTiHJW	FZTiHJW	train	FZTiHJW	
FZTieXHJW	FZTieXHJW	train	FZTieXHJW	FZTieXHJW_Xi,FZTieXHJW_Zhun
FZTieXHJW_Xi	方正铁线黑 简 Light	train	FZTieXHJW	FZTieXHJW,FZTieXHJW_Zhun
FZTieXHJW_Zhun	方正铁线黑 简 Medium	train	FZTieXHJW	FZTieXHJW,FZTieXHJW_Xi
FZVDLGTMCJW-L	FZVDLGTMCJW-L	train	FZVDLGTMCJW-L	
FZVDLJianZHJW-H	FZVDLJianZHJW-H	train	FZVDLJianZHJW-H	
FZVDLJiaoRHJW-T	FZVDLJiaoRHJW-T	train	FZVDLJiaoRHJW-T	
FZVDLJieYTJW-B	FZVDLJieYTJW-B	train	FZVDLJieYTJW-B	
FZVDLJingQSJ-H	方正VDL京千社 简 Heavy	train	FZVDLJingQSJ-H	FZVDLJingQSJ-L,FZVDLJingQSJ-T
FZVDLJingQSJ-L	方正VDL京千社 简 Light	train	FZVDLJingQSJ-H	FZVDLJingQSJ-H,FZVDLJingQSJ-T
FZVDLJingQSJ-T	方正VDL京千社 简 Thin	train	FZVDLJingQSJ-H	FZVDLJingQSJ-H,FZVDLJingQSJ-L
FZVDLXinZTJW-R	FZVDLXinZTJW-R	train	FZVDLXinZTJW-R	
FZVDLZhaoHJW-H	FZVDLZhaoHJW-H	train	FZVDLZhaoHJW-H	
FZVariable-YouSongJ	FZVariable-YouSongJ	train	FZVariable-YouSongJ	
FZWBJW	FZWBJW	train	FZWBJW	
FZWZZYJW	FZWZZYJW	train	FZWZZYJW	
FZWanBTJW	方正玩伴体 简	train	FZWanBTJW	FZWanBTJW_Xian
FZWanBTJW_Xian	方正玩伴体 简 ExtraLight	train	FZWanBTJW	FZWanBTJW
FZWeiWTJW	FZWeiWTJW	train	FZWeiWTJW	
FZWeiYHJW	FZWeiYHJW	train	FZWeiYHJW	
FZWenHYBTJW	FZWenHYBTJW	train	FZWenHYBTJW	
FZWenZMXCJW	FZWenZMXCJW	train	FZWenZMXCJW	
FZWuYTJW	FZWuYTJW	train	FZWuYTJW	
FZXLB	方正秀麗	train	FZXLB	
FZXiXSLSJW	FZXiXSLSJW	train	FZXiXSLSJW	
FZXianWTJW	FZXianWTJW	train	FZXianWTJW	FZXianWTJW_Zhun
FZXianWTJW_Zhun	方正纤舞体 简 Medium	train	FZXianWTJW	FZXianWTJW
FZXianWXTJW-L	FZXianWXTJW-L	train	FZXianWXTJW-L	
FZXianYSTJW	方正献逸书体 简	train	FZXianYSTJW	
FZXiangHJW-M	FZXiangHJW-M	train	FZXiangHJW-M	
FZXiangPZTJW	方正橡皮章体 简	train	FZXiangPZTJW	FZXiangPZTJW_Da,FZXiangPZTJW_Xian
FZXiangPZTJW_Da	方正橡皮章体 简 ExtraBold	train	FZXiangPZTJW	FZXiangPZTJW,FZXiangPZTJW_Xian
FZXiangPZTJW_Xian	方正橡皮章体 简 ExtraLight	train	FZXiangPZTJW	FZXiangPZTJW,FZXiangPZTJW_Da
FZXiaoSSJW_Te	FZXiaoSSJW_Te	train	FZXiaoSSJW_Te	
FZXieXTJW-EB	FZXieXTJW-EB	train	FZXieXTJW-EB	
FZXinGHJW-EL	FZXinGHJW-EL	train	FZXinGHJW-EL	FZXinGHJW-UL
FZXinGHJW-UL	方正新杠黑 简 UltraLight	train	FZXinGHJW-EL	FZXinGHJW-EL
FZXinHJYKXZJW	FZXinHJYKXZJW	train	FZXinHJYKXZJW	
FZXinRTJW-EB	FZXinRTJW-EB	train	FZXinRTJW-EB	
FZXinZYHJW_EB	FZXinZYHJW_EB	train	FZXinZYHJW_EB	FZXinZYHJW_UL
FZXinZYHJW_UL	FZXinZYHJW_UL	train	FZXinZYHJW_EB	FZXinZYHJW_EB
FZXingHeiJW-B	FZXingHeiJW-B	train	FZXingHeiJW-B	
FZXueWRHJW	FZXueWRHJW	train	FZXueWRHJW	
FZYASHJW_Cu	FZYASHJW_Cu	train	FZYASHJW_Cu	
FZYDCHJW	FZYDCHJW	train	FZYDCHJW	
FZYNJW	方正羽怒简体	train	FZYNJW	
FZYTJW	FZYTJW	train	FZYTJW	
FZYaSSJW-B	FZYaSSJW-B	train	FZYaSSJW-B	
FZYaZTJ_Te	方正雅珠体简体 Heavy	train	FZYaZTJ_Te	FZYaZTJ_Xian
FZYaZTJ_Xian	方正雅珠体简体 ExtraLight	train	FZYaZTJ_Te	FZYaZTJ_Te
FZYanSJW	FZYanSJW	train	FZYanSJW	
FZYanZQKSJW	FZYanZQKSJW	train	FZYanZQKSJW	
FZYaoDHJW	FZYaoDHJW	train	FZYaoDHJW	
FZYiBSLSJW	FZYiBSLSJW	train	FZYiBSLSJW	
FZYiHJW	FZYiHJW	train	FZYiHJW	
FZYiHTJW-EB	FZYiHTJW-EB	train	FZYiHTJW-EB	
FZYiMSJW-T	FZYiMSJW-T	train	FZYiMSJW-T	
FZYiSJW_Te	FZYiSJW_Te	train	FZYiSJW_Te	
FZYiXTJW-EB	FZYiXTJW-EB	train	FZYiXTJW-EB	
FZYiZTJW-EB	FZYiZTJW-EB	train	FZYiZTJW-EB	
FZYinSJW-DB	方正银宋 简 DemiBold	train	FZYinSJW-DB	FZYinSJW-R
FZYinSJW-R	方正银宋 简	train	FZYinSJW-DB	FZYinSJW-DB
FZYingCTJW	方正盈彩体 简	train	FZYingCTJW	FZYingCTJW_Xian
FZYingCTJW_Xian	方正盈彩体 简 ExtraLight	train	FZYingCTJW	FZYingCTJW
FZYongDHJW-T	FZYongDHJW-T	train	FZYongDHJW-T	
FZYongKTJ	FZYongKTJ	train	FZYongKTJ	
FZYooncheQWHJW-B	FZYooncheQWHJW-B	train	FZYooncheQWHJW-B	
FZYouHJW_508R	FZYouHJW_508R	train	FZYouHJW_508R	FZYouHJW_509R,FZYouHJW_510M,FZYouHJW_511M,FZYouHJW_512B,FZYouHJW_513B
FZYouHJW_509R	FZYouHJW_509R	train	FZYouHJW_508R	FZYouHJW_508R,FZYouHJW_510M,FZYouHJW_511M,FZYouHJW_512B,FZYouHJW_513B
FZYouHJW_510M	FZYouHJW_510M	train	FZYouHJW_508R	FZYouHJW_508R,FZYouHJW_509R,FZYouHJW_511M,FZYouHJW_512B,FZYouHJW_513B
FZYouHJW_511M	FZYouHJW_511M	train	FZYouHJW_508R	FZYouHJW_508R,FZYouHJW_509R,FZYouHJW_510M,FZYouHJW_512B,FZYouHJW_513B
FZYouHJW_512B	FZYouHJW_512B	train	FZYouHJW_508R	FZYouHJW_508R,FZYouHJW_509R,FZYouHJW_510M,FZYouHJW_511M,FZYouHJW_513B
FZYouHJW_513B	FZYouHJW_513B	train	FZYouHJW_508R	FZYouHJW_508R,FZYouHJW_509R,FZYouHJW_510M,FZYouHJW_511M,FZYouHJW_512B
FZYouHK_508R	FZYouHK_508R	train	FZYouHK_508R	FZYouHK_509R,FZYouHK_510M,FZYouHK_511M,FZYouHK_512B,FZYouHK_513B
FZYouHK_509R	FZYouHK_509R	train	FZYouHK_508R	FZYouHK_508R,FZYouHK_510M,FZYouHK_511M,FZYouHK_512B,FZYouHK_513B
FZYouHK_510M	FZYouHK_510M	train	FZYouHK_508R	FZYouHK_508R,FZYouHK_509R,FZYouHK_511M,FZYouHK_512B,FZYouHK_513B
FZYouHK_512B	FZYouHK_512B	train	FZYouHK_508R	FZYouHK_508R,FZYouHK_509R,FZYouHK_510M,FZYouHK_511M,FZYouHK_513B
FZYouHK_513B	FZYouHK_513B	train	FZYouHK_508R	FZYouHK_508R,FZYouHK_509R,FZYouHK_510M,FZYouHK_511M,FZYouHK_512B
FZYouSJJW_507R	FZYouSJJW_507R	train	FZYouSJJW_507R	FZYouSJJW_508R,FZYouSJJW_509R
FZYouSJJW_508R	FZYouSJJW_508R	train	FZYouSJJW_507R	FZYouSJJW_507R,FZYouSJJW_509R
FZYouSJJW_509R	FZYouSJJW_509R	train	FZYouSJJW_507R	FZYouSJJW_507R,FZYouSJJW_508R
FZYouSTJW-B	FZYouSTJW-B	train	FZYouSTJW-B	
FZYouYSJW-R	FZYouYSJW-R	train	FZYouYSJW-R	
FZYuLTJW-EB	FZYuLTJW-EB	train	FZYuLTJW-EB	
FZYuYCTJW	FZYuYCTJW	train	FZYuYCTJW	
FZYunHJW-EB	FZYunHJW-EB	train	FZYunHJW-EB	
FZYunLTJW	FZYunLTJW	train	FZYunLTJW	
FZZDHJW	FZZDHJW	train	FZZDHJW	
FZZH-AXTJW	方正字汇-傲行体 简	train	FZZH-AXTJW	
FZZH-DDYLTJW	方正字汇-大道悠乐体 简	train	FZZH-DDYLTJW	
FZZH-DFHBJW	方正字汇-刀锋黑变 简	train	FZZH-DFHBJW	
FZZH-KTMHTJW	方正字汇-卡通漫画体 简	train	FZZH-KTMHTJW	
FZZH-KTPPTJW	方正字汇-卡通泡泡体 简	train	FZZH-KTPPTJW	
FZZH-LTFKTJW	方正字汇-龙天疯狂体 简	train	FZZH-LTFKTJW	
FZZH-LTLMMTJW	方正字汇-龙天玲妹妹体 简	train	FZZH-LTLMMTJW	
FZZH-LTXXTJW	方正字汇-龙天夏夏体 简	train	FZZH-LTXXTJW	
FZZH-MXQYTJW	方正字汇-萌系巧云体 简	train	FZZH-MXQYTJW	
FZZH-NYXFTJ	方正字汇-奶油旋风体 简	train	FZZH-NYXFTJ	
FZZH-QHXKJW	方正字汇-青华行楷 简	train	FZZH-QHXKJW	
FZZH-SJDFTJW	方正字汇-三角刀锋体 简	train	FZZH-SJDFTJW	
FZZH-TTTJW	方正字汇-跳跳体 简	train	FZZH-TTTJW	
FZZH-YMTJW	方正字汇-雅萌体 简	train	FZZH-YMTJW	
FZZH-YueXSTJW-EB	FZZH-YUEXSTS EB	train	FZZH-YueXSTJW-EB	
FZZH-ZRKTJW	方正字汇-自然楷体 简	train	FZZH-ZRKTJW	
FZZJ-BCSXJW	方正字迹-卜超手写 简	train	FZZJ-BCSXJW	
FZZJ-BXMRTJW	方正字迹-柏轩美人体 简	train	FZZJ-BXMRTJW	
FZZJ-CZYKSJW	方正字迹-陈振元楷书 简	train	FZZJ-CZYKSJW	
FZZJ-DDFDTJW	方正字迹-大道奋斗体 简	train	FZZJ-DDFDTJW	
FZZJ-FOJW	方正字迹-仿欧简体	train	FZZJ-FOJW	
FZZJ-FXGGLJW	方正字迹-范笑歌古隶 简	train	FZZJ-FXGGLJW	
FZZJ-GYJGTJW	方正字迹-谷云金刚体 简	train	FZZJ-GYJGTJW	
FZZJ-HLYHXLJW	方正字迹-黄陵野鹤行隶 简	train	FZZJ-HLYHXLJW	
FZZJ-JKTJW	方正字迹-剑客体 简	train	FZZJ-JKTJW	
FZZJ-LSHSSJW	方正字迹-刘三宏手书 简	train	FZZJ-LSHSSJW	
FZZJ-LXBYTJW	方正字迹-刘鑫标幼体 简	train	FZZJ-LXBYTJW	
FZZJ-LXCTJW	方正字迹-赖兴才体 简	train	FZZJ-LXCTJW	
FZZJ-LXXSJW	方正字迹-流线行书 简	train	FZZJ-LXXSJW	
FZZJ-LongYTJW	方正字迹-龙吟体 简	train	FZZJ-LongYTJW	
FZZJ-MGSCTJW	方正字迹-毛广淞爨体 简	train	FZZJ-MGSCTJW	
FZZJ-MMXJJW	方正字迹-默陌信笺简体	train	FZZJ-MMXJJW	
FZZJ-MSTJW	方正字迹-卯榫体 简	train	FZZJ-MSTJW	
FZZJ-PYQYTJW	方正字迹-蒲尧卿云体 简	train	FZZJ-PYQYTJW	
FZZJ-SDXKJW	方正字迹-思道小楷 简	train	FZZJ-SDXKJW	
FZZJ-SLJMTJW	方正字迹-顺利巨墨体 简	train	FZZJ-SLJMTJW	
FZZJ-TBPYTJW	方正字迹-仝斌飘逸体 简	train	FZZJ-TBPYTJW	
FZZJ-WFSXTJ	方正字迹-晚风手写体 简	train	FZZJ-WFSXTJ	
FZZJ-XHFTJW	方正字迹-心海凤体 简	train	FZZJ-XHFTJW	
FZZJ-YYXSTJW	方正字迹-泳一行书 简	train	FZZJ-YYXSTJW	
FZZJ-ZCJW	方正字迹-张爨简体	train	FZZJ-ZCJW	
FZZJ-ZDFCSJW	方正字迹-周东芬草书 简	train	FZZJ-ZDFCSJW	
FZZJ-ZDXKJW	方正字迹-战东行楷 简	train	FZZJ-ZDXKJW	
FZZJ-ZQXKJW	方正字迹-张强行楷 简	train	FZZJ-ZQXKJW	
FZZJ-ZWJBTJW	FZZJ-ZWJBTJW	train	FZZJ-ZWJBTJW	
FZZhaoJSJSJW	FZZhaoJSJSJW	train	FZZhaoJSJSJW	
FZZhenSYJW	FZZhenSYJW	train	FZZhenSYJW	
FZZhiXHJW-R	FZZhiXHJW-R	train	FZZhiXHJW-R	
FZZhuMTJW	方正筑梦体 简	train	FZZhuMTJW	
FZZhuoHJW	FZZhuoHJW	train	FZZhuoHJW	
FZZhuoQHJW	FZZhuoQHJW	train	FZZhuoQHJW	
FZZhuoYTJW	方正卓越体 简	train	FZZhuoYTJW	
FZZiHJW	FZZiHJW	train	FZZiHJW	
FZZiRTJW-EB	FZZiRTJW-EB	train	FZZiRTJW-EB	
FZZiZDKJW	FZZiZDKJW	train	FZZiZDKJW	
FZZiZLDJW	FZZiZLDJW	train	FZZiZLDJW	
FZZiZQXDCJW	FZZiZQXDCJW	train	FZZiZQXDCJW	
FZZuanSTJW	方正钻石体 简	train	FZZuanSTJW	FZZuanSTJW_Da
FZZuanSTJW_Da	FZZuanSTJW_Da	train	FZZuanSTJW	FZZuanSTJW
FZZuoZJHJW-B	FZZuoZJHJW-B	train	FZZuoZJHJW-B	FZZuoZJHJW-T
FZZuoZJHJW-T	方正左佐巨黑 简 Thin	train	FZZuoZJHJW-B	FZZuoZJHJW-B
FZZuoZYXTJW-B	方正左佐雨线体 简 Bold	train	FZZuoZYXTJW-B	FZZuoZYXTJW-R
FZZuoZYXTJW-R	方正左佐雨线体 简	train	FZZuoZYXTJW-B	FZZuoZYXTJW-B
FZquanfuti	FZquanfuti	train	FZquanfuti	
STFZRTXSJ	书体坊张瑞图行草 简	train	STFZRTXSJ	
TSTanHJW-R	TSTanHJW-R	train	TSTanHJW-R	
ZJZhuangSHJ-T	字加装饰黑 简 Thin	train	ZJZhuangSHJ-T	
ZKTBanQTFU	字酷堂板橋體 繁U	train	ZKTBanQTFU	
ZKTMingXTFU	字酷堂明行體 繁U	train	ZKTMingXTFU	
fc4a8715	手迹志强毛笔行楷	train	fc4a8715	
fzsj_1275625	手迹玩偶体	train	fzsj_1275625	
fzsj_1275627	手迹小樱花体	train	fzsj_1275627	
fzsj_1275635	手迹小骨体	train	fzsj_1275635	
fzsj_1522777	手迹音乐体	train	fzsj_1522777	
fzsj_1928053	少女心事	train	fzsj_1928053	
fzsj_1966669	手迹我的意中人	train	fzsj_1966669	
fzsj_1966674	手迹新年新气象	train	fzsj_1966674	
fzsj_1966717	手迹笔芯体	train	fzsj_1966717	
fzsj_1966721	手迹爱心吧噗	train	fzsj_1966721	
fzsj_1966722	小人鱼的眼泪_YS	train	fzsj_1966722	
fzsj_1966797	午夜小恶鬼	train	fzsj_1966797	
fzsj_1967025	谈恋爱不如养猫	train	fzsj_1967025	
fzsj_2017088	手迹骨小骨体	train	fzsj_2017088	
fzsj_2127126	新天使之翼	train	fzsj_2127126	
fzsj_2135224	月牙美楷	train	fzsj_2135224	
fzsj_2173041	喵趣体	train	fzsj_2173041	
fzsj_2187650	洪体	train	fzsj_2187650	
fzsj_2187909	何须渡清欢	train	fzsj_2187909	
fzsj_2187928	深沉如山温煦如风	train	fzsj_2187928	
fzsj_2261418	我怕来者不是你	train	fzsj_2261418	
fzsj_2923481	清晰护眼复古像素	train	fzsj_2923481	
fzsj_2923966	复古像素粗体	train	fzsj_2923966	
FZBangSKKXJW	FZBangSKKXJW	val	FZBangSKKXJW	
FZCaoQBLSJW	FZCaoQBLSJW	val	FZCaoQBLSJW	
FZFWZhuZiHeiB	FZFWZhuZiHeiB	val	FZFWZhuZiHeiB	
FZHengFSJW-T	FZHengFSJW-T	val	FZHengFSJW-T	
FZHuangTJXSJW	方正黄庭坚行书 简	val	FZHuangTJXSJW	
FZJunYTJW-H	FZJunYTJW-H	val	FZJunYTJW-H	
FZKANGJW	FZKANGJW	val	FZKANGJW	
FZKuaiHTJW	方正快活体 简	val	FZKuaiHTJW	FZKuaiHTJW_Te
FZKuaiHTJW_Te	FZKuaiHTJW_Te	val	FZKuaiHTJW	FZKuaiHTJW
FZLTHProGBK_H	FZLTHProGBK_H	val	FZLTHProGBK_H	
FZMiFXSJW	FZMiFXSJW	val	FZMiFXSJW	
FZQingYSJW-T	FZQingYSJW-T	val	FZQingYSJW-T	
FZSUXSFBCJW	方正苏新诗仿碑爨 简	val	FZSUXSFBCJW	
FZShouHCGTJW	方正手绘草稿体 简	val	FZShouHCGTJW	
FZShouHJW	方正手绘简体	val	FZShouHJW	FZShouHJW_Xi
FZShouHJW_Xi	方正手绘简体_细	val	FZShouHJW	FZShouHJW
FZSongKBXKJW-EB	FZSongKBXKJW-EB	val	FZSongKBXKJW-EB	
FZSuHJW	FZSuHJW	val	FZSuHJW	
FZVDLQianZHJW-B	方正VDL千兆黑 简 Bold	val	FZVDLQianZHJW-B	FZVDLQianZHJW-L
FZVDLQianZHJW-L	方正VDL千兆黑 简 Light	val	FZVDLQianZHJW-B	FZVDLQianZHJW-B
FZXianZTJW	方正仙阵体 简	val	FZXianZTJW	
FZYouHK_511M	FZYouHK_511M	val	FZYouHK_508R	FZYouHK_508R,FZYouHK_509R,FZYouHK_510M,FZYouHK_512B,FZYouHK_513B
FZZHJW	FZZHJW	val	FZZHJW	
FZZJ-XTJW	方正字迹-喜体 简	val	FZZJ-XTJW	
FZZanMTJW	方正赞美体 简	val	FZZanMTJW	FZZanMTJW_Te
FZZanMTJW_Te	FZZanMTJW_Te	val	FZZanMTJW	FZZanMTJW
FZZhiQCTJW-B	方正致青春体 简 Bold	val	FZZhiQCTJW-B	FZZhiQCTJW-L
FZZhiQCTJW-L	方正致青春体 简 Light	val	FZZhiQCTJW-B	FZZhiQCTJW-B
FZZhongYSJW	方正忠义宋 简	val	FZZhongYSJW	FZZhongYSJW_Te
FZZhongYSJW_Te	FZZhongYSJW_Te	val	FZZhongYSJW	FZZhongYSJW
FZZiZSFSJW	方正字斋宋非宋 简	val	FZZiZSFSJW	
fzsj_1966700	手迹成功点划体	val	fzsj_1966700	
FZBaiZHXTJW	方正白舟魂心体 简	test	FZBaiZHXTJW	
FZBuGTJW	FZBuGTJW	test	FZBuGTJW	
FZCYJW	方正彩云简体	test	FZCYJW	
FZChuangHJW_DB	FZChuangHJW_DB	test	FZChuangHJW_DB	
FZCuanBZBKSJW	FZCuanBZBKSJW	test	FZCuanBZBKSJW	
FZDeSHJW_515H	FZDeSHJW_515H	test	FZDeSHJW_507R	FZDeSHJW_507R,FZDeSHJW_508R,FZDeSHJW_509R,FZDeSHJW_510M,FZDeSHJW_511M,FZDeSHJW_512B,FZDeSHJW_513B,FZDeSHJW_514H
FZDouNTJW	方正斗牛体 简	test	FZDouNTJW	FZDouNTJW_Te
FZDouNTJW_Te	FZDouNTJW_Te	test	FZDouNTJW	FZDouNTJW
FZFeiHHJW-H	FZFeiHHJW-H	test	FZFeiHHJW-H	FZFeiHHJW-T
FZFeiHHJW-T	方正飞虹黑 简 Thin	test	FZFeiHHJW-H	FZFeiHHJW-H
FZFengYKSJ	FZFengYKSJ	test	FZFengYKSJ	
FZFuXTJW	方正复兴体 简	test	FZFuXTJW	
FZHanBTJW	方正寒冰体 简	test	FZHanBTJW	FZHanBTJW_Da,FZHanBTJW_Xi
FZHanBTJW_Da	方正寒冰体 简 ExtraBold	test	FZHanBTJW	FZHanBTJW,FZHanBTJW_Xi
FZHanBTJW_Xi	方正寒冰体 简 Light	test	FZHanBTJW	FZHanBTJW,FZHanBTJW_Da
FZHanWZKJW	FZHanWZKJW	test	FZHanWZKJW	
FZHuoYYJW-L	方正活意圆 简 Light	test	FZHuoYYJW-L	FZHuoYYJW-T
FZHuoYYJW-T	FZHuoYYJW-T	test	FZHuoYYJW-L	FZHuoYYJW-L
FZJianLTJW	方正健力体 简	test	FZJianLTJW	FZJianLTJW_Te
FZJianLTJW_Te	FZJianLTJW_Te	test	FZJianLTJW	FZJianLTJW
FZJingLTJW-H	FZJingLTJW-H	test	FZJingLTJW-H	
FZJingYLLTJW	FZJingYLLTJW	test	FZJingYLLTJW	
FZLingFKSJW-B	FZLingFKSJW-B	test	FZLingFKSJW-B	
FZLiuGQKJW-L	FZLiuGQKJW-L	test	FZLiuGQKJW-L	
FZMaWDBSJW	FZMaWDBSJW	test	FZMaWDBSJW	
FZTJLSJW	FZTJLSJW	test	FZTJLSJW	
FZXSHJW	方正细珊瑚简体	test	FZXSHJW	
FZZJ-HLYHXWJW	方正字迹-黄陵野鹤行魏 简	test	FZZJ-HLYHXWJW	
FZZJ-KFTXKJW	方正字迹-侃夫体行楷 简	test	FZZJ-KFTXKJW	
FZZJ-MJZCFU	方正字迹-明瑾章草 繁U	test	FZZJ-MJZCFU	
ee347e17	手迹几何空心字	test	ee347e17	
fzsj_1275648	手迹天使之翼体	test	fzsj_1275648	
