model,step,protocol,split,generation_shot,script,n,fonts,logit,font_sd,cosine,gt_logit
I0,10000,formal4096,val,1,ALL,1024,16,1.011444939453213,0.20410601194725012,0.75339029575116,1.0413747928541852
I0,10000,formal4096,val,1,bopomofo,144,9,1.1133394493824906,0.2198670442856269,0.7986528351902962,1.1807665295071073
I0,10000,formal4096,val,1,kana,168,14,1.1755038868813288,0.22011227539571682,0.8118001602235294,1.268631630000614
I0,10000,formal4096,val,1,latin,712,16,0.9740391990260553,0.22392509002224237,0.7348063204456897,0.9695153600079456
I0,10000,formal4096,val,2,ALL,1024,16,1.0560684821139148,0.16053022879762904,0.7645376093569212,1.0413747928541852
I0,10000,formal4096,val,2,bopomofo,144,9,1.1122753749498062,0.1806239751169349,0.7977517938448323,1.1807665295071073
I0,10000,formal4096,val,2,kana,168,14,1.2243413540224235,0.20087519173147514,0.8266361598812398,1.268631630000614
I0,10000,formal4096,val,2,latin,712,16,1.0239162749223132,0.1738935488810129,0.7466449109809055,0.9695153600079456
I0,10000,formal4096,val,4,ALL,1024,16,1.0478798604308395,0.18821572966980354,0.7629128941916861,1.0413747928541852
I0,10000,formal4096,val,4,bopomofo,144,9,1.147626020699843,0.1980258869864589,0.80055157509115,1.1807665295071073
I0,10000,formal4096,val,4,kana,168,14,1.2439603780706723,0.2197131906719617,0.8302650111062186,1.268631630000614
I0,10000,formal4096,val,4,latin,712,16,1.004500391765573,0.18986664290270014,0.7437649493861415,0.9695153600079456
I0,10000,formal4096,val,8,ALL,1024,16,1.0489119652447698,0.19631088563215798,0.7615932683111168,1.0413747928541852
I0,10000,formal4096,val,8,bopomofo,144,9,1.1739622956762712,0.1777620147807314,0.803586970600817,1.1807665295071073
I0,10000,formal4096,val,8,kana,168,14,1.2586281873019678,0.20179220489678495,0.8357891890974272,1.268631630000614
I0,10000,formal4096,val,8,latin,712,16,0.9982326538077974,0.2057586910016586,0.7407796427860764,0.9695153600079456
I0,10000,formal4096,val,ALL,ALL,4096,16,1.0410763118106843,0.1803949243185275,0.760608516902721,1.0413747928541852
I0,10000,formal4096,val,ALL,bopomofo,576,9,1.1368007851771027,0.18822659452135101,0.8001357936817739,1.1807665295071073
I0,10000,formal4096,val,ALL,kana,672,14,1.2256084515690981,0.20698393798211565,0.8261226300771037,1.268631630000614
I0,10000,formal4096,val,ALL,latin,2848,16,1.0001721298804347,0.19059146600096574,0.7414989558997033,0.9695153600079456
I0,10000,matched4888,test,1,ALL,752,16,0.8594230071423535,0.3836241928206972,0.6995731053596481,0.8127164838630012
I0,10000,matched4888,test,1,bopomofo,48,16,0.8925542147286857,0.468565508867025,0.7246057813366255,-0.11351883116488658
I0,10000,matched4888,test,1,kana,112,16,0.8481870455600853,0.4373099557466933,0.7263707712824856,0.9005733998159745
I0,10000,matched4888,test,1,latin,592,16,0.8588624154752422,0.38249809780822713,0.692473600240978,0.8711950658471324
I0,10000,matched4888,test,2,ALL,752,16,0.9223775094389876,0.3172000368899479,0.7188713329031746,0.8127164838630012
I0,10000,matched4888,test,2,bopomofo,48,16,0.9774751037669679,0.4161956528478671,0.7531485867997011,-0.11351883116488658
I0,10000,matched4888,test,2,kana,112,16,0.9651520705914923,0.38629033301010085,0.7605470488114017,0.9005733998159745
I0,10000,matched4888,test,2,latin,592,16,0.9098176523835423,0.3165278230585299,0.7082075011991972,0.8711950658471324
I0,10000,matched4888,test,4,ALL,752,16,0.9275597297026716,0.2744119400094581,0.723909659667852,0.8127164838630012
I0,10000,matched4888,test,4,bopomofo,48,16,1.0135763777264704,0.3620891921752613,0.7562120718260607,-0.11351883116488658
I0,10000,matched4888,test,4,kana,112,16,0.9593554849769654,0.343245074322592,0.7653565774006503,0.9005733998159745
I0,10000,matched4888,test,4,latin,592,16,0.9145699937299296,0.26819173366452903,0.7134492364082787,0.8711950658471324
I0,10000,matched4888,test,8,ALL,752,16,0.9557881853196453,0.26498451842037707,0.7265672436419954,0.8127164838630012
I0,10000,matched4888,test,8,bopomofo,48,16,0.9922997378744185,0.36699798109723314,0.7517895878603061,-0.11351883116488658
I0,10000,matched4888,test,8,kana,112,16,0.9927533568115905,0.36015470923080756,0.7697862168507916,0.9005733998159745
I0,10000,matched4888,test,8,latin,592,16,0.9458343783437552,0.25488730255940795,0.7163456262064141,0.8711950658471324
I0,10000,matched4888,test,ALL,ALL,3008,16,0.9162871079009145,0.299882583033153,0.7172303353931675,0.8127164838630012
I0,10000,matched4888,test,ALL,bopomofo,192,16,0.9689763585241357,0.38062592399329753,0.7464390069556733,-0.11351883116488658
I0,10000,matched4888,test,ALL,kana,448,16,0.9413619894850334,0.36083633286366695,0.7555151535863323,0.9005733998159745
I0,10000,matched4888,test,ALL,latin,2368,16,0.9072711099831173,0.29675700575894887,0.707618991013717,0.8711950658471324
I0,10000,matched4888,train,1,ALL,235,5,1.0554423296229636,0.21322567483301985,0.7619413396145435,0.9791871450048812
I0,10000,matched4888,train,1,bopomofo,15,5,1.2299509286880492,0.14371759242077253,0.840233039855957,-0.28469860553741455
I0,10000,matched4888,train,1,kana,35,5,1.269125726393291,0.1340827690343175,0.8649560758045741,0.42224174056734354
I0,10000,matched4888,train,1,latin,185,5,1.0008663951746515,0.2434389841906497,0.7361040895049636,1.1870324175100069
I0,10000,matched4888,train,2,ALL,235,5,1.093468398299623,0.1872760565021077,0.7652322632201175,0.9791871450048812
I0,10000,matched4888,train,2,bopomofo,15,5,1.2360115766525268,0.1914717192661625,0.8443141738573711,-0.28469860553741455
I0,10000,matched4888,train,2,kana,35,5,1.2668703734874724,0.12214873319941014,0.8694293413843427,0.42224174056734354
I0,10000,matched4888,train,2,latin,185,5,1.0491050642084432,0.20778086100778656,0.7391072556779191,1.1870324175100069
I0,10000,matched4888,train,4,ALL,235,5,1.110563738422191,0.1597151452233037,0.7736645236928412,0.9791871450048812
I0,10000,matched4888,train,4,bopomofo,15,5,1.2575617512067159,0.1280855639275299,0.8561972538630167,-0.28469860553741455
I0,10000,matched4888,train,4,kana,35,5,1.3012977821486338,0.11537130563604031,0.873516537461962,0.42224174056734354
I0,10000,matched4888,train,4,latin,185,5,1.06256016154547,0.1746745722595168,0.7480817591821826,1.1870324175100069
I0,10000,matched4888,train,8,ALL,235,5,1.1323196540487572,0.1538407492678514,0.7789281739833507,0.9791871450048812
I0,10000,matched4888,train,8,bopomofo,15,5,1.2764066934585572,0.1372768737227148,0.8538276076316833,-0.28469860553741455
I0,10000,matched4888,train,8,kana,35,5,1.3213148593902588,0.08393494875752719,0.8803862827164787,0.42224174056734354
I0,10000,matched4888,train,8,latin,185,5,1.0848810714644355,0.17050280604156728,0.7536604696028941,1.1870324175100069
I0,10000,matched4888,train,ALL,ALL,940,5,1.0979485300983838,0.17766436465396285,0.7699415751277132,0.9791871450048812
I0,10000,matched4888,train,ALL,bopomofo,60,5,1.2499827375014623,0.14388195098353807,0.848643018802007,-0.28469860553741455
I0,10000,matched4888,train,ALL,kana,140,5,1.2896521853549139,0.11201513691605461,0.8720720593418394,0.42224174056734354
I0,10000,matched4888,train,ALL,latin,740,5,1.04935317309825,0.19753814724632496,0.7442383934919898,1.1870324175100069
I0,10000,matched4888,val,1,ALL,235,5,0.8655655559786457,0.15412222886044077,0.7272258049630105,0.85677358600846
I0,10000,matched4888,val,1,bopomofo,15,5,1.059129959344864,0.19340180665107828,0.7763477126757304,0.8643706103165945
I0,10000,matched4888,val,1,kana,35,5,0.9661555764930588,0.16694007547064021,0.7933341784136636,0.40703640580177314
I0,10000,matched4888,val,1,latin,185,5,0.8308406004732525,0.17811519781543755,0.7107359580091528,0.9412430235360925
I0,10000,matched4888,val,2,ALL,235,5,0.9332346479626412,0.1800712611186492,0.7315285335829917,0.85677358600846
I0,10000,matched4888,val,2,bopomofo,15,5,1.115263835589091,0.11721602323676453,0.7850981791814168,0.8643706103165945
I0,10000,matched4888,val,2,kana,35,5,1.0755426600575446,0.11234618308958874,0.8117053627967834,0.40703640580177314
I0,10000,matched4888,val,2,latin,185,5,0.8915523872182176,0.20882310744366941,0.7120164594940237,0.9412430235360925
I0,10000,matched4888,val,4,ALL,235,5,0.9509695246419374,0.17369521913349412,0.7395590240650989,0.85677358600846
I0,10000,matched4888,val,4,bopomofo,15,5,1.1414846420288085,0.11622188907781299,0.7926199118296305,0.8643706103165945
I0,10000,matched4888,val,4,kana,35,5,1.0849829239504678,0.09937673607388038,0.8201591849327088,0.40703640580177314
I0,10000,matched4888,val,4,latin,185,5,0.910168466606253,0.19722246852795383,0.7200081108389674,0.9412430235360925
I0,10000,matched4888,val,8,ALL,235,5,0.9642305596949572,0.162479604704219,0.74502569830164,0.85677358600846
I0,10000,matched4888,val,8,bopomofo,15,5,1.1608256141344706,0.17762548194441605,0.7988439758618673,0.8643706103165945
I0,10000,matched4888,val,8,kana,35,5,1.0755692430904933,0.14037173549540047,0.8189610259873527,0.40703640580177314
I0,10000,matched4888,val,8,latin,185,5,0.9272263449088142,0.1735044568758532,0.7266742894778381,0.9412430235360925
I0,10000,matched4888,val,ALL,ALL,940,5,0.9285000720695454,0.15879197705975429,0.7358347652281853,0.85677358600846
I0,10000,matched4888,val,ALL,bopomofo,60,5,1.1191760127743084,0.10988799651815083,0.7882274448871612,0.8643706103165945
I0,10000,matched4888,val,ALL,kana,140,5,1.0505626008978912,0.10691775150847488,0.8110399380326271,0.40703640580177314
I0,10000,matched4888,val,ALL,latin,740,5,0.8899469498016344,0.18029972385907855,0.7173587044549955,0.9412430235360925
I1,2000,val192,val,1,ALL,64,16,1.1320966267958283,0.2172061975286824,0.7746665338054299,0.9987888723844662
I1,2000,val192,val,1,latin,64,16,1.1320966267958283,0.2172061975286824,0.7746665338054299,0.9987888723844662
I1,2000,val192,val,4,ALL,64,16,1.134967168327421,0.21489724709725955,0.7800156492739916,0.9987888723844662
I1,2000,val192,val,4,latin,64,16,1.134967168327421,0.21489724709725955,0.7800156492739916,0.9987888723844662
I1,2000,val192,val,8,ALL,64,16,1.1701855878345668,0.17951389041898497,0.791348485276103,0.9987888723844662
I1,2000,val192,val,8,latin,64,16,1.1701855878345668,0.17951389041898497,0.791348485276103,0.9987888723844662
I1,2000,val192,val,ALL,ALL,192,16,1.145749794319272,0.18824199514860804,0.7820102227851748,0.9987888723844662
I1,2000,val192,val,ALL,latin,192,16,1.145749794319272,0.18824199514860804,0.7820102227851748,0.9987888723844662
I1,4000,val192,val,1,ALL,64,16,1.1090587940998375,0.27072432710687894,0.7708171484991908,0.9987888723844662
I1,4000,val192,val,1,latin,64,16,1.1090587940998375,0.27072432710687894,0.7708171484991908,0.9987888723844662
I1,4000,val192,val,4,ALL,64,16,1.0953716521617025,0.2393033961895766,0.772928417660296,0.9987888723844662
I1,4000,val192,val,4,latin,64,16,1.0953716521617025,0.2393033961895766,0.772928417660296,0.9987888723844662
I1,4000,val192,val,8,ALL,64,16,1.1238995781168342,0.2196451943964721,0.781416310928762,0.9987888723844662
I1,4000,val192,val,8,latin,64,16,1.1238995781168342,0.2196451943964721,0.781416310928762,0.9987888723844662
I1,4000,val192,val,ALL,ALL,192,16,1.109443341459458,0.22099184502554647,0.7750539590294163,0.9987888723844662
I1,4000,val192,val,ALL,latin,192,16,1.109443341459458,0.22099184502554647,0.7750539590294163,0.9987888723844662
I1,6000,val192,val,1,ALL,64,16,1.1217021403135732,0.27872133353792006,0.7717045852914453,0.9987888723844662
I1,6000,val192,val,1,latin,64,16,1.1217021403135732,0.27872133353792006,0.7717045852914453,0.9987888723844662
I1,6000,val192,val,4,ALL,64,16,1.1409159605391324,0.2376433374595421,0.781899543479085,0.9987888723844662
I1,6000,val192,val,4,latin,64,16,1.1409159605391324,0.2376433374595421,0.781899543479085,0.9987888723844662
I1,6000,val192,val,8,ALL,64,16,1.139341352507472,0.23142805624028703,0.7812113389372826,0.9987888723844662
I1,6000,val192,val,8,latin,64,16,1.139341352507472,0.23142805624028703,0.7812113389372826,0.9987888723844662
I1,6000,val192,val,ALL,ALL,192,16,1.1339864844533925,0.21902717122966853,0.778271822569271,0.9987888723844662
I1,6000,val192,val,ALL,latin,192,16,1.1339864844533925,0.21902717122966853,0.778271822569271,0.9987888723844662
I1,8000,val192,val,1,ALL,64,16,1.1265969619562384,0.25867472073716324,0.7679822435602546,0.9987888723844662
I1,8000,val192,val,1,latin,64,16,1.1265969619562384,0.25867472073716324,0.7679822435602546,0.9987888723844662
I1,8000,val192,val,4,ALL,64,16,1.1188823338598013,0.299423386400417,0.7753791054710746,0.9987888723844662
I1,8000,val192,val,4,latin,64,16,1.1188823338598013,0.299423386400417,0.7753791054710746,0.9987888723844662
I1,8000,val192,val,8,ALL,64,16,1.1444107741117477,0.26335852149294114,0.7815876351669431,0.9987888723844662
I1,8000,val192,val,8,latin,64,16,1.1444107741117477,0.26335852149294114,0.7815876351669431,0.9987888723844662
I1,8000,val192,val,ALL,ALL,192,16,1.1299633566425957,0.2302615251652576,0.7749829947327574,0.9987888723844662
I1,8000,val192,val,ALL,latin,192,16,1.1299633566425957,0.2302615251652576,0.7749829947327574,0.9987888723844662
I1,10000,formal4096,val,1,ALL,1024,16,1.1405932632569602,0.16437489303033254,0.787654037354514,1.0413747928541852
I1,10000,formal4096,val,1,bopomofo,144,9,1.2662622146308422,0.24016740885222324,0.8322402785221735,1.1807665295071073
I1,10000,formal4096,val,1,kana,168,14,1.226084363957246,0.20946075536585348,0.8292546247442564,1.268631630000614
I1,10000,formal4096,val,1,latin,712,16,1.1108325026089005,0.16591546009617467,0.7707775045279811,0.9695153600079456
I1,10000,formal4096,val,2,ALL,1024,16,1.169221393429325,0.14477691957092148,0.795370625302894,1.0413747928541852
I1,10000,formal4096,val,2,bopomofo,144,9,1.2924331633581057,0.1952110515546584,0.8342207030703624,1.1807665295071073
I1,10000,formal4096,val,2,kana,168,14,1.2711924857326917,0.19088033171696572,0.8396628144241515,1.268631630000614
I1,10000,formal4096,val,2,latin,712,16,1.134947564746599,0.14155721624227344,0.7789854963298123,0.9695153600079456
I1,10000,formal4096,val,4,ALL,1024,16,1.1635276095457812,0.15801486270844264,0.794357647333527,1.0413747928541852
I1,10000,formal4096,val,4,bopomofo,144,9,1.2890200341741245,0.16696725410522315,0.8398123429053359,1.1807665295071073
I1,10000,formal4096,val,4,kana,168,14,1.2872683010285808,0.20596678842411456,0.8416439326746123,1.268631630000614
I1,10000,formal4096,val,4,latin,712,16,1.1246126904278575,0.16131866779253917,0.776126988022439,0.9695153600079456
I1,10000,formal4096,val,8,ALL,1024,16,1.1739872153193573,0.17875305259432966,0.7953097769350279,1.0413747928541852
I1,10000,formal4096,val,8,bopomofo,144,9,1.297445962826411,0.16276444671783577,0.8368051228009992,1.1807665295071073
I1,10000,formal4096,val,8,kana,168,14,1.291206846634547,0.20332614771614735,0.8434396719648725,1.268631630000614
I1,10000,formal4096,val,8,latin,712,16,1.134688165260461,0.18533853748606263,0.7775337461197578,0.9695153600079456
I1,10000,formal4096,val,ALL,ALL,4096,16,1.161832370387856,0.15401637153810102,0.7931730217314907,1.0413747928541852
I1,10000,formal4096,val,ALL,bopomofo,576,9,1.2862903437473707,0.18985040787793098,0.8357696118247178,1.1807665295071073
I1,10000,formal4096,val,ALL,kana,672,14,1.2689379993382663,0.1997197796522474,0.8385002609519732,1.268631630000614
I1,10000,formal4096,val,ALL,latin,2848,16,1.1262702307609544,0.15584776555017082,0.7758559337499975,0.9695153600079456
I1,10000,matched4888,test,1,ALL,752,16,0.8670720407526267,0.4369143507890365,0.7064411019946032,0.8127164838630012
I1,10000,matched4888,test,1,bopomofo,48,16,0.8708159460996588,0.4751485790801867,0.7127888103326162,-0.11351883116488658
I1,10000,matched4888,test,1,kana,112,16,0.8501366717142186,0.454934455270403,0.7211179879627058,0.9005733998159745
I1,10000,matched4888,test,1,latin,592,16,0.8699724695966201,0.4437177221311352,0.7031497147840422,0.8711950658471324
I1,10000,matched4888,test,2,ALL,752,16,0.9298378212050475,0.33638427639084106,0.7245127682752431,0.8127164838630012
I1,10000,matched4888,test,2,bopomofo,48,16,0.9637174499221146,0.3719069723094378,0.7464616571863493,-0.11351883116488658
I1,10000,matched4888,test,2,kana,112,16,0.9509696281248969,0.34825211839444,0.7534916315759931,0.9005733998159745
I1,10000,matched4888,test,2,latin,592,16,0.9230929148647733,0.3538150732758092,0.717250640982309,0.8711950658471324
I1,10000,matched4888,test,4,ALL,752,16,0.8983660058757449,0.40195917559866945,0.7202077796682715,0.8127164838630012
I1,10000,matched4888,test,4,bopomofo,48,16,0.9163439595140517,0.4395801092675465,0.7291244777540365,-0.11351883116488658
I1,10000,matched4888,test,4,kana,112,16,0.9339060674288443,0.33746761863994745,0.7478306953396117,0.9005733998159745
I1,10000,matched4888,test,4,latin,592,16,0.8901845385301607,0.4269653406666355,0.714258847128902,0.8711950658471324
I1,10000,matched4888,test,8,ALL,752,16,0.9645961985348703,0.33391829493013253,0.7295397531954532,0.8127164838630012
I1,10000,matched4888,test,8,bopomofo,48,16,1.0220186902830999,0.3026945026937856,0.7516400863726934,-0.11351883116488658
I1,10000,matched4888,test,8,kana,112,16,0.9989640042185783,0.2882204498537577,0.760996433773211,0.9005733998159745
I1,10000,matched4888,test,8,latin,592,16,0.9534383035340421,0.3693367708798989,0.7217965703961011,0.8711950658471324
I1,10000,matched4888,test,ALL,ALL,3008,16,0.9149680165920724,0.3589237208726644,0.7201753507833928,0.8127164838630012
I1,10000,matched4888,test,ALL,bopomofo,192,16,0.9432240114547312,0.3731579188185553,0.7350037579114239,-0.11351883116488658
I1,10000,matched4888,test,ALL,kana,448,16,0.9334940928716345,0.3323557025831119,0.7458591871628804,0.9005733998159745
I1,10000,matched4888,test,ALL,latin,2368,16,0.9091720566313991,0.3791508869113591,0.7141139433228385,0.8711950658471324
I1,10000,matched4888,train,1,ALL,235,5,1.0511836232657128,0.2593293046427226,0.7802734935537298,0.9791871450048812
I1,10000,matched4888,train,1,bopomofo,15,5,1.1638430953025818,0.21398275318532092,0.835766871770223,-0.28469860553741455
I1,10000,matched4888,train,1,kana,35,5,1.2153286908354077,0.19168568260813892,0.8603850977761405,0.42224174056734354
I1,10000,matched4888,train,1,latin,185,5,1.0109945992360243,0.27940512986990546,0.7606177810076121,1.1870324175100069
I1,10000,matched4888,train,2,ALL,235,5,1.1431737714546157,0.17906531733513226,0.7986929362124585,0.9791871450048812
I1,10000,matched4888,train,2,bopomofo,15,5,1.2505293488502502,0.15380652994757865,0.8609006245930989,-0.28469860553741455
I1,10000,matched4888,train,2,kana,35,5,1.2781139842101505,0.1679751023503359,0.873352517400469,0.42224174056734354
I1,10000,matched4888,train,2,latin,185,5,1.1089400357390578,0.18763122109501879,0.7795242839568369,1.1870324175100069
I1,10000,matched4888,train,4,ALL,235,5,1.198627227037511,0.10213724406406105,0.8175229453025981,0.9791871450048812
I1,10000,matched4888,train,4,bopomofo,15,5,1.3022101442019145,0.1612932750020153,0.8759453733762106,-0.28469860553741455
I1,10000,matched4888,train,4,kana,35,5,1.3055805904524667,0.13663017706883038,0.8816249711172921,0.42224174056734354
I1,10000,matched4888,train,4,latin,185,5,1.169994192026757,0.10377559210803837,0.8006585813857413,1.1870324175100069
I1,10000,matched4888,train,8,ALL,235,5,1.217403031314941,0.08348867021187954,0.8169092766782071,0.9791871450048812
I1,10000,matched4888,train,8,bopomofo,15,5,1.2975834012031555,0.1610905317713037,0.8746058503786723,-0.28469860553741455
I1,10000,matched4888,train,8,kana,35,5,1.319504475593567,0.10492670363430859,0.8810098137174334,0.42224174056734354
I1,10000,matched4888,train,8,latin,185,5,1.1915854307848055,0.08782918827414665,0.8001040474788563,1.1870324175100069
I1,10000,matched4888,train,ALL,ALL,940,5,1.1525969132681952,0.1513765424388344,0.8033496629367484,0.9791871450048812
I1,10000,matched4888,train,ALL,bopomofo,60,5,1.2535414973894754,0.15087505909833698,0.8618046800295511,-0.28469860553741455
I1,10000,matched4888,train,ALL,kana,140,5,1.279631935272898,0.1464434797795305,0.8740931000028338,0.42224174056734354
I1,10000,matched4888,train,ALL,latin,740,5,1.120378564446661,0.15989518825138427,0.7852261734572616,1.1870324175100069
I1,10000,matched4888,val,1,ALL,235,5,1.0160099401990785,0.14333770468163975,0.7454141249047949,0.85677358600846
I1,10000,matched4888,val,1,bopomofo,15,5,1.0295236984888712,0.23383867015399895,0.7719188531239828,0.8643706103165945
I1,10000,matched4888,val,1,kana,35,5,1.0724343248776027,0.1443565765055091,0.7865734321730478,0.40703640580177314
I1,10000,matched4888,val,1,latin,185,5,1.0042393464796446,0.14006697052026013,0.7354781969173535,0.9412430235360925
I1,10000,matched4888,val,2,ALL,235,5,0.903832932720159,0.31367859016177696,0.7147336574310952,0.85677358600846
I1,10000,matched4888,val,2,bopomofo,15,5,0.8757930889725685,0.36819129438537634,0.7301015694936116,0.8643706103165945
I1,10000,matched4888,val,2,kana,35,5,0.9752100327185221,0.2637524367295353,0.7657573069844927,0.40703640580177314
I1,10000,matched4888,val,2,latin,185,5,0.8926026578891921,0.32175478565990945,0.7038344876186268,0.9412430235360925
I1,10000,matched4888,val,4,ALL,235,5,0.8817563161491714,0.28644699272852236,0.7144372054871092,0.85677358600846
I1,10000,matched4888,val,4,bopomofo,15,5,0.890224804977576,0.3477693981098013,0.7327921291192373,0.8643706103165945
I1,10000,matched4888,val,4,kana,35,5,0.9952012504850115,0.2701910540901709,0.7729686856269836,0.40703640580177314
I1,10000,matched4888,val,4,latin,185,5,0.8596071267752229,0.2894280556070151,0.7018754451661496,0.9412430235360925
I1,10000,matched4888,val,8,ALL,235,5,1.0103923806088402,0.1826931914481233,0.7455257422112403,0.85677358600846
I1,10000,matched4888,val,8,bopomofo,15,5,1.0378226697444917,0.15902445201725202,0.7737030982971191,0.8643706103165945
I1,10000,matched4888,val,8,kana,35,5,1.0669940633433206,0.1951473967524614,0.7979955213410513,0.40703640580177314
I1,10000,matched4888,val,8,latin,185,5,0.9974598766480748,0.19589899050934972,0.733314376747286,0.9412430235360925
I1,10000,matched4888,val,ALL,ALL,940,5,0.9529978924193122,0.2059586770879751,0.7300276825085599,0.85677358600846
I1,10000,matched4888,val,ALL,bopomofo,60,5,0.9583410655458768,0.2697723338980699,0.7521289125084877,0.8643706103165945
I1,10000,matched4888,val,ALL,kana,140,5,1.0274599178561141,0.20317936403821338,0.7808237365313939,0.40703640580177314
I1,10000,matched4888,val,ALL,latin,740,5,0.9384772519480337,0.20611453710199484,0.718625626612354,0.9412430235360925
I2,2000,val192,val,1,ALL,64,16,1.1054542157799006,0.2329519351298324,0.7651177635416389,0.9987888723844662
I2,2000,val192,val,1,latin,64,16,1.1054542157799006,0.2329519351298324,0.7651177635416389,0.9987888723844662
I2,2000,val192,val,4,ALL,64,16,1.1306293057277799,0.20110805185377803,0.769487970508635,0.9987888723844662
I2,2000,val192,val,4,latin,64,16,1.1306293057277799,0.20110805185377803,0.769487970508635,0.9987888723844662
I2,2000,val192,val,8,ALL,64,16,1.1301421920070425,0.20458753306310484,0.7715278044342995,0.9987888723844662
I2,2000,val192,val,8,latin,64,16,1.1301421920070425,0.20458753306310484,0.7715278044342995,0.9987888723844662
I2,2000,val192,val,ALL,ALL,192,16,1.122075237838241,0.19447245997674675,0.7687111794948578,0.9987888723844662
I2,2000,val192,val,ALL,latin,192,16,1.122075237838241,0.19447245997674675,0.7687111794948578,0.9987888723844662
I2,4000,val192,val,1,ALL,64,16,1.0917300118308049,0.2596902666260568,0.7625852283090353,0.9987888723844662
I2,4000,val192,val,1,latin,64,16,1.0917300118308049,0.2596902666260568,0.7625852283090353,0.9987888723844662
I2,4000,val192,val,4,ALL,64,16,1.0732532262336463,0.2202765663292343,0.7646732199937105,0.9987888723844662
I2,4000,val192,val,4,latin,64,16,1.0732532262336463,0.2202765663292343,0.7646732199937105,0.9987888723844662
I2,4000,val192,val,8,ALL,64,16,1.1156443594954908,0.21749930299760942,0.778676331974566,0.9987888723844662
I2,4000,val192,val,8,latin,64,16,1.1156443594954908,0.21749930299760942,0.778676331974566,0.9987888723844662
I2,4000,val192,val,ALL,ALL,192,16,1.0935425325199806,0.1996452680468281,0.7686449267591039,0.9987888723844662
I2,4000,val192,val,ALL,latin,192,16,1.0935425325199806,0.1996452680468281,0.7686449267591039,0.9987888723844662
I2,6000,val192,val,1,ALL,64,16,1.1322241807356477,0.25731341913139766,0.7681610072031617,0.9987888723844662
I2,6000,val192,val,1,latin,64,16,1.1322241807356477,0.25731341913139766,0.7681610072031617,0.9987888723844662
I2,6000,val192,val,4,ALL,64,16,1.113967635203153,0.2115435337114495,0.7718324670568109,0.9987888723844662
I2,6000,val192,val,4,latin,64,16,1.113967635203153,0.2115435337114495,0.7718324670568109,0.9987888723844662
I2,6000,val192,val,8,ALL,64,16,1.1545108027057722,0.25925726465593824,0.7851805668324232,0.9987888723844662
I2,6000,val192,val,8,latin,64,16,1.1545108027057722,0.25925726465593824,0.7851805668324232,0.9987888723844662
I2,6000,val192,val,ALL,ALL,192,16,1.133567539548191,0.2183298576878351,0.7750580136974653,0.9987888723844662
I2,6000,val192,val,ALL,latin,192,16,1.133567539548191,0.2183298576878351,0.7750580136974653,0.9987888723844662
I2,8000,val192,val,1,ALL,64,16,1.1300293144304305,0.26688374341265936,0.7685809871181846,0.9987888723844662
I2,8000,val192,val,1,latin,64,16,1.1300293144304305,0.26688374341265936,0.7685809871181846,0.9987888723844662
I2,8000,val192,val,4,ALL,64,16,1.1319289347156882,0.2393266107425068,0.773199544288218,0.9987888723844662
I2,8000,val192,val,4,latin,64,16,1.1319289347156882,0.2393266107425068,0.773199544288218,0.9987888723844662
I2,8000,val192,val,8,ALL,64,16,1.1607248396612704,0.23667921848763632,0.7842827280983329,0.9987888723844662
I2,8000,val192,val,8,latin,64,16,1.1607248396612704,0.23667921848763632,0.7842827280983329,0.9987888723844662
I2,8000,val192,val,ALL,ALL,192,16,1.1408943629357964,0.22631158308200108,0.7753544198349118,0.9987888723844662
I2,8000,val192,val,ALL,latin,192,16,1.1408943629357964,0.22631158308200108,0.7753544198349118,0.9987888723844662
I2,10000,formal4096,val,1,ALL,1024,16,1.1499161583105888,0.16515965667200738,0.7896508157427888,1.0413747928541852
I2,10000,formal4096,val,1,bopomofo,144,9,1.250128326109714,0.23086704803894603,0.8280684668570757,1.1807665295071073
I2,10000,formal4096,val,1,kana,168,14,1.2721569247189022,0.1856439944738006,0.842018171257916,1.268631630000614
I2,10000,formal4096,val,1,latin,712,16,1.1160985005474366,0.16306405885425027,0.770912178088095,0.9695153600079456
I2,10000,formal4096,val,2,ALL,1024,16,1.1802971936631366,0.14867649924789267,0.8016168684407603,1.0413747928541852
I2,10000,formal4096,val,2,bopomofo,144,9,1.283943792598115,0.1964922360338698,0.8468373844193088,1.1807665295071073
I2,10000,formal4096,val,2,kana,168,14,1.2948647066950798,0.17867597756742726,0.8508609054344041,1.268631630000614
I2,10000,formal4096,val,2,latin,712,16,1.1462474656630695,0.14633676862614436,0.7822386318995342,0.9695153600079456
I2,10000,formal4096,val,4,ALL,1024,16,1.174580239833631,0.1657248249870613,0.7991581761743873,1.0413747928541852
I2,10000,formal4096,val,4,bopomofo,144,9,1.2671988122165203,0.2126833660663858,0.8431508214109473,1.1807665295071073
I2,10000,formal4096,val,4,kana,168,14,1.308391935413792,0.20506821914137044,0.8522712909394786,1.268631630000614
I2,10000,formal4096,val,4,latin,712,16,1.1375381418506898,0.16227966252940637,0.7790254137685729,0.9695153600079456
I2,10000,formal4096,val,8,ALL,1024,16,1.1951405976869864,0.17848237824875288,0.8028296162374318,1.0413747928541852
I2,10000,formal4096,val,8,bopomofo,144,9,1.280162075534463,0.20879411624642744,0.8440071642398834,1.1807665295071073
I2,10000,formal4096,val,8,kana,168,14,1.3166815485982668,0.20224213074121836,0.8530404599649566,1.268631630000614
I2,10000,formal4096,val,8,latin,712,16,1.1598688859602488,0.18364996632883365,0.7832014971513711,0.9695153600079456
I2,10000,formal4096,val,ALL,ALL,4096,16,1.1749835473735857,0.15971000575986838,0.7983138691488421,1.0413747928541852
I2,10000,formal4096,val,ALL,bopomofo,576,9,1.2703582516147032,0.20971795522395298,0.8405159592318038,1.1807665295071073
I2,10000,formal4096,val,ALL,kana,672,14,1.2980237788565103,0.1895065793678152,0.8495477068991888,1.268631630000614
I2,10000,formal4096,val,ALL,latin,2848,16,1.1399382485053613,0.15840181735194503,0.7788444302268933,0.9695153600079456
I2,10000,matched4888,test,1,ALL,752,16,0.8783811570536544,0.3972722698578129,0.7110264467352883,0.8127164838630012
I2,10000,matched4888,test,1,bopomofo,48,16,0.9582520521556338,0.44254017583341343,0.735386730482181,-0.11351883116488658
I2,10000,matched4888,test,1,kana,112,16,0.877762676000462,0.4803379222213235,0.7315200905182532,0.9005733998159745
I2,10000,matched4888,test,1,latin,592,16,0.8720221484608546,0.3926155356474434,0.705174112742817,0.8711950658471324
I2,10000,matched4888,test,2,ALL,752,16,0.9678196424241872,0.29106712766342174,0.7316908233977378,0.8127164838630012
I2,10000,matched4888,test,2,bopomofo,48,16,1.0283787768955033,0.3383903003088003,0.7564846463501453,-0.11351883116488658
I2,10000,matched4888,test,2,kana,112,16,0.9972458549642137,0.29681230548339077,0.7650277407041618,0.9005733998159745
I2,10000,matched4888,test,2,latin,592,16,0.9573423210405618,0.30987222614345006,0.7233735290733544,0.8711950658471324
I2,10000,matched4888,test,4,ALL,752,16,0.9480793142141378,0.3649662094835242,0.7335219913102845,0.8127164838630012
I2,10000,matched4888,test,4,bopomofo,48,16,0.9761647690708438,0.4087024143014337,0.7503739111125469,-0.11351883116488658
I2,10000,matched4888,test,4,kana,112,16,0.985345880101834,0.32626937496875763,0.7694077212363482,0.9005733998159745
I2,10000,matched4888,test,4,latin,592,16,0.9387516837875434,0.380454125625789,0.7253664272862512,0.8711950658471324
I2,10000,matched4888,test,8,ALL,752,16,1.0144164600493784,0.2806189943674515,0.7454802207648754,0.8127164838630012
I2,10000,matched4888,test,8,bopomofo,48,16,1.0533125099415581,0.27692339901490626,0.7635024214784304,-0.11351883116488658
I2,10000,matched4888,test,8,kana,112,16,1.0450004393767034,0.26784738751886494,0.7848186575408493,0.9005733998159745
I2,10000,matched4888,test,8,latin,592,16,1.0054765680232212,0.3047956069301466,0.7365765542899434,0.8711950658471324
I2,10000,matched4888,test,ALL,ALL,3008,16,0.9521741434353393,0.3189732094412117,0.7304298705520464,0.8127164838630012
I2,10000,matched4888,test,ALL,bopomofo,192,16,1.0040270270158846,0.34623679858015877,0.7514369273558259,-0.11351883116488658
I2,10000,matched4888,test,ALL,kana,448,16,0.9763387126108033,0.31674508829032544,0.7626935524999031,0.9005733998159745
I2,10000,matched4888,test,ALL,latin,2368,16,0.9433981803280452,0.3300953009086506,0.7226226558480915,0.8711950658471324
I2,10000,matched4888,train,1,ALL,235,5,1.050591422918629,0.2994541349386922,0.780747850778255,0.9791871450048812
I2,10000,matched4888,train,1,bopomofo,15,5,1.12068030834198,0.32987154431814286,0.8403231620788574,-0.28469860553741455
I2,10000,matched4888,train,1,kana,35,5,1.199258519921984,0.26789375449727454,0.8552284002304077,0.42224174056734354
I2,10000,matched4888,train,1,latin,185,5,1.0167823327755605,0.31201289851237735,0.7618265053710422,1.1870324175100069
I2,10000,matched4888,train,2,ALL,235,5,1.2111102675503873,0.11199283887320029,0.8183042932063975,0.9791871450048812
I2,10000,matched4888,train,2,bopomofo,15,5,1.2541013399759928,0.20706833371545372,0.872523816426595,-0.28469860553741455
I2,10000,matched4888,train,2,kana,35,5,1.2889584038938795,0.17305884405951025,0.8753783430371965,0.42224174056734354
I2,10000,matched4888,train,2,latin,185,5,1.1928964791265695,0.10933721250778375,0.8031103224367709,1.1870324175100069
I2,10000,matched4888,train,4,ALL,235,5,1.2346390691209348,0.08256906853595734,0.8255677984115926,0.9791871450048812
I2,10000,matched4888,train,4,bopomofo,15,5,1.294828677177429,0.16406415276952468,0.8880776524543762,-0.28469860553741455
I2,10000,matched4888,train,4,kana,35,5,1.3104810161249978,0.13275545311716372,0.8777069466454642,0.42224174056734354
I2,10000,matched4888,train,4,latin,185,5,1.2154103541696393,0.08668909251888103,0.8106352686882019,1.1870324175100069
I2,10000,matched4888,train,8,ALL,235,5,1.2521794147948002,0.072016254090608,0.824598983754503,0.9791871450048812
I2,10000,matched4888,train,8,bopomofo,15,5,1.3127630631128946,0.15785911675018646,0.8759900689125061,-0.28469860553741455
I2,10000,matched4888,train,8,kana,35,5,1.299743471826826,0.13009948471442834,0.8746945244925363,0.42224174056734354
I2,10000,matched4888,train,8,latin,185,5,1.2382686217088956,0.07298617986111282,0.8109546042777397,1.1870324175100069
I2,10000,matched4888,train,ALL,ALL,940,5,1.1871300435961878,0.13484189393252552,0.812304731537687,0.9791871450048812
I2,10000,matched4888,train,ALL,bopomofo,60,5,1.2455933471520741,0.17858842460533636,0.8692286749680838,-0.28469860553741455
I2,10000,matched4888,train,ALL,kana,140,5,1.2746103529419217,0.17222452885158396,0.8707520536014012,0.42224174056734354
I2,10000,matched4888,train,ALL,latin,740,5,1.1658394469451663,0.1376279255556133,0.7966316751934387,1.1870324175100069
I2,10000,matched4888,val,1,ALL,235,5,1.0301251243958447,0.09496896135448106,0.7451791356218622,0.85677358600846
I2,10000,matched4888,val,1,bopomofo,15,5,1.0193042198816935,0.1444180104672727,0.7613875389099121,0.8643706103165945
I2,10000,matched4888,val,1,kana,35,5,1.081084941114698,0.13357559620466902,0.7826707431248257,0.40703640580177314
I2,10000,matched4888,val,1,latin,185,5,1.0213614486258578,0.08885442572043928,0.736771933935784,0.9412430235360925
I2,10000,matched4888,val,2,ALL,235,5,0.9358407879129369,0.21024346805852842,0.7163564371301773,0.85677358600846
I2,10000,matched4888,val,2,bopomofo,15,5,0.956190221508344,0.29633012938071607,0.7353383302688599,0.8643706103165945
I2,10000,matched4888,val,2,kana,35,5,1.0128289427076067,0.22697952729883433,0.7650665811129979,0.40703640580177314
I2,10000,matched4888,val,2,latin,185,5,0.9196255072548583,0.20680757603164904,0.7056019320681288,0.9412430235360925
I2,10000,matched4888,val,4,ALL,235,5,0.9103449403922608,0.23618673354717348,0.7144827165502183,0.85677358600846
I2,10000,matched4888,val,4,bopomofo,15,5,0.9754291296005249,0.2711460946439867,0.754726521174113,0.8643706103165945
I2,10000,matched4888,val,4,kana,35,5,1.027352978502001,0.2232329051643073,0.7705317446163722,0.40703640580177314
I2,10000,matched4888,val,4,latin,185,5,0.8829311881113697,0.2454123556450318,0.7006158351898194,0.9412430235360925
I2,10000,matched4888,val,8,ALL,235,5,0.9713906129703243,0.19966582336414576,0.735033491951354,0.85677358600846
I2,10000,matched4888,val,8,bopomofo,15,5,0.9816076378027598,0.2419293260068125,0.7678629636764527,0.8643706103165945
I2,10000,matched4888,val,8,kana,35,5,1.092685181753976,0.1864751545339556,0.7912308182035174,0.40703640580177314
I2,10000,matched4888,val,8,latin,185,5,0.9476145844302467,0.2076183734366316,0.7217397163043151,0.9412430235360925
I2,10000,matched4888,val,ALL,ALL,940,5,0.9619253664178417,0.17244384930252246,0.7277629453134029,0.85677358600846
I2,10000,matched4888,val,ALL,bopomofo,60,5,0.9831328021983305,0.22039012380883355,0.7548288385073344,0.8643706103165945
I2,10000,matched4888,val,ALL,kana,140,5,1.0534880110195706,0.1873289347964616,0.7773749717644283,0.40703640580177314
I2,10000,matched4888,val,ALL,latin,740,5,0.9428831821055831,0.1727493911345604,0.7161823543745118,0.9412430235360925
I3,2000,val192,val,1,ALL,64,16,1.122121780179441,0.2175062793307907,0.763298518024385,0.9987888723844662
I3,2000,val192,val,1,latin,64,16,1.122121780179441,0.2175062793307907,0.763298518024385,0.9987888723844662
I3,2000,val192,val,4,ALL,64,16,1.1116074733436108,0.196303568486268,0.7739802058786154,0.9987888723844662
I3,2000,val192,val,4,latin,64,16,1.1116074733436108,0.196303568486268,0.7739802058786154,0.9987888723844662
I3,2000,val192,val,8,ALL,64,16,1.1236956296488643,0.19503438949827284,0.7801141813397408,0.9987888723844662
I3,2000,val192,val,8,latin,64,16,1.1236956296488643,0.19503438949827284,0.7801141813397408,0.9987888723844662
I3,2000,val192,val,ALL,ALL,192,16,1.119141627723972,0.1712685839366585,0.7724643017475804,0.9987888723844662
I3,2000,val192,val,ALL,latin,192,16,1.119141627723972,0.1712685839366585,0.7724643017475804,0.9987888723844662
I3,4000,val192,val,1,ALL,64,16,1.1521846130490303,0.21229027836427702,0.7779604829847813,0.9987888723844662
I3,4000,val192,val,1,latin,64,16,1.1521846130490303,0.21229027836427702,0.7779604829847813,0.9987888723844662
I3,4000,val192,val,4,ALL,64,16,1.130045676138252,0.22051424729500624,0.7803001562133431,0.9987888723844662
I3,4000,val192,val,4,latin,64,16,1.130045676138252,0.22051424729500624,0.7803001562133431,0.9987888723844662
I3,4000,val192,val,8,ALL,64,16,1.1423604753799736,0.24077707331741824,0.7833629129454494,0.9987888723844662
I3,4000,val192,val,8,latin,64,16,1.1423604753799736,0.24077707331741824,0.7833629129454494,0.9987888723844662
I3,4000,val192,val,ALL,ALL,192,16,1.141530254855752,0.20230967184467358,0.7805411840478579,0.9987888723844662
I3,4000,val192,val,ALL,latin,192,16,1.141530254855752,0.20230967184467358,0.7805411840478579,0.9987888723844662
I3,6000,val192,val,1,ALL,64,16,1.1413939082995057,0.19210813676338934,0.776027943007648,0.9987888723844662
I3,6000,val192,val,1,latin,64,16,1.1413939082995057,0.19210813676338934,0.776027943007648,0.9987888723844662
I3,6000,val192,val,4,ALL,64,16,1.1345861977897584,0.20535617730314226,0.7805400053039193,0.9987888723844662
I3,6000,val192,val,4,latin,64,16,1.1345861977897584,0.20535617730314226,0.7805400053039193,0.9987888723844662
I3,6000,val192,val,8,ALL,64,16,1.165790765080601,0.20307100032514783,0.7874223776161671,0.9987888723844662
I3,6000,val192,val,8,latin,64,16,1.165790765080601,0.20307100032514783,0.7874223776161671,0.9987888723844662
I3,6000,val192,val,ALL,ALL,192,16,1.1472569570566218,0.17547625187807245,0.7813301086425781,0.9987888723844662
I3,6000,val192,val,ALL,latin,192,16,1.1472569570566218,0.17547625187807245,0.7813301086425781,0.9987888723844662
I3,8000,val192,val,1,ALL,64,16,1.1313493421766907,0.21836493130454057,0.7727552093565464,0.9987888723844662
I3,8000,val192,val,1,latin,64,16,1.1313493421766907,0.21836493130454057,0.7727552093565464,0.9987888723844662
I3,8000,val192,val,4,ALL,64,16,1.155411436688155,0.2114638135138981,0.7826896477490664,0.9987888723844662
I3,8000,val192,val,4,latin,64,16,1.155411436688155,0.2114638135138981,0.7826896477490664,0.9987888723844662
I3,8000,val192,val,8,ALL,64,16,1.1762845030461904,0.22698596747378091,0.7863298999145627,0.9987888723844662
I3,8000,val192,val,8,latin,64,16,1.1762845030461904,0.22698596747378091,0.7863298999145627,0.9987888723844662
I3,8000,val192,val,ALL,ALL,192,16,1.1543484273036786,0.1823588039354859,0.7805915856733918,0.9987888723844662
I3,8000,val192,val,ALL,latin,192,16,1.1543484273036786,0.1823588039354859,0.7805915856733918,0.9987888723844662
I3,10000,formal4096,val,1,ALL,1024,16,1.1413906984817004,0.15186858084901494,0.7894618422433268,1.0413747928541852
I3,10000,formal4096,val,1,bopomofo,144,9,1.2554731472498841,0.22450033114511975,0.8367293299072318,1.1807665295071073
I3,10000,formal4096,val,1,kana,168,14,1.198014233083952,0.192374796427285,0.8236186656923521,1.268631630000614
I3,10000,formal4096,val,1,latin,712,16,1.1193292081720094,0.1477744847759932,0.7737427182847825,0.9695153600079456
I3,10000,formal4096,val,2,ALL,1024,16,1.1658845754009235,0.13075256560127796,0.7964557777449954,1.0413747928541852
I3,10000,formal4096,val,2,bopomofo,144,9,1.3098710129658382,0.18931417046866295,0.8482336865531074,1.1807665295071073
I3,10000,formal4096,val,2,kana,168,14,1.2343184648170358,0.17374392543232195,0.8358233375918298,1.268631630000614
I3,10000,formal4096,val,2,latin,712,16,1.133618907450917,0.1269734005660411,0.7789564988300758,0.9695153600079456
I3,10000,formal4096,val,4,ALL,1024,16,1.1643763110805594,0.16061505702258483,0.7971802284300793,1.0413747928541852
I3,10000,formal4096,val,4,bopomofo,144,9,1.3094865104390516,0.17974340078321072,0.8496829316847854,1.1807665295071073
I3,10000,formal4096,val,4,kana,168,14,1.2669644164187568,0.2085164192626368,0.8420296123340016,1.268631630000614
I3,10000,formal4096,val,4,latin,712,16,1.1266503735213573,0.15997238337587258,0.77858592739078,0.9695153600079456
I3,10000,formal4096,val,8,ALL,1024,16,1.1760128151199751,0.1575617323899576,0.7986687076336239,1.0413747928541852
I3,10000,formal4096,val,8,bopomofo,144,9,1.3140285607013438,0.16420818711010607,0.8499178137216303,1.1807665295071073
I3,10000,formal4096,val,8,kana,168,14,1.2614578579862912,0.18104104945614685,0.8409352114512807,1.268631630000614
I3,10000,formal4096,val,8,latin,712,16,1.1402219846636439,0.16707104720419488,0.7805786092935277,0.9695153600079456
I3,10000,formal4096,val,ALL,ALL,4096,16,1.1619161000207896,0.1439382452782936,0.7954416390130064,1.0413747928541852
I3,10000,formal4096,val,ALL,bopomofo,576,9,1.2972148078390293,0.18563637439907005,0.8461409404666888,1.1807665295071073
I3,10000,formal4096,val,ALL,kana,672,14,1.2401887430765088,0.18404360714408907,0.835601706767366,1.268631630000614
I3,10000,formal4096,val,ALL,latin,2848,16,1.1299551184519818,0.14414742230189134,0.7779659384497914,0.9695153600079456
I3,10000,matched4888,test,1,ALL,752,16,0.8558539839887476,0.4573015711797012,0.7014779507955338,0.8127164838630012
I3,10000,matched4888,test,1,bopomofo,48,16,0.8877387574563423,0.4907654205294412,0.7177104863027731,-0.11351883116488658
I3,10000,matched4888,test,1,kana,112,16,0.8514605319027656,0.46893627382056996,0.7195773659540075,0.9005733998159745
I3,10000,matched4888,test,1,latin,592,16,0.8540999257238582,0.46471181702371683,0.6967375855892897,0.8711950658471324
I3,10000,matched4888,test,2,ALL,752,16,0.9380821731174365,0.3433245099663896,0.7256065945913817,0.8127164838630012
I3,10000,matched4888,test,2,bopomofo,48,16,1.016640805484106,0.4033671290786121,0.7468159832060337,-0.11351883116488658
I3,10000,matched4888,test,2,kana,112,16,0.9445594591753823,0.35784406854376705,0.7478653586336544,0.9005733998159745
I3,10000,matched4888,test,2,latin,592,16,0.9304871217794465,0.35824563829523604,0.7196757969119258,0.8711950658471324
I3,10000,matched4888,test,4,ALL,752,16,0.8986602913999454,0.39173551615287283,0.7196352696244387,0.8127164838630012
I3,10000,matched4888,test,4,bopomofo,48,16,0.9830848708127935,0.4357810625338655,0.7388993632048368,-0.11351883116488658
I3,10000,matched4888,test,4,kana,112,16,0.9211362544447184,0.38267116242151644,0.7444591258785554,0.9005733998159745
I3,10000,matched4888,test,4,latin,592,16,0.8875628460066494,0.40441572095029654,0.7133769108536275,0.8711950658471324
I3,10000,matched4888,test,8,ALL,752,16,0.9754206465725649,0.28934417284850933,0.732399073607744,0.8127164838630012
I3,10000,matched4888,test,8,bopomofo,48,16,1.041147958797713,0.32911401798922457,0.759096105893453,-0.11351883116488658
I3,10000,matched4888,test,8,kana,112,16,1.0119560599726225,0.3075003047029258,0.761773481965065,0.9005733998159745
I3,10000,matched4888,test,8,latin,592,16,0.9631792998029473,0.30690970102138276,0.7246771288683286,0.8711950658471324
I3,10000,matched4888,test,ALL,ALL,3008,16,0.9170042737696736,0.3570451983920453,0.7197797221547746,0.8127164838630012
I3,10000,matched4888,test,ALL,bopomofo,192,16,0.9821530981377388,0.3903918922720939,0.7406304846517742,-0.11351883116488658
I3,10000,matched4888,test,ALL,kana,448,16,0.9322780763738723,0.35088147453784424,0.7434188331078205,0.9005733998159745
I3,10000,matched4888,test,ALL,latin,2368,16,0.9088322983282253,0.37084547903760956,0.7136168555557929,0.8711950658471324
I3,10000,matched4888,train,1,ALL,235,5,1.047852185051492,0.277644673843504,0.7763225450160656,0.9791871450048812
I3,10000,matched4888,train,1,bopomofo,15,5,1.1674993515014649,0.22270187590002283,0.8426793098449707,-0.28469860553741455
I3,10000,matched4888,train,1,kana,35,5,1.219143501349858,0.24645103855308875,0.8585325036730085,0.42224174056734354
I3,10000,matched4888,train,1,latin,185,5,1.0057445982018032,0.2962367502507444,0.755389031365111,1.1870324175100069
I3,10000,matched4888,train,2,ALL,235,5,1.1631986344114262,0.16975506889013345,0.8018343319284156,0.9791871450048812
I3,10000,matched4888,train,2,bopomofo,15,5,1.193566910425822,0.22065774160643079,0.8459094444910685,-0.28469860553741455
I3,10000,matched4888,train,2,kana,35,5,1.287561890057155,0.1543647439314269,0.8776954736028398,0.42224174056734354
I3,10000,matched4888,train,2,latin,185,5,1.1372081582610671,0.1751001724451948,0.7839085662687147,1.1870324175100069
I3,10000,matched4888,train,4,ALL,235,5,1.2106384775105943,0.11720187750520723,0.8186067511426641,0.9791871450048812
I3,10000,matched4888,train,4,bopomofo,15,5,1.282452901204427,0.13286520491203518,0.859213137626648,-0.28469860553741455
I3,10000,matched4888,train,4,kana,35,5,1.3003433976854597,0.14715612338391215,0.881523585319519,0.42224174056734354
I3,10000,matched4888,train,4,latin,185,5,1.1878444852861199,0.11930820498564075,0.8034111565834767,1.1870324175100069
I3,10000,matched4888,train,8,ALL,235,5,1.218468157978768,0.10768372194621251,0.818299451787421,0.9791871450048812
I3,10000,matched4888,train,8,bopomofo,15,5,1.274221086502075,0.14005795392712989,0.8663396120071412,-0.28469860553741455
I3,10000,matched4888,train,8,kana,35,5,1.3054972188813345,0.13113349246662082,0.8852728162493024,0.42224174056734354
I3,10000,matched4888,train,8,latin,185,5,1.197482692792609,0.1084531737235725,0.8017336671416824,1.1870324175100069
I3,10000,matched4888,train,ALL,ALL,940,5,1.1600393637380702,0.16548540565344078,0.8037657699686416,0.9791871450048812
I3,10000,matched4888,train,ALL,bopomofo,60,5,1.2294350624084474,0.16666717781930443,0.8535353759924571,-0.28469860553741455
I3,10000,matched4888,train,ALL,kana,140,5,1.2781365019934519,0.16665356236816595,0.8757560947111674,0.42224174056734354
I3,10000,matched4888,train,ALL,latin,740,5,1.1320699836353998,0.1722014550729996,0.7861106053397462,1.1870324175100069
I3,10000,matched4888,val,1,ALL,235,5,1.0282000051216875,0.13698612244340166,0.7511595345558004,0.85677358600846
I3,10000,matched4888,val,1,bopomofo,15,5,1.0337565898895262,0.17749231506552654,0.772034780184428,0.8643706103165945
I3,10000,matched4888,val,1,kana,35,5,1.0645189659936087,0.20785493231902868,0.7924762862069266,0.40703640580177314
I3,10000,matched4888,val,1,latin,185,5,1.0208783164620399,0.12176143335688219,0.7416502643275905,0.9412430235360925
I3,10000,matched4888,val,2,ALL,235,5,0.9778975384270256,0.17501158977079748,0.7339780906413463,0.85677358600846
I3,10000,matched4888,val,2,bopomofo,15,5,0.991858039299647,0.27683000536415536,0.7555372436841329,0.8643706103165945
I3,10000,matched4888,val,2,kana,35,5,1.0745930578027454,0.1567784130497169,0.7931006823267256,0.40703640580177314
I3,10000,matched4888,val,2,latin,185,5,0.9584718590149203,0.17635804169189795,0.7210446960217244,0.9412430235360925
I3,10000,matched4888,val,4,ALL,235,5,0.9444532621651888,0.19431190216359231,0.7295884276958222,0.85677358600846
I3,10000,matched4888,val,4,bopomofo,15,5,1.0064123531182607,0.20907853788682285,0.7672839283943176,0.8643706103165945
I3,10000,matched4888,val,4,kana,35,5,1.0624795862606593,0.20317904488027516,0.7955581477710179,0.40703640580177314
I3,10000,matched4888,val,4,latin,185,5,0.9171002475293102,0.19421055121277556,0.7140512778952315,0.9412430235360925
I3,10000,matched4888,val,8,ALL,235,5,1.0316258778518186,0.17710682802028982,0.7513966167226751,0.85677358600846
I3,10000,matched4888,val,8,bopomofo,15,5,1.1350471417109171,0.13839708612607196,0.793340281645457,0.8643706103165945
I3,10000,matched4888,val,8,kana,35,5,1.0979527933256967,0.20477133911090648,0.8120554464203971,0.40703640580177314
I3,10000,matched4888,val,8,latin,185,5,1.010692034611428,0.1870425653643413,0.7365197842185561,0.9412430235360925
I3,10000,matched4888,val,ALL,ALL,940,5,0.9955441708914301,0.15015941333701624,0.741530667403911,0.85677358600846
I3,10000,matched4888,val,ALL,bopomofo,60,5,1.0417685310045879,0.1941544761612233,0.7720490584770838,0.8643706103165945
I3,10000,matched4888,val,ALL,kana,140,5,1.0748861008456776,0.1849446246894356,0.7982976406812667,0.40703640580177314
I3,10000,matched4888,val,ALL,latin,740,5,0.9767856144044246,0.14396162029351195,0.7283165056157757,0.9412430235360925
I4,2000,val192,val,1,ALL,64,16,1.126459907507524,0.22602185584089743,0.7681504255160689,0.9987888723844662
I4,2000,val192,val,1,latin,64,16,1.126459907507524,0.22602185584089743,0.7681504255160689,0.9987888723844662
I4,2000,val192,val,4,ALL,64,16,1.1298308949917555,0.22246709434295636,0.7740018116310239,0.9987888723844662
I4,2000,val192,val,4,latin,64,16,1.1298308949917555,0.22246709434295636,0.7740018116310239,0.9987888723844662
I4,2000,val192,val,8,ALL,64,16,1.10509632807225,0.22808454744533094,0.7705059479922056,0.9987888723844662
I4,2000,val192,val,8,latin,64,16,1.10509632807225,0.22808454744533094,0.7705059479922056,0.9987888723844662
I4,2000,val192,val,ALL,ALL,192,16,1.1204623768571764,0.20778918368516985,0.7708860617130995,0.9987888723844662
I4,2000,val192,val,ALL,latin,192,16,1.1204623768571764,0.20778918368516985,0.7708860617130995,0.9987888723844662
I4,4000,val192,val,1,ALL,64,16,1.1043286249041557,0.2711053732555783,0.7675891490653157,0.9987888723844662
I4,4000,val192,val,1,latin,64,16,1.1043286249041557,0.2711053732555783,0.7675891490653157,0.9987888723844662
I4,4000,val192,val,4,ALL,64,16,1.0939876907505095,0.24509541989022993,0.7698006220161915,0.9987888723844662
I4,4000,val192,val,4,latin,64,16,1.0939876907505095,0.24509541989022993,0.7698006220161915,0.9987888723844662
I4,4000,val192,val,8,ALL,64,16,1.1267583295702934,0.204923367853502,0.779147463850677,0.9987888723844662
I4,4000,val192,val,8,latin,64,16,1.1267583295702934,0.204923367853502,0.779147463850677,0.9987888723844662
I4,4000,val192,val,ALL,ALL,192,16,1.1083582150749862,0.22351551538689768,0.7721790783107281,0.9987888723844662
I4,4000,val192,val,ALL,latin,192,16,1.1083582150749862,0.22351551538689768,0.7721790783107281,0.9987888723844662
I4,6000,val192,val,1,ALL,64,16,1.1408505140570924,0.24248768089537834,0.7727747755125165,0.9987888723844662
I4,6000,val192,val,1,latin,64,16,1.1408505140570924,0.24248768089537834,0.7727747755125165,0.9987888723844662
I4,6000,val192,val,4,ALL,64,16,1.1353248562663794,0.2287253386943162,0.776798446662724,0.9987888723844662
I4,6000,val192,val,4,latin,64,16,1.1353248562663794,0.2287253386943162,0.776798446662724,0.9987888723844662
I4,6000,val192,val,8,ALL,64,16,1.1442227670922875,0.22950876118860558,0.7851321557536721,0.9987888723844662
I4,6000,val192,val,8,latin,64,16,1.1442227670922875,0.22950876118860558,0.7851321557536721,0.9987888723844662
I4,6000,val192,val,ALL,ALL,192,16,1.1401327124719198,0.20811003897090488,0.7782351259763042,0.9987888723844662
I4,6000,val192,val,ALL,latin,192,16,1.1401327124719198,0.20811003897090488,0.7782351259763042,0.9987888723844662
I4,8000,val192,val,1,ALL,64,16,1.1596407452598214,0.1953824214178335,0.7766320556402206,0.9987888723844662
I4,8000,val192,val,1,latin,64,16,1.1596407452598214,0.1953824214178335,0.7766320556402206,0.9987888723844662
I4,8000,val192,val,4,ALL,64,16,1.1607705373317003,0.2363468510264939,0.7830114676617086,0.9987888723844662
I4,8000,val192,val,4,latin,64,16,1.1607705373317003,0.2363468510264939,0.7830114676617086,0.9987888723844662
I4,8000,val192,val,8,ALL,64,16,1.1732824249193072,0.21245968094624196,0.791903561912477,0.9987888723844662
I4,8000,val192,val,8,latin,64,16,1.1732824249193072,0.21245968094624196,0.791903561912477,0.9987888723844662
I4,8000,val192,val,ALL,ALL,192,16,1.1645645691702764,0.18688411712765426,0.7838490284048021,0.9987888723844662
I4,8000,val192,val,ALL,latin,192,16,1.1645645691702764,0.18688411712765426,0.7838490284048021,0.9987888723844662
I4,10000,formal4096,val,1,ALL,1024,16,1.1545686614663282,0.16196353518746476,0.7923593166051432,1.0413747928541852
I4,10000,formal4096,val,1,bopomofo,144,9,1.2411953939331903,0.2345712705838603,0.8313981333954467,1.1807665295071073
I4,10000,formal4096,val,1,kana,168,14,1.2615872978099756,0.18138122835878695,0.8375652336648532,1.268631630000614
I4,10000,formal4096,val,1,latin,712,16,1.1246909818073307,0.16056081944064662,0.774824734281452,0.9695153600079456
I4,10000,formal4096,val,2,ALL,1024,16,1.1836884936565184,0.13848059604828472,0.8030693173932377,1.0413747928541852
I4,10000,formal4096,val,2,bopomofo,144,9,1.3029679039286242,0.18675463740009726,0.8471235827439361,1.1807665295071073
I4,10000,formal4096,val,2,kana,168,14,1.2867306657135487,0.18230554777987276,0.848549287943613,1.268631630000614
I4,10000,formal4096,val,2,latin,712,16,1.1470862205547343,0.13335034333093657,0.7847835617607587,0.9695153600079456
I4,10000,formal4096,val,4,ALL,1024,16,1.190518656405402,0.16070816994047255,0.8040883568464778,1.0413747928541852
I4,10000,formal4096,val,4,bopomofo,144,9,1.280981546267867,0.21386656924116218,0.8472517666717371,1.1807665295071073
I4,10000,formal4096,val,4,kana,168,14,1.3066646988902773,0.1921852308523534,0.850438659212419,1.268631630000614
I4,10000,formal4096,val,4,latin,712,16,1.156392025153826,0.1594060947662912,0.7859921457552407,0.9695153600079456
I4,10000,formal4096,val,8,ALL,1024,16,1.2074421773359063,0.16756062390815563,0.8063211900298484,1.0413747928541852
I4,10000,formal4096,val,8,bopomofo,144,9,1.3061053231358528,0.21085280723442323,0.8469206125785907,1.1807665295071073
I4,10000,formal4096,val,8,kana,168,14,1.3114674446128665,0.20217571750365534,0.850207109891233,1.268631630000614
I4,10000,formal4096,val,8,latin,712,16,1.1724751243822165,0.1746858658356385,0.7888173690602048,0.9695153600079456
I4,10000,formal4096,val,ALL,ALL,4096,16,1.1840544972160387,0.15200955328569069,0.8014595452186768,1.0413747928541852
I4,10000,formal4096,val,ALL,bopomofo,576,9,1.2828125418163836,0.20890910501493692,0.8431735238474276,1.1807665295071073
I4,10000,formal4096,val,ALL,kana,672,14,1.291612526756667,0.1859954494067223,0.8466900726780295,1.268631630000614
I4,10000,formal4096,val,ALL,latin,2848,16,1.1501610879745268,0.15132091652208096,0.783604452714414,0.9695153600079456
I4,10000,matched4888,test,1,ALL,752,16,0.887918873427515,0.3940163347022612,0.7112674205861194,0.8127164838630012
I4,10000,matched4888,test,1,bopomofo,48,16,1.016378675820306,0.3820766205511908,0.7464970226089159,-0.11351883116488658
I4,10000,matched4888,test,1,kana,112,16,0.8967529620276764,0.45709273566372083,0.7311606356608016,0.9005733998159745
I4,10000,matched4888,test,1,latin,592,16,0.8758318997145556,0.3960547960997693,0.7046473851377094,0.8711950658471324
I4,10000,matched4888,test,2,ALL,752,16,0.9659671402199471,0.30786742057846567,0.7314144553656273,0.8127164838630012
I4,10000,matched4888,test,2,bopomofo,48,16,1.076563057800134,0.3190025543291783,0.7664431668817997,-0.11351883116488658
I4,10000,matched4888,test,2,kana,112,16,0.9861115599051118,0.30437194317524563,0.762270315949406,0.9005733998159745
I4,10000,matched4888,test,2,latin,592,16,0.9531887972324684,0.3284723495365598,0.722736694321439,0.8711950658471324
I4,10000,matched4888,test,4,ALL,752,16,0.9528445843631956,0.3479810752031949,0.7359031715846442,0.8127164838630012
I4,10000,matched4888,test,4,bopomofo,48,16,1.0221092455321923,0.37450876520766707,0.756689615547657,-0.11351883116488658
I4,10000,matched4888,test,4,kana,112,16,0.9551870430919475,0.3559615244104719,0.7597382036702973,0.9005733998159745
I4,10000,matched4888,test,4,latin,592,16,0.9467853628872969,0.3597570356630634,0.7297084538417088,0.8711950658471324
I4,10000,matched4888,test,8,ALL,752,16,1.0178145662995373,0.25534061796001534,0.7468306562526429,0.8127164838630012
I4,10000,matched4888,test,8,bopomofo,48,16,1.0804572142660618,0.26076571282190764,0.7754451781511307,-0.11351883116488658
I4,10000,matched4888,test,8,kana,112,16,1.048910025773304,0.24514033623186585,0.7789100014737674,0.9005733998159745
I4,10000,matched4888,test,8,latin,592,16,1.0068525079153225,0.2781445187906488,0.7384414945703907,0.8711950658471324
I4,10000,matched4888,test,ALL,ALL,3008,16,0.9561362910775487,0.3159785604217991,0.7313539259472585,0.8127164838630012
I4,10000,matched4888,test,ALL,bopomofo,192,16,1.0488770483546734,0.3161831306575394,0.7612687457973758,-0.11351883116488658
I4,10000,matched4888,test,ALL,kana,448,16,0.9717403976995099,0.31525030517991764,0.758019789188568,0.9005733998159745
I4,10000,matched4888,test,ALL,latin,2368,16,0.9456646419374108,0.3301298086136752,0.723883506967812,0.8711950658471324
I4,10000,matched4888,train,1,ALL,235,5,1.0448026399346109,0.3020284551124316,0.7735566836722354,0.9791871450048812
I4,10000,matched4888,train,1,bopomofo,15,5,1.1485373099644978,0.2960755197208959,0.8368976871172588,-0.28469860553741455
I4,10000,matched4888,train,1,kana,35,5,1.2057055569120816,0.2723765786629973,0.8518285700253078,0.42224174056734354
I4,10000,matched4888,train,1,latin,185,5,1.0059506283418553,0.3207725395885835,0.7536127319207062,1.1870324175100069
I4,10000,matched4888,train,2,ALL,235,5,1.1971492906754955,0.1281478433933176,0.814924230854562,0.9791871450048812
I4,10000,matched4888,train,2,bopomofo,15,5,1.2301676472028096,0.1908180843788265,0.8705125053723654,-0.28469860553741455
I4,10000,matched4888,train,2,kana,35,5,1.2854330616337912,0.19307541387553728,0.8705164960452488,0.42224174056734354
I4,10000,matched4888,train,2,latin,185,5,1.1777697915865764,0.1251562141793582,0.7998996178846102,1.1870324175100069
I4,10000,matched4888,train,4,ALL,235,5,1.2384270362397458,0.0779857087125982,0.8250078888649637,0.9791871450048812
I4,10000,matched4888,train,4,bopomofo,15,5,1.289380105336507,0.16261137580193893,0.8796669006347656,-0.28469860553741455
I4,10000,matched4888,train,4,kana,35,5,1.320064343724932,0.12223632925938495,0.8756545322281973,0.42224174056734354
I4,10000,matched4888,train,4,latin,185,5,1.2188508103022704,0.07320611841589948,0.8109942797068003,1.1870324175100069
I4,10000,matched4888,train,8,ALL,235,5,1.2485881752156196,0.07790906367980407,0.8239852935709852,0.9791871450048812
I4,10000,matched4888,train,8,bopomofo,15,5,1.3018383860588074,0.15023547874259546,0.8807443618774414,-0.28469860553741455
I4,10000,matched4888,train,8,kana,35,5,1.3178703495434352,0.11231617031749222,0.8706966144698006,0.42224174056734354
I4,10000,matched4888,train,8,latin,185,5,1.2311631521663151,0.07720370381320854,0.8105459300247398,1.1870324175100069
I4,10000,matched4888,train,ALL,ALL,940,5,1.182241785516368,0.1398344353335887,0.8093685242406865,0.9791871450048812
I4,10000,matched4888,train,ALL,bopomofo,60,5,1.2424808621406556,0.180619802989525,0.8669553637504578,-0.28469860553741455
I4,10000,matched4888,train,ALL,kana,140,5,1.28226832795356,0.16790105285016207,0.8671740531921387,0.42224174056734354
I4,10000,matched4888,train,ALL,latin,740,5,1.1584335955992542,0.14319793134359735,0.7937631398842142,1.1870324175100069
I4,10000,matched4888,val,1,ALL,235,5,1.031862488642652,0.08849124617411559,0.7443734065015265,0.85677358600846
I4,10000,matched4888,val,1,bopomofo,15,5,1.0777391950289408,0.21938219568689293,0.769488533337911,0.8643706103165945
I4,10000,matched4888,val,1,kana,35,5,1.1009927409035818,0.09874654379472927,0.7842900310243879,0.40703640580177314
I4,10000,matched4888,val,1,latin,185,5,1.0150640593187228,0.08017737013374712,0.7347852510374946,0.9412430235360925
I4,10000,matched4888,val,2,ALL,235,5,0.9556431247595143,0.17268341594638667,0.726590972124262,0.85677358600846
I4,10000,matched4888,val,2,bopomofo,15,5,0.9970118125279744,0.29050242655313885,0.7486581325531005,0.8643706103165945
I4,10000,matched4888,val,2,kana,35,5,1.0561950130122049,0.13456936236069242,0.7842519215175084,0.40703640580177314
I4,10000,matched4888,val,2,latin,185,5,0.9332655766223733,0.17924792494011907,0.713892914636715,0.9412430235360925
I4,10000,matched4888,val,4,ALL,235,5,0.9112732720898187,0.21323140610347918,0.7140716735352861,0.85677358600846
I4,10000,matched4888,val,4,bopomofo,15,5,0.9831130623817443,0.2924009128505568,0.7385762770970663,0.8643706103165945
I4,10000,matched4888,val,4,kana,35,5,1.0284490091460092,0.17490054949430975,0.7751083305903843,0.40703640580177314
I4,10000,matched4888,val,4,latin,185,5,0.8832800415420049,0.22085265628750733,0.700537338127961,0.9412430235360925
I4,10000,matched4888,val,8,ALL,235,5,0.9816303822271367,0.2078248624931366,0.7372128640083556,0.85677358600846
I4,10000,matched4888,val,8,bopomofo,15,5,1.06869695186615,0.2575996920023129,0.7718917389710744,0.8643706103165945
I4,10000,matched4888,val,8,kana,35,5,1.0816923448017666,0.14876775845430792,0.7974087851388114,0.40703640580177314
I4,10000,matched4888,val,8,latin,185,5,0.9556402890666111,0.22060167420765928,0.7230126458245355,0.9412430235360925
I4,10000,matched4888,val,ALL,ALL,940,5,0.9701023169297804,0.16087661329889666,0.7305622290423576,0.85677358600846
I4,10000,matched4888,val,ALL,bopomofo,60,5,1.0316402554512023,0.25463092242026397,0.7571536704897881,0.8643706103165945
I4,10000,matched4888,val,ALL,kana,140,5,1.0668322769658907,0.13411848590246145,0.785264767067773,0.40703640580177314
I4,10000,matched4888,val,ALL,latin,740,5,0.9468124916374281,0.1634529812127602,0.7180570374066765,0.9412430235360925
I5,2000,val192,val,1,ALL,64,16,1.118482702295296,0.20532891930288877,0.7669324232265353,0.9987888723844662
I5,2000,val192,val,1,latin,64,16,1.118482702295296,0.20532891930288877,0.7669324232265353,0.9987888723844662
I5,2000,val192,val,4,ALL,64,16,1.1165250544436276,0.20465385762281593,0.7733915960416198,0.9987888723844662
I5,2000,val192,val,4,latin,64,16,1.1165250544436276,0.20465385762281593,0.7733915960416198,0.9987888723844662
I5,2000,val192,val,8,ALL,64,16,1.11830298230052,0.187069336174904,0.7725447127595544,0.9987888723844662
I5,2000,val192,val,8,latin,64,16,1.11830298230052,0.187069336174904,0.7725447127595544,0.9987888723844662
I5,2000,val192,val,ALL,ALL,192,16,1.1177702463464811,0.17505202962878139,0.7709562440092365,0.9987888723844662
I5,2000,val192,val,ALL,latin,192,16,1.1177702463464811,0.17505202962878139,0.7709562440092365,0.9987888723844662
I5,4000,val192,val,1,ALL,64,16,1.0974658073391765,0.2906114007810686,0.7700798409059644,0.9987887898460031
I5,4000,val192,val,1,latin,64,16,1.0974658073391765,0.2906114007810686,0.7700798409059644,0.9987887898460031
I5,4000,val192,val,4,ALL,64,16,1.099541923031211,0.2282475361986453,0.7767669912427664,0.9987887898460031
I5,4000,val192,val,4,latin,64,16,1.099541923031211,0.2282475361986453,0.7767669912427664,0.9987887898460031
I5,4000,val192,val,8,ALL,64,16,1.137862007599324,0.23388294922492528,0.784959283657372,0.9987887898460031
I5,4000,val192,val,8,latin,64,16,1.137862007599324,0.23388294922492528,0.784959283657372,0.9987887898460031
I5,4000,val192,val,ALL,ALL,192,16,1.1116232459899038,0.2317194467639958,0.777268705268701,0.9987887898460031
I5,4000,val192,val,ALL,latin,192,16,1.1116232459899038,0.2317194467639958,0.777268705268701,0.9987887898460031
