rank,stem,split,mean_ink_ratio,ink_ratio_p5,ink_ratio_p50,ink_ratio_p95,mean_ink_pixel_ratio,fs_A,tall_ch,max_h,wide_ch,max_w,touch_edge,n_empty,auto_screen_severity,auto_screen_reasons,auto_flags,suggested_action,review_candidate,review_decision,reviewer,reviewed_at
1,FZXianZTJW,excluded,0.07568522221125154,0.014105902777777778,0.04991319444444445,0.37873263888888886,0.03371429041600842,84,ㄅ,75,ㄅ,84,False,0,drop,永H=23%<50%|跨语种色散=4.11≥2.0|注音/汉=1.86≥1.5|拉丁/汉=0.45<0.55,mean_bbox<0.2|b_screen:drop,drop,True,drop,PI,2026-09-03T17:47:38.183884+00:00
2,FZLongKSKSJW,train,0.24037870809197825,0.12973090277777777,0.24956597222222224,0.33407118055555557,0.08563460620721433,73,j,77,去,84,False,0,review,永H=58%<60%,b_screen:review,review,True,pass,PI-policy,2026-09-03T17:47:38.183910+00:00
3,FZCaoQBLSJW,val,0.2534866212480253,0.11100260416666667,0.2669270833333333,0.3617621527777778,0.08879776362559241,83,ǘ,57,ぁ,83,False,0,review,永贴边,b_screen:review,review,True,pass,PI-policy,2026-09-03T17:47:38.183915+00:00
4,FZWZZYJW,train,0.26090194811962436,0.10651041666666668,0.265625,0.41024305555555557,0.08877839350754782,76,意,83,ぁ,76,False,0,ok,,,,False,,,
5,FZBenMZZZHJW,train,0.2676840606898368,0.1531467013888889,0.263671875,0.39496527777777773,0.16362812938827453,74,ǚ,67,被,84,False,0,ok,,,,False,,,
6,FZWenZMXCJW,train,0.2810485850557311,0.12157118055555556,0.2855902777777778,0.43059895833333334,0.09530835170923294,82,春,79,假,84,False,0,review,永H=58%<60%,b_screen:review,review,True,pass,PI-policy,2026-09-03T17:47:38.183918+00:00
7,FZFWZhuZGDSMCJW,train,0.29486787865323855,0.09798177083333334,0.32204861111111116,0.42165798611111105,0.09061941180665262,69,Q,70,Q,83,False,0,ok,,,,False,,,
8,FZSiLanTJW,train,0.29543526883666843,0.1343315972222222,0.3103298611111111,0.42365451388888886,0.09947189858697561,65,部,84,ぬ,68,False,0,ok,,,,False,,,
9,FZCangYHJW,train,0.2963103524881517,0.20581597222222223,0.3173828125,0.3333333333333333,0.17036961613568544,71,j,83,M,54,False,0,ok,,,,False,,,
10,FZShenTJHHTJW,train,0.29909296422459186,0.12432725694444445,0.310546875,0.4609375,0.07214357611462173,84,弊,76,ぁ,84,False,0,ok,,,,False,,,
11,FZFuGCHJW,train,0.29952356366289273,0.19661458333333331,0.3172743055555556,0.3615451388888889,0.19809562598736177,72,ǚ,84,ぁ,72,False,0,ok,,,,False,,,
12,FZFWZhuZGDLMCJW,train,0.3014916019396174,0.10355902777777777,0.328125,0.4289279513888889,0.09209925454186414,65,Q,72,Q,84,False,0,ok,,,,False,,,
13,FZLangKBTJW1,train,0.30418062000833773,0.1900607638888889,0.341796875,0.3683159722222222,0.18396555341627174,80,ǘ,59,W,84,False,0,review,永贴边,b_screen:review,review,True,pass,PI-policy,2026-09-03T17:47:38.183935+00:00
14,FZZJ-ZWJBTJW,train,0.3099666285435317,0.13509114583333331,0.3069661458333333,0.46345486111111106,0.0820543912914692,81,Y,84,ぁ,81,False,0,ok,,,,False,,,
15,FZQiuDYRHJW,train,0.322602630770581,0.16950954861111114,0.3634982638888889,0.39680989583333337,0.08376564694137265,84,ǘ,64,ぁ,84,False,0,ok,,,,False,,,
16,FZMaWDBSJW,test,0.33093812395778477,0.1784939236111111,0.3416883680555555,0.4570095486111111,0.15480032665218535,81,f,70,父,84,False,0,ok,,,,False,,,
17,FZShanCPXJW,train,0.33336641680928564,0.14850260416666666,0.3486328125,0.4957465277777777,0.10964978140907494,84,繁,82,ぁ,84,False,0,ok,,,,False,,,
18,FZXiXSLSJW,train,0.33495476648894157,0.15052083333333333,0.3518880208333333,0.4935112847222222,0.13531570206907145,84,希,76,ぁ,84,False,0,ok,,,,False,,,
19,FZTieXHJW,train,0.33563100645076355,0.16883680555555555,0.380859375,0.421875,0.08590698777865542,84,Q,84,ぁ,67,False,0,ok,,,,False,,,
20,FZMiFXSJW,val,0.3369120054963139,0.1466796875,0.3463541666666667,0.5033854166666666,0.12134093327628576,84,幸,84,ぁ,84,False,0,ok,,,,False,,,
21,FZYiBSLSJW,train,0.3394769176759698,0.15345052083333333,0.34375,0.49698350694444443,0.15119405635641567,84,弊,69,ぁ,84,False,0,ok,,,,False,,,
22,FZLiQBLSJW,train,0.3453045805358083,0.17430555555555557,0.3680555555555556,0.4789496527777778,0.12860798446550817,84,繁,70,W,84,False,0,ok,,,,False,,,
23,FZKeSHBTJW,train,0.34779046949052134,0.12942708333333333,0.38932291666666663,0.5013020833333333,0.1602601286861506,84,希,81,ぁ,84,False,0,ok,,,,False,,,
24,FZZiZQXDCJW,train,0.34807690725381785,0.13389756944444445,0.38411458333333337,0.5086371527777778,0.1424044796054941,84,舞,80,ぁ,84,False,0,ok,,,,False,,,
25,FZquanfuti,train,0.34999437752325785,0.16451822916666667,0.3634982638888889,0.5132812499999999,0.14253595642443392,81,j,84,ぁ,81,False,0,ok,,,,False,,,
26,FZBuGTJW,test,0.3501347680248376,0.1889105902777778,0.3587239583333333,0.49830729166666665,0.16391285298183253,82,繁,74,W,84,False,0,ok,,,,False,,,
27,FZJLJW,train,0.353098567502633,0.1029296875,0.36328125,0.6033420138888889,0.08556432524793751,84,す,84,à,84,False,0,drop,跨语种色散=2.30≥2.0,b_screen:drop,drop,True,pass,PI-policy,2026-09-03T17:47:38.183944+00:00
28,FZLuXTJW,train,0.36416559016807093,0.1488715277777778,0.38248697916666663,0.56484375,0.11443300064727051,84,体,83,à,84,False,0,ok,,,,False,,,
29,FZXianWXTJW-L,train,0.36529625652755837,0.171875,0.4010416666666667,0.47395833333333337,0.07486190648586975,62,j,61,ぼ,84,False,0,ok,,,,False,,,
30,FZZhiXHJW-R,train,0.3665563427022994,0.20768229166666666,0.41189236111111105,0.44010416666666663,0.10748787053493067,87,j,84,ぁ,61,False,0,ok,,,,False,,,
31,FZFWTongQPOPTJW,train,0.37103221130638936,0.16171875,0.3828125,0.5151692708333333,0.18968882333903808,84,j,80,ぁ,84,False,0,ok,,,,False,,,
32,FZMoYTJW-L,train,0.37126328138713355,0.1963541666666667,0.4025607638888889,0.46961805555555547,0.09891016516368265,88,分,84,が,64,False,0,ok,,,,False,,,
33,FZFeiYiTJW-EB,train,0.37137350250131645,0.21684027777777778,0.4033203125,0.4614583333333333,0.15556090376513956,80,げ,66,ぎ,84,False,0,ok,,,,False,,,
34,FZFWQingYLJW,train,0.3728096339081973,0.17213541666666668,0.4006076388888889,0.4982638888888889,0.13547374851895735,83,f,73,个,84,False,0,review,永贴边,b_screen:review,review,True,pass,PI-policy,2026-09-03T17:47:38.183949+00:00
35,FZYuYCTJW,train,0.3730453322472354,0.2244791666666667,0.4069010416666667,0.4543185763888889,0.22065958508864314,58,Q,58,が,83,False,0,review,永贴边,b_screen:review,review,True,pass,PI-policy,2026-09-03T17:47:38.183952+00:00
36,FZHCJW,train,0.3732342337524136,0.155859375,0.3879123263888889,0.5938802083333333,0.10793612592153765,83,步,84,à,83,False,0,review,跨语种色散=1.58≥1.55,b_screen:review,review,True,pass,PI-policy,2026-09-03T17:47:38.183955+00:00
37,TSTanHJW-R,train,0.37851679063542215,0.23398437500000002,0.42317708333333337,0.4500868055555556,0.13654561885641567,88,Q,83,デ,67,False,0,ok,,,,False,,,
38,FZFWHuanLTJW,train,0.3800408589498859,0.16334635416666668,0.4090711805555556,0.5360243055555556,0.13903493615060558,84,感,77,ぁ,84,False,0,ok,,,,False,,,
39,FZZhuoQHJW,train,0.3806783586756188,0.20961371527777778,0.36404079861111105,0.6341145833333334,0.1715985044211866,84,ず,83,ぁ,84,False,0,ok,,,,False,,,
40,FZJuJTJW-L,train,0.3808650317601369,0.22495659722222225,0.41015625,0.45844184027777785,0.13500406601061962,72,Q,76,W,84,False,0,ok,,,,False,,,
41,FZBenMWYJW,train,0.3819926126140952,0.21940104166666669,0.4090711805555556,0.4869791666666667,0.22330969150430052,83,j,75,ど,84,False,0,ok,,,,False,,,
42,FZOuYXKSJW,train,0.38202723884281203,0.16927083333333331,0.4097222222222222,0.5482421875,0.12729047360452872,84,繁,80,ぁ,84,False,0,ok,,,,False,,,
43,FZRunKJW-T,train,0.3836922119097771,0.16145833333333334,0.4270833333333333,0.48046875,0.10227456610935581,88,j,84,ぜ,63,False,0,ok,,,,False,,,
44,FZLingFKSJW-B,test,0.38397367858083203,0.17994791666666665,0.4161241319444445,0.5228298611111111,0.16338951696068105,83,f,82,探,84,False,0,ok,,,,False,,,
45,FZLiuBSLSJW,train,0.3858602937949798,0.21028645833333331,0.4231770833333333,0.5133463541666666,0.1718588868044585,84,j,70,ぁ,84,False,0,ok,,,,False,,,
46,FZShuQTJW,train,0.38671652157934,0.18841145833333334,0.4279513888888889,0.4937065972222222,0.135127143397841,78,j,84,ぁ,78,False,0,ok,,,,False,,,
47,FZMingCTJW-EB,train,0.3880977995545901,0.21158854166666669,0.4405381944444444,0.4720052083333333,0.20598954904993858,85,ǘ,84,ぁ,68,False,0,ok,,,,False,,,
48,FZYongDHJW-T,train,0.38860622229901703,0.2127387152777778,0.4468315972222222,0.48318142361111105,0.1276753047108127,91,j,83,ぁ,73,False,0,ok,,,,False,,,
49,FZYunLTJW,train,0.38951627501316477,0.22081163194444445,0.4103732638888889,0.515625,0.1864132163858171,84,j,79,ぁ,84,False,0,ok,,,,False,,,
50,FZFengYKSJ,test,0.3901472608938915,0.18168402777777778,0.4225260416666667,0.5309244791666666,0.09484706863261365,84,ㄅ,75,à,84,False,0,ok,,,,False,,,
51,FZCuanBZBKSJW,test,0.392223291864139,0.1855251736111111,0.41775173611111105,0.5577473958333333,0.15940372948481657,84,舞,80,W,84,False,0,ok,,,,False,,,
52,FZLangKFTJW3,train,0.3962286208750219,0.25494791666666666,0.43619791666666663,0.46419270833333337,0.23040446863480782,75,Q,71,W,84,False,0,ok,,,,False,,,
53,FZMiaoYTJW-H,train,0.3997046142706688,0.22862413194444445,0.4453125,0.47903645833333325,0.2265782703615938,82,ǘ,72,げ,84,False,0,ok,,,,False,,,
54,FZGangYTJ,train,0.40068546219501494,0.24192708333333332,0.44281684027777785,0.482421875,0.2541808599921011,83,ǘ,69,が,84,False,0,ok,,,,False,,,
55,FZHeJYSXZJW,train,0.4036436049126733,0.2375,0.4443359375,0.4798177083333333,0.3375568761519221,71,ǘ,83,C,71,False,0,ok,,,,False,,,
56,FZSiNTJW-UL,train,0.4038851314288222,0.2006510416666667,0.462890625,0.49717881944444436,0.09648667198744953,92,j,84,ぁ,70,False,0,ok,,,,False,,,
57,FZMingMTJW-EB,train,0.4047326169475162,0.2250434027777778,0.4453125,0.48318142361111105,0.20349268940889945,84,j,78,ぁ,84,False,0,ok,,,,False,,,
58,FZXinRTJW-EB,train,0.4050687656332281,0.2412109375,0.4434678819444444,0.4943576388888889,0.21016286669519044,73,Q,72,飞,83,False,0,ok,,,,False,,,
59,FZKANGJW,val,0.4052545816328769,0.2013454861111111,0.4267578125,0.552517361111111,0.15269875455283485,79,f,84,路,81,False,0,ok,,,,False,,,
60,FZLiuGQKJW-L,test,0.4054559965771458,0.19891493055555556,0.4169921875,0.5777994791666667,0.10342443116991397,84,希,83,ぁ,84,False,0,ok,,,,False,,,
61,FZXinHJYKXZJW,train,0.4057270068127962,0.23502604166666666,0.4444444444444444,0.4798177083333333,0.13968734915306302,71,ǘ,84,ぁ,71,False,0,ok,,,,False,,,
62,FZBaiZJHTJW,train,0.40680761941592075,0.1572048611111111,0.4231770833333333,0.600390625,0.15959674499736703,84,多,81,ぁ,84,False,0,ok,,,,False,,,
63,FZGLJW,train,0.4071862795111462,0.1763671875,0.4267578125,0.5935546875,0.1153588237230121,83,う,83,W,84,False,0,review,跨语种色散=1.69≥1.55,b_screen:review,review,True,pass,PI-policy,2026-09-03T17:47:38.183968+00:00
64,FZYiZTJW-EB,train,0.41096756653721256,0.25,0.45355902777777773,0.4845920138888889,0.26878541474679657,83,ǘ,69,が,84,False,0,ok,,,,False,,,
65,FZVDLJieYTJW-B,train,0.41134536954756884,0.19921875,0.4557291666666667,0.5514322916666667,0.1671629188059505,83,ǘ,69,ぁ,83,False,0,ok,,,,False,,,
66,FZDouSDYWTJW-B,train,0.41191635948744953,0.2234375,0.45572916666666663,0.4925347222222222,0.22286863563059509,78,j,74,W,84,False,0,ok,,,,False,,,
67,FZMaLTJW_Da,train,0.4131311915810953,0.22786458333333331,0.45355902777777773,0.505859375,0.17015877325785503,84,ㄅ,74,ぁ,84,False,0,ok,,,,False,,,
68,FZHuaSKXTJW-H,train,0.41371658054677896,0.24479166666666666,0.45703125,0.5043836805555555,0.24858255304326843,80,ǘ,66,W,84,False,0,review,永贴边,b_screen:review,review,True,pass,PI-policy,2026-09-03T17:47:38.183972+00:00
69,FZJunTJW,train,0.4138463431959803,0.24557291666666667,0.4513888888888889,0.4796006944444445,0.27252659020098297,69,ǚ,84,W,77,False,0,ok,,,,False,,,
70,FZVDLXinZTJW-R,train,0.4165682733236792,0.16269531250000002,0.4716796875,0.616015625,0.0859729833135861,84,寒,81,ぁ,84,False,0,ok,,,,False,,,
71,FZJingQSTJW_Cu,train,0.4175796334693698,0.2704861111111111,0.4375,0.5164930555555556,0.23420769703352642,82,デ,78,ず,84,False,0,ok,,,,False,,,
72,FZQingYSJW-T,val,0.41849997120194843,0.21015625,0.4618055555555556,0.5263671875,0.0904246821243637,84,j,83,W,78,False,0,ok,,,,False,,,
73,FZPanDLTJW,train,0.41852516949710367,0.21278211805555558,0.45453559027777785,0.5466796875,0.2173255249473407,78,息,76,W,84,False,0,ok,,,,False,,,
74,FZYooncheQWHJW-B,train,0.41858499402097593,0.23246527777777778,0.44965277777777785,0.53125,0.24579531304853433,84,ǘ,83,M,73,False,0,ok,,,,False,,,
75,FZYouSTJW-B,train,0.42149188306345436,0.2433159722222222,0.4720052083333333,0.5057508680555556,0.2503829455195717,84,ǘ,68,ぁ,84,False,0,review,永贴边,b_screen:review,review,True,pass,PI-policy,2026-09-03T17:47:38.183977+00:00
76,FZXiangHJW-M,train,0.422401078692733,0.25065104166666663,0.4657118055555555,0.4911024305555556,0.2385430037190627,86,j,84,ぁ,71,False,0,ok,,,,False,,,
77,FZPiaoCTJW,train,0.4254870984728805,0.17174479166666667,0.4716796875,0.5855034722222222,0.11065754179831491,84,福,80,ぁ,84,False,0,ok,,,,False,,,
78,FZManYTJW-H,train,0.4254910410632789,0.232421875,0.47395833333333337,0.5249565972222222,0.239634929842461,89,ǘ,83,W,72,False,0,ok,,,,False,,,
79,FZLaGBTTJW_Da,train,0.4256941701772862,0.24947916666666667,0.4725477430555556,0.5,0.24451671384061788,84,Q,84,ぁ,84,False,0,ok,,,,False,,,
80,FZLengRSJW-B,train,0.42571319746138314,0.24231770833333335,0.4709201388888889,0.5138888888888888,0.20942440237186238,83,ǘ,82,W,84,False,0,ok,,,,False,,,
81,FZZiRTJW-EB,train,0.42630612877391616,0.27799479166666663,0.4609375,0.49479166666666663,0.2482030358631736,84,ǚ,82,ぁ,84,False,0,ok,,,,False,,,
82,FZBangSKLTJW,train,0.4273690854287345,0.26358506944444443,0.4444444444444444,0.5344618055555553,0.18210996467439003,76,ǘ,78,W,84,False,0,ok,,,,False,,,
83,FZChenQTJW,train,0.42799818572274884,0.1517578125,0.4716796875,0.6102430555555556,0.12179364550421275,83,う,82,ぁ,83,False,0,ok,,,,False,,,
84,FZSuHJW,val,0.4291444510268562,0.2564670138888889,0.47526041666666663,0.5142795138888888,0.266888514514218,80,j,84,W,74,False,0,ok,,,,False,,,
85,FZFWZhuZGDSHJW,train,0.4294447735650342,0.17604166666666668,0.46332465277777773,0.5989583333333334,0.18229783767772512,82,j,79,W,84,False,0,ok,,,,False,,,
86,FZYanZQKSJW,train,0.43055538413858174,0.21712239583333334,0.4654947916666667,0.5941840277777778,0.15988901093777427,82,j,80,W,84,False,0,ok,,,,False,,,
87,FZZhaoJSJSJW,train,0.43207311002501325,0.21165364583333335,0.451171875,0.601736111111111,0.0707578412980516,83,す,83,び,84,False,0,ok,,,,False,,,
88,FZZHJW,val,0.43600112998069157,0.24565972222222224,0.48665364583333337,0.534722222222222,0.1535302982929612,76,j,79,W,84,False,0,ok,,,,False,,,
89,FZFWZhuZGDLHJW,train,0.4360074724087239,0.17786458333333333,0.4722222222222222,0.6086154513888888,0.184879548720818,77,j,80,W,84,False,0,ok,,,,False,,,
90,FZHengFSJW-T,val,0.43612232178120064,0.19073350694444444,0.46484375,0.6130859374999998,0.0972729616464806,84,j,82,ぁ,84,False,0,ok,,,,False,,,
91,FZYiHJW,train,0.4365899472858522,0.2462673611111111,0.4911024305555556,0.5416666666666666,0.20270228574249605,84,ǚ,77,ぁ,84,False,0,ok,,,,False,,,
92,FZHanWZKJW,test,0.4370700862295945,0.19149305555555554,0.4654947916666667,0.6184895833333333,0.1295698051057574,84,j,80,ぁ,84,False,0,ok,,,,False,,,
93,FZTJLSJW,test,0.4389021908460593,0.18980034722222222,0.4798177083333333,0.5921657986111111,0.11196065363349131,83,す,83,で,84,False,0,review,跨语种色散=1.62≥1.55,b_screen:review,review,True,pass,PI-policy,2026-09-03T17:47:38.183986+00:00
94,FZYTJW,train,0.440401917950237,0.22751736111111115,0.47146267361111105,0.6095920138888888,0.1689915950829384,82,Q,84,à,82,False,0,ok,,,,False,,,
95,FZSiNTJW-UB,train,0.4404908833596629,0.2603298611111111,0.5009765625,0.542751736111111,0.26157458832499564,93,j,84,W,71,False,0,ok,,,,False,,,
96,FZWBJW,train,0.44335697516236616,0.20052083333333334,0.46875,0.6091362847222221,0.1417712653041074,83,う,83,家,84,False,0,ok,,,,False,,,
97,FZSiNTJW-H,train,0.44369758068939796,0.26171875,0.5009765625,0.544921875,0.2777035542281025,93,j,84,W,71,False,0,ok,,,,False,,,
98,FZZiZDKJW,train,0.4445898060382657,0.18684895833333334,0.4796006944444445,0.6343315972222222,0.24130230274705985,83,幸,83,暗,84,False,0,ok,,,,False,,,
99,FZYouYSJW-R,train,0.4450382328418466,0.19895833333333332,0.49782986111111116,0.5690104166666666,0.11317685706292788,82,j,83,W,76,False,0,ok,,,,False,,,
100,FZJingLTJW-H,test,0.44626472128971395,0.26875,0.5030381944444444,0.5347222222222222,0.27543605049806913,84,ǘ,72,ぁ,84,False,0,ok,,,,False,,,
101,FZWeiWTJW,train,0.44705683912585564,0.20642361111111113,0.478515625,0.6266276041666667,0.18039956610935579,84,成,80,ぁ,84,False,0,ok,,,,False,,,
102,FZFWZhuZiHeiU,train,0.4486714156025101,0.26961805555555557,0.4798177083333333,0.5315755208333334,0.26663824573240297,72,j,78,W,84,False,0,ok,,,,False,,,
103,FZQingFSJW_Xi,train,0.4488274050487099,0.1762152777777778,0.5007595486111112,0.6022135416666667,0.09940710297086186,80,j,83,ぁ,80,False,0,ok,,,,False,,,
104,FZDuHJW_Cu,train,0.4492907451290153,0.2202690972222222,0.49782986111111116,0.5696614583333333,0.2459554165021064,84,ず,82,ぁ,84,False,0,ok,,,,False,,,
105,FZDaDXMTJW,train,0.44929588763823064,0.2880859375,0.47265625,0.5556857638888888,0.25004182574161843,83,ǚ,84,ぜ,84,False,0,ok,,,,False,,,
106,FZZuoZJHJW-B,train,0.44975905630156227,0.2560763888888889,0.4937065972222222,0.5360243055555556,0.2922153723999473,81,ǚ,84,ぁ,81,False,0,ok,,,,False,,,
107,FZHeiFJW-L,train,0.4507054494141653,0.21341145833333333,0.5007595486111112,0.6102430555555556,0.1183416504849043,79,ǚ,84,ぁ,79,False,0,ok,,,,False,,,
108,FZZDHJW,train,0.45255726698262244,0.28515625,0.494140625,0.5315755208333334,0.25594834040942605,75,Q,80,W,83,False,0,ok,,,,False,,,
109,FZFWZhuZiHeiH,train,0.4543343467504828,0.26241319444444444,0.4869791666666667,0.546875,0.2512760279533088,74,j,80,W,84,False,0,ok,,,,False,,,
110,FZYDCHJW,train,0.4543844005068457,0.234375,0.5088975694444444,0.5620659722222222,0.24336684878005968,76,j,80,W,83,False,0,ok,,,,False,,,
111,FZZiZLDJW,train,0.45615753768430745,0.18880208333333331,0.5016276041666666,0.634765625,0.22999221081270846,83,弟,82,事,84,False,0,ok,,,,False,,,
112,FZWuYTJW,train,0.4571037593799368,0.17628038194444445,0.5234375,0.6343315972222222,0.13798654993856416,83,j,81,ダ,84,False,0,ok,,,,False,,,
113,FZYiXTJW-EB,train,0.45757601314288227,0.23504774305555554,0.5138888888888888,0.5914713541666666,0.270664659031069,84,ǚ,78,ぁ,84,False,0,ok,,,,False,,,
114,FZFWZhuZLSHTJWB,train,0.4579126760795155,0.19908854166666667,0.505859375,0.6180121527777778,0.1974166433539582,82,j,82,W,84,False,0,ok,,,,False,,,
115,FZWenHYBTJW,train,0.4586410268013867,0.26540798611111105,0.4869791666666667,0.5860243055555555,0.3146550541951904,83,ず,82,W,84,False,0,ok,,,,False,,,
116,FZBangSKKXJW,val,0.4613007325675794,0.27630208333333334,0.48665364583333337,0.5703125,0.1791451366947516,79,ǘ,83,W,81,False,0,ok,,,,False,,,
117,FZShuLTJW-H,train,0.46150574726829907,0.26128472222222227,0.5078125,0.552517361111111,0.2774837976676321,78,ǚ,77,W,84,False,0,ok,,,,False,,,
118,FZYuLTJW-EB,train,0.4622284412300333,0.24231770833333335,0.5164930555555556,0.5855034722222222,0.26005874802527645,84,ǘ,81,ぁ,84,False,0,ok,,,,False,,,
119,FZFWZhuZiABiaoTMCJW,train,0.4630438717746182,0.20503472222222222,0.5227864583333333,0.6178385416666666,0.18574623294058276,79,j,79,W,84,False,0,ok,,,,False,,,
120,FZQingLuTJW-EB,train,0.46339167681455146,0.26629774305555554,0.5164930555555556,0.5861545138888888,0.24364111593821308,80,j,84,W,83,False,0,ok,,,,False,,,
121,FZWeiYHJW,train,0.4675792220686326,0.28450520833333337,0.5180121527777778,0.561328125,0.334073340409426,84,Q,73,ぁ,84,False,0,ok,,,,False,,,
122,FZJunYTJW-H,val,0.467937997794892,0.24639756944444446,0.5126953125,0.583984375,0.25782209935053535,84,j,80,ぁ,84,False,0,ok,,,,False,,,
123,FZShangYTJW,train,0.4693760147884851,0.2294921875,0.5121527777777778,0.6266710069444444,0.18552424795945233,84,ず,83,ぁ,84,False,0,review,跨语种色散=1.60≥1.55,b_screen:review,review,True,pass,PI-policy,2026-09-03T17:47:38.183999+00:00
124,FZLiYHJW-EL,train,0.47169151527119546,0.22847222222222224,0.5299479166666667,0.5681423611111112,0.10778476473363173,84,ず,75,ぁ,84,False,0,ok,,,,False,,,
125,FZPTYJW,train,0.4729534870326488,0.2702473958333333,0.5386284722222222,0.5698350694444444,0.29332649722441634,77,本,83,会,84,False,0,ok,,,,False,,,
126,FZYiHTJW-EB,train,0.47350459260356326,0.26888020833333337,0.5164930555555556,0.5861545138888888,0.22164986094655084,83,ず,78,也,84,False,0,ok,,,,False,,,
127,FZJianQRTJW,train,0.4742955105208882,0.21875,0.5386284722222222,0.6022135416666667,0.19216579861111113,84,乐,77,ぁ,84,False,0,ok,,,,False,,,
128,FZShiSTJW-B,train,0.4746013184022292,0.2892795138888889,0.5161675347222222,0.5625,0.24339530399771808,81,j,83,ぁ,81,False,0,ok,,,,False,,,
129,FZYiMSJW-T,train,0.4776789387506582,0.26341145833333335,0.5315755208333334,0.5861545138888888,0.0986670958947692,80,j,82,W,84,False,0,ok,,,,False,,,
130,FZFXKTJW,train,0.478834803405301,0.23897569444444441,0.5016276041666666,0.6432291666666666,0.22300645487756715,82,ず,82,但,84,False,0,ok,,,,False,,,
131,FZFeiSJW-EL,train,0.4788541735233456,0.22873263888888892,0.5347222222222222,0.6009114583333334,0.10057428114577849,89,j,83,W,82,False,0,ok,,,,False,,,
132,FZFWZhuZiHeiE,train,0.47949938701290146,0.26764322916666666,0.5234375,0.5940755208333333,0.24290693703923114,78,j,82,W,84,False,0,ok,,,,False,,,
133,FZShuiYJW,train,0.4796296639130244,0.26236979166666663,0.5379774305555556,0.6022135416666667,0.14696571386255924,78,j,84,风,79,False,0,ok,,,,False,,,
134,FZJingKHJW,train,0.48016379920352814,0.2760416666666667,0.5452473958333333,0.578125,0.27368639744602424,80,ǜ,75,デ,84,False,0,ok,,,,False,,,
135,FZFWZhuZiHeiL,train,0.4810465966188345,0.2283854166666667,0.5299479166666667,0.634765625,0.13642665547656663,84,j,81,ぁ,84,False,0,ok,,,,False,,,
136,FZBaiZBYTJW,train,0.4818166016653501,0.24288194444444441,0.5126953125,0.6349826388888888,0.2003689578945059,81,ǚ,83,体,82,False,0,ok,,,,False,,,
137,FZBaiZRZTJW,train,0.4818952820563454,0.2103732638888889,0.5289713541666667,0.6266276041666667,0.21614000515622261,84,坚,82,ぁ,84,False,0,ok,,,,False,,,
138,FZTanHTJW_Da,train,0.4822170317162542,0.2998263888888889,0.537109375,0.5729166666666667,0.30329268008381605,83,Q,78,が,84,False,0,ok,,,,False,,,
139,FZMoFHJW,train,0.4825572944093382,0.24305555555555558,0.5277777777777777,0.578125,0.3231611072713709,82,く,76,ネ,84,False,0,ok,,,,False,,,
140,FZHuoYYJW-T,test,0.483496316592066,0.2706163194444444,0.546875,0.6103515625,0.1054408090332631,84,j,82,ぁ,84,False,0,ok,,,,False,,,
141,FZChuangHJW_DB,test,0.4836029379497981,0.27074652777777775,0.5452473958333333,0.5914713541666666,0.22428522550245747,84,Q,81,ぁ,84,False,0,ok,,,,False,,,
142,FZTaiHTJW-H,train,0.483974569949096,0.2566189236111111,0.53125,0.6130208333333332,0.3369903430533614,79,ず,84,お,81,False,0,ok,,,,False,,,
143,FZZhenSYJW,train,0.4870208209913112,0.22864583333333333,0.5386284722222222,0.634765625,0.16628303547919956,84,j,78,ぁ,84,False,0,ok,,,,False,,,
144,FZFWZhuZiHeiR,train,0.48838855702562756,0.22925347222222225,0.5392795138888888,0.6432291666666666,0.1574485474811304,84,j,81,ぁ,84,False,0,ok,,,,False,,,
145,FZHengWHJ-L,train,0.48894154818325436,0.21842447916666666,0.5743272569444444,0.6771918402777777,0.11563394796603475,84,j,80,W,84,False,0,ok,,,,False,,,
146,FZLiuCTJW_Te,train,0.49113705678427244,0.29878472222222224,0.53125,0.6076388888888888,0.22416454795286997,80,j,78,が,84,False,0,ok,,,,False,,,
147,FZSongKBXKJW-EB,val,0.49277288896568366,0.21397569444444445,0.5386284722222222,0.6768880208333333,0.20714369953484288,82,希,83,ぽ,84,False,0,ok,,,,False,,,
148,FZBenMKYJW,train,0.4940763436348078,0.26853298611111115,0.5452473958333333,0.6009114583333334,0.2767518471893102,83,j,84,W,84,False,0,ok,,,,False,,,
149,FZFWZhuZiHeiM,train,0.49439295078550116,0.23407118055555556,0.546875,0.6514756944444444,0.1721705228629103,84,j,82,ぁ,84,False,0,ok,,,,False,,,
150,FZBaiZJKJW,train,0.49458253795857476,0.2564019097222222,0.5238715277777778,0.6593967013888888,0.2226401368044585,84,着,82,ぁ,84,False,0,ok,,,,False,,,
151,FZGDCTJW-L,train,0.4947620115301913,0.21126302083333334,0.554470486111111,0.6349826388888888,0.12684718931016323,84,食,80,ぁ,84,False,0,ok,,,,False,,,
152,FZShiGKSJW,train,0.4948648617144988,0.22018229166666664,0.5540364583333334,0.6516927083333334,0.19793792237142357,84,寒,81,ぁ,84,False,0,ok,,,,False,,,
153,FZShiGKSK,train,0.49486486171449884,0.22018229166666664,0.5540364583333334,0.6516927083333334,0.19794340771458663,84,寒,81,ぁ,84,False,0,ok,,,,False,,,
154,FZIwataFWTJW-H,train,0.4951257583486922,0.265625,0.5460069444444445,0.6266276041666667,0.2916839797810251,78,j,84,M,78,False,0,ok,,,,False,,,
155,FZGuangHTJW-H,train,0.49621837013998593,0.24967447916666669,0.5546875,0.6022135416666667,0.2621157517114271,84,ǘ,82,ぁ,84,False,0,ok,,,,False,,,
156,FZZhuoHJW,train,0.4965109789143409,0.24468315972222218,0.5392795138888888,0.6086154513888888,0.3232915555884676,82,真,77,ネ,84,False,0,ok,,,,False,,,
157,FZFuGCYJW,train,0.4983247419146042,0.2950520833333334,0.5533854166666667,0.5918619791666666,0.3558287256450764,84,j,84,ぁ,84,False,0,ok,,,,False,,,
158,FZVariable-YouSongJ,train,0.4988605913748464,0.23298611111111112,0.5690104166666666,0.6516927083333334,0.14866857008074424,84,げ,78,ぁ,84,False,0,ok,,,,False,,,
159,FZRuiZHLTJW,train,0.4994842063256977,0.3169487847222222,0.5465494791666666,0.5861545138888888,0.2245984043136739,79,Q,82,W,84,False,0,ok,,,,False,,,
160,FZYouSJJW_507R,train,0.5007830327365279,0.23546006944444445,0.5696614583333333,0.6515625,0.15688647122388977,84,Q,78,ぁ,84,False,0,ok,,,,False,,,
161,FZXinZYHJW_UL,train,0.5010734130902229,0.23485243055555557,0.5620659722222222,0.5940755208333333,0.0774671016543795,84,ず,81,ぁ,84,False,0,ok,,,,False,,,
162,FZSongYJW,train,0.5018233623507986,0.19678819444444445,0.5670572916666666,0.6770833333333334,0.15177721690143936,84,食,81,ぁ,84,False,0,ok,,,,False,,,
163,FZSongYuanK,train,0.5018233623507986,0.19678819444444445,0.5670572916666666,0.6770833333333334,0.15177721690143936,84,食,81,ぁ,84,False,0,ok,,,,False,,,
164,FZDongGSJW-L,train,0.5020127781068983,0.2750651041666667,0.5620659722222222,0.6266276041666667,0.10984211125373004,84,j,82,W,84,False,0,ok,,,,False,,,
165,FZYouSJJW_508R,train,0.5022767602466209,0.23630642361111112,0.5703125,0.6516927083333334,0.17284264881736,84,Q,78,ぁ,84,False,0,ok,,,,False,,,
166,FZYanSJW,train,0.5028234089762156,0.25017361111111114,0.554470486111111,0.6433376736111112,0.15318677867737404,80,う,80,W,84,False,0,ok,,,,False,,,
167,FZFWZhuZiHeiB,val,0.5028336939946463,0.2625434027777777,0.5540364583333334,0.6429036458333333,0.22476416452738285,82,j,83,W,84,False,0,ok,,,,False,,,
168,FZFWZhuZiHeiD,train,0.5030064823042829,0.24127604166666666,0.554470486111111,0.6597222222222222,0.19510405695980337,84,j,82,ぁ,84,False,0,ok,,,,False,,,
169,FZQingLTJW_Xian,train,0.503016424488766,0.2647569444444444,0.5700954861111112,0.6019965277777777,0.11075113546603475,84,Q,79,ぁ,84,False,0,ok,,,,False,,,
170,FZYouSJJW_509R,train,0.5047167094523434,0.23771701388888888,0.5772569444444444,0.6516927083333334,0.186960550783307,84,冬,79,ぁ,84,False,0,ok,,,,False,,,
171,FZCuYSJ_V2,train,0.5051839921230472,0.25802951388888884,0.5623914930555556,0.634765625,0.24792311194488328,81,j,84,雪,82,False,0,ok,,,,False,,,
172,FZFWZhuZiMinchoD,train,0.505230960373881,0.22209201388888888,0.5755208333333334,0.6684027777777778,0.17263660561479724,83,j,80,W,84,False,0,ok,,,,False,,,
173,FZJingYLLTJW,test,0.5060205069554151,0.25390625,0.5681423611111112,0.6516927083333334,0.2837612586668422,78,j,84,ず,80,False,0,ok,,,,False,,,
174,FZDouNTJW_Te,test,0.5063396853607162,0.3194444444444444,0.546875,0.6022135416666667,0.2954863510948745,82,j,84,ぁ,82,False,0,ok,,,,False,,,
175,FZHZGBJW,train,0.5064997888142881,0.26048177083333335,0.6022135416666667,0.6266276041666667,0.2951327178778304,79,j,84,了,81,False,0,ok,,,,False,,,
176,FZRuiZHJW,train,0.5078303273652799,0.2708333333333333,0.5700954861111112,0.625,0.18903606750263297,82,j,84,W,83,False,0,ok,,,,False,,,
177,FZJiangYTJW_EB,train,0.50831303756363,0.2939453125,0.5755208333333334,0.6099175347222222,0.2619815322209057,83,j,83,び,84,False,0,ok,,,,False,,,
178,FZXinGHJW-EL,train,0.5083876039472529,0.2441623263888889,0.5696614583333333,0.6102430555555556,0.11373876190319468,84,ず,82,ぁ,84,False,0,ok,,,,False,,,
179,FZYongKTJ,train,0.5101504561062841,0.27799479166666663,0.578125,0.6022135416666667,0.20725254931323503,84,j,79,à,84,False,0,ok,,,,False,,,
180,FZKuaiSTJW_Te,train,0.5112898647314376,0.2978515625,0.552517361111111,0.6321614583333334,0.24427518732446907,80,j,78,ズ,84,False,0,ok,,,,False,,,
181,FZCHYJW,train,0.5117622899113567,0.26501736111111107,0.5703125,0.6236979166666666,0.22533344029752497,84,す,84,à,84,False,0,ok,,,,False,,,
182,FZBenMXYTJW_Italic,train,0.5118653115126383,0.27374131944444446,0.546875,0.685546875,0.1829409941635949,78,浅,84,W,84,False,0,ok,,,,False,,,
183,FZMoDTJW_Cu,train,0.5119085085900474,0.29166666666666663,0.5696614583333333,0.6022135416666667,0.267789482128752,84,Q,82,ぁ,84,False,0,ok,,,,False,,,
184,FZLiHJW-EB,train,0.5119289072099351,0.26015625000000003,0.5625,0.6182725694444445,0.28265253368000703,84,舞,82,ぁ,84,False,0,ok,,,,False,,,
185,FZQiSTJW-EB,train,0.512520638603651,0.2957899305555555,0.5700954861111112,0.6022135416666667,0.33100600507942773,82,げ,79,ぼ,84,False,0,ok,,,,False,,,
186,FZBaoCTJW_Te,train,0.5134531469413727,0.2935546875,0.5861545138888888,0.6256510416666666,0.23684014750087765,83,j,84,ゾ,84,False,0,ok,,,,False,,,
187,FZBaiZWGTJW,train,0.5149530454625241,0.27968750000000003,0.546875,0.6432725694444444,0.29485399387835703,84,并,80,ぁ,84,False,0,ok,,,,False,,,
188,FZYouHJW_508R,train,0.5150905218755485,0.22994791666666667,0.578125,0.6516927083333334,0.1851826139305775,84,ず,83,ぁ,84,False,0,ok,,,,False,,,
189,FZYouHK_508R,train,0.5150905218755485,0.22994791666666667,0.578125,0.6516927083333334,0.18518261393057747,84,ず,83,ぁ,84,False,0,ok,,,,False,,,
190,FZYaoDHJW,train,0.5155679181477093,0.2960069444444445,0.5782335069444444,0.6266276041666667,0.3080207030564332,81,诗,77,W,84,False,0,ok,,,,False,,,
191,FZHanSTJW_Te,train,0.5171826660413376,0.2981770833333333,0.578125,0.634765625,0.23201064567974372,82,Q,84,ざ,83,False,0,ok,,,,False,,,
192,FZXinZYHJW_EB,train,0.5185732005331753,0.2795138888888889,0.578125,0.6022135416666667,0.33581905087107256,81,ず,80,た,84,False,0,ok,,,,False,,,
193,FZCQJW,train,0.5189168915657363,0.2569661458333334,0.5940755208333333,0.6516927083333334,0.2443132418926628,81,ず,81,把,84,False,0,ok,,,,False,,,
194,FZQingKBYSJW-EL,train,0.5198965395712656,0.2361111111111111,0.5815972222222222,0.6944444444444445,0.09614332378883622,84,人,83,ぁ,84,False,0,ok,,,,False,,,
195,FZXieXTJW-EB,train,0.5203830209430401,0.24162326388888888,0.580078125,0.6514756944444444,0.2067432694839389,82,と,84,W,82,False,0,ok,,,,False,,,
196,FZRunYYSJW,train,0.521260847266105,0.2449001736111111,0.583984375,0.6686197916666666,0.2657827036159382,82,合,81,ザ,84,False,0,ok,,,,False,,,
197,FZJinCTJW_Te,train,0.5213698684614709,0.3076171875,0.5855034722222222,0.6103515625,0.30255301584167105,83,Q,84,ぁ,83,False,0,ok,,,,False,,,
198,FZChaoLTJW_Te,train,0.5218697203572055,0.29123263888888884,0.5861545138888888,0.6184895833333333,0.1952362194466386,84,Q,78,ぁ,84,False,0,ok,,,,False,,,
199,FZSiBTJW_Te,train,0.5223313462677726,0.2986111111111111,0.5855034722222222,0.6184895833333333,0.24457739544935933,83,j,81,ば,84,False,0,ok,,,,False,,,
200,FZJianZTJW-B,train,0.5229102213884501,0.259765625,0.5703125,0.6684027777777778,0.21787028809022294,81,ǘ,84,ぁ,81,False,0,ok,,,,False,,,
201,FZYiSJW_Te,train,0.5232796249670879,0.3243272569444444,0.578125,0.6102430555555556,0.31831394950193087,84,プ,79,W,84,False,0,ok,,,,False,,,
202,FZXiaoSSJW_Te,train,0.5246185629497981,0.3055555555555555,0.5690104166666666,0.6432291666666666,0.22891708355274706,84,Q,83,ぁ,84,False,0,ok,,,,False,,,
203,FZDeSHJW_511M,train,0.5249795670967176,0.2240668402777778,0.5940755208333333,0.6767578125,0.27090789971695634,83,ず,83,ぁ,83,False,0,ok,,,,False,,,
204,FZChaoZTJW_EB,train,0.5257939691394593,0.30078125,0.5859375,0.6349826388888888,0.3023624001667544,82,Q,82,が,84,False,0,ok,,,,False,,,
205,FZZiHJW,train,0.5261894280981219,0.3094618055555556,0.5703125,0.6184895833333333,0.36350957740916273,81,j,80,W,84,False,0,ok,,,,False,,,
206,FZBaiZDZ115JW,train,0.526290392695717,0.25169270833333335,0.5696614583333333,0.6718749999999998,0.25567784442469715,84,清,82,ぁ,84,False,0,ok,,,,False,,,
207,FZPWJW,train,0.5266757380529224,0.2901258680555555,0.6022135416666667,0.626736111111111,0.32091194515753907,80,ず,80,W,84,False,0,ok,,,,False,,,
208,FZZanMTJW_Te,val,0.5278885131428822,0.2978515625,0.5932074652777778,0.6263020833333334,0.2531708711822011,84,Q,80,ぁ,84,False,0,ok,,,,False,,,
209,FZShuangQTJW_Te,train,0.5280496450982972,0.3173828125,0.5859375,0.6349826388888888,0.3079137388647534,83,j,83,ぜ,84,False,0,ok,,,,False,,,
210,FZDeSHJW_507R,train,0.5280606157846234,0.21484375,0.6019965277777777,0.6771918402777777,0.20439639969501489,84,ず,84,ぁ,84,False,0,ok,,,,False,,,
211,FZOneFamily-Bold,train,0.5291102019154819,0.25481770833333334,0.5940755208333333,0.6598524305555555,0.2997145221717571,83,ず,83,ふ,84,False,0,ok,,,,False,,,
212,FZBiaoYTJW,train,0.5295917121950149,0.2760416666666667,0.6009114583333334,0.6423611111111112,0.2655487194466386,81,げ,80,W,84,False,0,ok,,,,False,,,
213,FZDeSHJW_508R,train,0.5302072705480955,0.2267361111111111,0.6022135416666667,0.6800998263888887,0.22232232973494823,84,ず,84,ぁ,84,False,0,ok,,,,False,,,
214,FZXianWTJW,train,0.5308247144878884,0.240234375,0.6022135416666667,0.6516927083333334,0.14142380309812183,84,j,82,ぁ,84,False,0,ok,,,,False,,,
215,FZDeSHJW_513B,train,0.530878539417676,0.2372395833333333,0.6000434027777777,0.6770833333333334,0.30550995864051256,83,ず,84,げ,84,False,0,ok,,,,False,,,
216,FZYunHJW-EB,train,0.5313285089740215,0.2960069444444445,0.5941840277777778,0.6349826388888888,0.3679737896590311,82,Q,79,W,84,False,0,ok,,,,False,,,
217,FZTiHJW,train,0.5314020468558012,0.30182291666666666,0.6000434027777777,0.6349826388888888,0.3356013513142882,83,ず,79,た,84,False,0,ok,,,,False,,,
218,FZYouHK_509R,train,0.5319745795484465,0.23359375,0.6015625,0.6770833333333334,0.2108778468931016,84,ず,83,ぁ,84,False,0,ok,,,,False,,,
219,FZYouHJW_509R,train,0.5319745795484466,0.23359375,0.6015625,0.6770833333333334,0.21087784689310166,84,ず,83,ぁ,84,False,0,ok,,,,False,,,
220,FZHuoLTJW_Te,train,0.5324581468316657,0.31690538194444445,0.6022135416666667,0.6266710069444444,0.29702533268606285,83,j,81,ぞ,84,False,0,ok,,,,False,,,
221,FZDeSHJW_509R,train,0.5326280210527471,0.22786458333333331,0.6086154513888888,0.6856336805555555,0.23976983500087765,84,ず,84,ぁ,84,False,0,ok,,,,False,,,
222,FZKuaiYTJW_Te,train,0.5326494481744778,0.31493055555555555,0.59375,0.6432291666666666,0.2857519239841145,82,j,82,ぼ,84,False,0,ok,,,,False,,,
223,FZZuanSTJW_Da,train,0.5326743036356855,0.3076171875,0.5782335069444444,0.6514756944444444,0.29766848917193256,83,j,84,ぁ,83,False,0,ok,,,,False,,,
224,FZFeiHHJW-H,test,0.5332591783504476,0.27022569444444444,0.5940755208333333,0.6349826388888888,0.324442277733895,82,ず,81,ぜ,84,False,0,ok,,,,False,,,
225,FZShiTSJW_Te,train,0.533476706490258,0.33285590277777777,0.5859375,0.626736111111111,0.2652645101040021,82,Q,84,ぎ,84,False,0,ok,,,,False,,,
226,FZDeSHJW_514H,train,0.5338514239950851,0.24088541666666669,0.6009114583333334,0.6851128472222222,0.3215137901527119,83,ず,84,げ,84,False,0,ok,,,,False,,,
227,FZFeiYTJW_Te,train,0.5345064082521502,0.31328125,0.6019965277777777,0.6349826388888888,0.26839715530103564,84,j,80,W,84,False,0,ok,,,,False,,,
228,FZYouHJW_510M,train,0.5345631472704931,0.23771701388888888,0.6019965277777777,0.6771267361111111,0.2277823031858873,84,ず,83,ぁ,84,False,0,ok,,,,False,,,
229,FZYouHK_510M,train,0.5345631472704933,0.23771701388888888,0.6019965277777777,0.6771267361111111,0.22778230318588735,84,ず,83,ぁ,84,False,0,ok,,,,False,,,
230,FZDeSHJW_510M,train,0.5348086163770405,0.22786458333333331,0.609375,0.6857638888888888,0.25896870748859047,84,ず,83,ぁ,84,False,0,ok,,,,False,,,
231,FZDeSHJW_515H,test,0.5366050662629455,0.24327256944444445,0.6015625,0.685546875,0.33727660939968407,83,ず,84,げ,84,False,0,ok,,,,False,,,
232,FZKuGHJW-H,train,0.5384615120896963,0.3008897569444445,0.6022135416666667,0.6600477430555556,0.35963983922459186,82,j,83,ザ,84,False,0,ok,,,,False,,,
233,FZQKBYSJW,train,0.5388304014174127,0.17966579861111112,0.615234375,0.7296006944444444,0.15579848769088994,84,す,84,à,84,False,0,ok,,,,False,,,
234,FZDeSHJW_512B,train,0.5403885817096716,0.24088541666666669,0.609375,0.6936848958333334,0.2957810168729156,84,ず,83,ぁ,84,False,0,ok,,,,False,,,
235,FZVDLJianZHJW-H,train,0.5415110200544146,0.35553385416666666,0.5861545138888888,0.6103515625,0.38776662196111983,79,j,83,W,79,False,0,ok,,,,False,,,
236,FZXingHeiJW-B,train,0.5417247770208004,0.24752604166666667,0.6099175347222222,0.6771267361111111,0.2612523244141654,84,ず,83,ぁ,84,False,0,ok,,,,False,,,
237,FZKuaiHTJW_Te,val,0.5433854646634194,0.3125,0.6184895833333333,0.6349826388888888,0.3154679134851676,84,j,81,ぁ,84,False,0,ok,,,,False,,,
238,FZHeYTJW-EB,train,0.5439758247213445,0.31145833333333334,0.6103515625,0.6600477430555556,0.3082060048051606,84,Q,83,ぁ,84,False,0,ok,,,,False,,,
239,FZYouHJW_512B,train,0.544151184285589,0.2412109375,0.6103515625,0.6940104166666666,0.26545855411839564,83,ず,83,个,84,False,0,ok,,,,False,,,
240,FZYouHK_512B,train,0.544151184285589,0.2412109375,0.6103515625,0.6940104166666666,0.26545855411839564,83,ず,83,个,84,False,0,ok,,,,False,,,
241,FZZhongYSJW_Te,val,0.5449553013099,0.31549479166666666,0.6022135416666667,0.6597222222222222,0.2822071923819554,83,Q,84,ぼ,84,False,0,ok,,,,False,,,
242,FZLiDXYTJW,train,0.5451015199885905,0.2794270833333334,0.6178385416666666,0.703125,0.240475730099175,82,j,84,ぁ,82,False,0,ok,,,,False,,,
243,FZYouHJW_511M,train,0.545590229781025,0.2449001736111111,0.6182725694444445,0.7024739583333334,0.24964242419255747,84,ず,83,ぁ,84,False,0,ok,,,,False,,,
244,FZYouHK_511M,val,0.5455902297810251,0.2449001736111111,0.6182725694444445,0.7024739583333334,0.24964242419255747,84,ず,83,ぁ,84,False,0,ok,,,,False,,,
245,FZChiDTJW,train,0.5475323840946988,0.2960069444444445,0.5859375,0.6943359375,0.3108763384237318,83,梦,83,た,84,False,0,ok,,,,False,,,
246,FZYouHJW_513B,train,0.5480762901527119,0.24522569444444442,0.6178385416666666,0.6943359375,0.284134090584957,83,ず,83,个,84,False,0,ok,,,,False,,,
247,FZYouHK_513B,train,0.548076290152712,0.24522569444444442,0.6178385416666666,0.6943359375,0.284134090584957,83,ず,83,个,84,False,0,ok,,,,False,,,
248,FZBaoHTJW_Da,train,0.5480814326619273,0.26015625000000003,0.6102430555555556,0.6857638888888888,0.2929958338818677,84,食,83,ぁ,84,False,0,ok,,,,False,,,
249,FZYASHJW_Cu,train,0.5503110532407408,0.25590277777777776,0.6182725694444445,0.6686197916666666,0.25628483192908547,83,げ,81,W,84,False,0,ok,,,,False,,,
250,FZJianLTJW_Te,test,0.551734499791557,0.3306640625,0.6178385416666666,0.6600477430555556,0.3246390644198701,84,j,81,W,84,False,0,ok,,,,False,,,
251,FZVDLJiaoRHJW-T,train,0.5524270243658943,0.3349609375,0.6019965277777777,0.6382812499999998,0.13688639580042128,84,j,80,ぁ,84,False,0,ok,,,,False,,,
252,FZLTHProGBK_H,val,0.5529069918926628,0.2560763888888889,0.6182725694444445,0.6686197916666666,0.3291034480867123,84,げ,81,à,84,False,0,ok,,,,False,,,
253,FZLTHProJW_H,train,0.5529069918926628,0.2560763888888889,0.6182725694444445,0.6686197916666666,0.32910584792434616,84,げ,81,à,84,False,0,ok,,,,False,,,
254,FZVDLGTMCJW-L,train,0.5529381897819028,0.22428385416666669,0.6178385416666666,0.6943793402777778,0.12498165838379849,84,J,83,ぁ,84,False,0,ok,,,,False,,,
255,FZJZJW,train,0.5534690681499035,0.28828125,0.634765625,0.6943359375,0.27417939266280494,82,f,84,à,82,False,0,ok,,,,False,,,
256,FZHaoGGTTJW,train,0.5534812387550465,0.2951388888888889,0.6171875,0.6943359375,0.2776228168334211,81,定,84,ぜ,82,False,0,ok,,,,False,,,
257,FZDengXHJW-B,train,0.5550666743461471,0.24479166666666669,0.6349826388888888,0.6943359375,0.31149892487274006,83,ず,84,歌,84,False,0,ok,,,,False,,,
258,FZVDLZhaoHJW-H,train,0.5577147237581183,0.3538628472222223,0.6015625,0.6516927083333334,0.356031511925136,82,ǚ,83,ぁ,82,False,0,ok,,,,False,,,
259,FZYaSSJW-B,train,0.5582063476391083,0.253515625,0.634765625,0.6771918402777777,0.25904070261760576,83,げ,81,W,84,False,0,ok,,,,False,,,
260,FZXueWRHJW,train,0.5626309625680183,0.29902343750000004,0.6510416666666667,0.6944444444444445,0.32485522122388977,82,ǘ,84,ぎ,84,False,0,ok,,,,False,,,
261,FZCCHJW,train,0.578267447505266,0.3032335069444445,0.6591796875,0.720703125,0.35410444230516064,83,Q,84,到,84,False,0,ok,,,,False,,,
