arm,font,mode,n,l1,ssim,D_out,delta_l1,delta_ssim,delta_D_out
K5-B,FZBangSKLTJW,baseline,12,0.12538807189542484,0.6530782442337179,1.3045459389686584,0.0,0.0,0.0
K5-B,FZBangSKLTJW,ec_only,12,0.12538753999863833,0.6531012293296637,1.3045111497243245,-5.318967865042268e-07,2.2985095945893264e-05,-3.478924433397701e-05
K5-B,FZBangSKLTJW,es_only,12,0.1253666187250363,0.6531363580752854,1.3043180505434673,-2.145317038854122e-05,5.811384156750865e-05,-0.00022788842519116947
K5-B,FZBangSKLTJW,zero_offset,12,0.12538814281499636,0.6530787737572257,1.304548700650533,7.09195715209443e-08,5.295235078195404e-07,2.761681874519084e-06
K5-B,FZPANGPBJW,baseline,12,0.07517846910176107,0.7217692681732717,0.9424306899309158,0.0,0.0,0.0
K5-B,FZPANGPBJW,ec_only,12,0.07519783014478938,0.7217421641667324,0.9424632440010706,1.936104302831254e-05,-2.7104006539269143e-05,3.255407015478884e-05
K5-B,FZPANGPBJW,es_only,12,0.07519850388071894,0.7217154895250207,0.9425657242536545,2.0034778957872534e-05,-5.377864825095724e-05,0.00013503432273864746
K5-B,FZPANGPBJW,zero_offset,12,0.07517850456154683,0.7217693276191334,0.9424305111169815,3.545978576047215e-08,5.944586167760946e-08,-1.7881393432617188e-07
K5-B,FZPTYJW,baseline,24,0.09131185605029048,0.7044288439781502,0.8931122571229935,0.0,0.0,0.0
K5-B,FZPTYJW,ec_only,24,0.09131657220179738,0.7044146626344232,0.8931283205747604,4.7161515069060744e-06,-1.4181343726993312e-05,1.6063451766967773e-05
K5-B,FZPTYJW,es_only,24,0.09131203334921932,0.7044128245792178,0.8931109060843786,1.7729892884399412e-07,-1.601939893236537e-05,-1.3510386148718467e-06
K5-B,FZPTYJW,zero_offset,24,0.09131210426879084,0.704428253111789,0.8931134194135666,2.482185003649384e-07,-5.908663611720044e-07,1.1622905731201172e-06
