category,stage,split,group,stratum,n,l1,ssim,D_region,D_change,D_high
baseline_delta,G0b_1shot,test,all,(),1808,0.07559732809321798,0.7588735948194113,0.5022391221049217,0.46673591762154765,0.1550393333304179
baseline_delta,G0b_1shot,test,font_shot,"('FZBuGTJW', 1)",128,0.06067370246438419,0.797361334475701,0.4481280375039205,0.37951906921807677,0.1430171729880385
baseline_delta,G0b_1shot,test,font_shot,"('FZChuangHJW_DB', 1)",112,0.09002918061755952,0.7268527701978993,0.48444292654416393,0.5081148349813053,0.17339040212599294
baseline_delta,G0b_1shot,test,font_shot,"('FZCuanBZBKSJW', 1)",128,0.07780198905462792,0.7675658471100668,0.5555651569738984,0.47133355669211596,0.1511823177570477
baseline_delta,G0b_1shot,test,font_shot,"('FZDeSHJW_515H', 1)",112,0.09658620663977396,0.695338349186529,0.48302307445555925,0.49585875775665045,0.15235610332872188
baseline_delta,G0b_1shot,test,font_shot,"('FZDouNTJW_Te', 1)",112,0.09464108288714791,0.7025410130972077,0.4393893482961825,0.484267218437578,0.15233256435021758
baseline_delta,G0b_1shot,test,font_shot,"('FZFeiHHJW-H', 1)",128,0.09004796512246391,0.7124280301423344,0.4440682514104992,0.5010582484537736,0.18906688125571236
baseline_delta,G0b_1shot,test,font_shot,"('FZFengYKSJ', 1)",112,0.056800877903244625,0.8126700647537018,0.5574263352900743,0.4536579253950289,0.15145854991195457
baseline_delta,G0b_1shot,test,font_shot,"('FZHanWZKJW', 1)",128,0.058008317801947165,0.8143149894588106,0.4826397511642426,0.41522371221799403,0.1501467385678552
baseline_delta,G0b_1shot,test,font_shot,"('FZHuoYYJW-T', 1)",80,0.05728885825163398,0.7936755636787726,0.5732175342738628,0.48407271057367324,0.1928163438104093
baseline_delta,G0b_1shot,test,font_shot,"('FZJianLTJW_Te', 1)",112,0.09220230192771553,0.6961521113905038,0.4184049355930516,0.498513319529593,0.1464252594991454
baseline_delta,G0b_1shot,test,font_shot,"('FZJingLTJW-H', 1)",128,0.08229160017956835,0.7272552246211378,0.4494815553771332,0.4360486624063924,0.1469009182183072
baseline_delta,G0b_1shot,test,font_shot,"('FZJingYLLTJW', 1)",80,0.07342443661492375,0.7571407088250924,0.4697824653238058,0.4594317954033613,0.1439727857708931
baseline_delta,G0b_1shot,test,font_shot,"('FZLingFKSJW-B', 1)",128,0.07503171102153969,0.7685693611227317,0.534292749594897,0.4753943784162402,0.1484686906915158
baseline_delta,G0b_1shot,test,font_shot,"('FZLiuGQKJW-L', 1)",112,0.0608190503849109,0.8082932563525008,0.5536663122475147,0.47397058324090074,0.1583300534236644
baseline_delta,G0b_1shot,test,font_shot,"('FZMaWDBSJW', 1)",128,0.07487698224634906,0.7784489308901392,0.5542588394600898,0.4476091853575781,0.13115327892592177
baseline_delta,G0b_1shot,test,font_shot,"('FZTJLSJW', 1)",80,0.06030451091026688,0.795630430931676,0.6472151082009077,0.5226926367729903,0.16319210054352878
baseline_delta,G0b_1shot,test,shot_script_difficulty,"(1, 'bopomofo', 'unconfirmed')",112,0.07713409148381574,0.7556132224176204,0.498041043457176,0.4041473296071802,0.13458736846223474
baseline_delta,G0b_1shot,test,shot_script_difficulty,"(1, 'kana', 'unconfirmed')",416,0.09636915490438296,0.6980151647416281,0.5283411824359343,0.4800947315704364,0.145548707823484
baseline_delta,G0b_1shot,test,shot_script_difficulty,"(1, 'western', 'unconfirmed')",1280,0.06871201758291207,0.7789378671798475,0.4941232843790203,0.467870804539416,0.15991333354613743
baseline_delta,G0b_1shot,train,all,(),960,0.0867989170404128,0.7224447651626182,0.5390585478084783,0.48162210317483795,0.17939952506373327
baseline_delta,G0b_1shot,train,font_shot,"('FZBangSKLTJW', 1)",295,0.12240275556432553,0.6604516280505209,0.6140895110065654,0.534913774163036,0.20695271966821055
baseline_delta,G0b_1shot,train,font_shot,"('FZDuHJW_Cu', 1)",112,0.07247597498200668,0.7613483092958375,0.42390180019927876,0.42349554545113016,0.15085488664252417
baseline_delta,G0b_1shot,train,font_shot,"('FZFeiSJW-EL', 1)",128,0.060631306966145826,0.779467157462216,0.5494515527971089,0.4755339687108062,0.18406589789083228
baseline_delta,G0b_1shot,train,font_shot,"('FZPANGPBJW', 1)",89,0.08681145542642775,0.6788215169586038,0.6917433772194251,0.5461845669183838,0.18721771022576963
baseline_delta,G0b_1shot,train,font_shot,"('FZPTYJW', 1)",80,0.08717924496187364,0.7169623473210891,0.44597693644464015,0.46379567328840493,0.13170115696266294
baseline_delta,G0b_1shot,train,font_shot,"('FZShuLTJW-H', 1)",128,0.06982963079980256,0.7557350963219632,0.37791659345384687,0.37431748409289867,0.15188234124798328
baseline_delta,G0b_1shot,train,font_shot,"('FZYiMSJW-T', 1)",128,0.060166243010876225,0.7747245496929551,0.569659064989537,0.4893053773557767,0.18810078967362642
baseline_delta,G0b_1shot,train,shot_script_difficulty,"(1, 'bopomofo', 'confirmed_detail')",37,0.12945663954395573,0.6483584537272696,0.6789481551260561,0.5500715246071687,0.18930975569261088
baseline_delta,G0b_1shot,train,shot_script_difficulty,"(1, 'bopomofo', 'unconfirmed')",48,0.06310242630038126,0.7673711214525417,0.48693766879538697,0.40522670016313594,0.156817063378791
baseline_delta,G0b_1shot,train,shot_script_difficulty,"(1, 'kana', 'unconfirmed')",297,0.11005415876952164,0.6684108113251283,0.5811308986610837,0.5082109050718622,0.18606517280793752
baseline_delta,G0b_1shot,train,shot_script_difficulty,"(1, 'western', 'confirmed_detail')",89,0.08681145542642775,0.6788215169586038,0.6917433772194251,0.5461845669183838,0.18721771022576963
baseline_delta,G0b_1shot,train,shot_script_difficulty,"(1, 'western', 'unconfirmed')",489,0.0717706411978561,0.7643983066781262,0.4802476044569035,0.4560421794835775,0.17539495199248348
baseline_delta,G0b_1shot,val,all,(),528,0.0738720024553645,0.7686630772983556,0.4217315482850553,0.42941459255631675,0.15443262112834913
baseline_delta,G0b_1shot,val,font_shot,"('FZBangSKKXJW', 1)",128,0.1438805208226954,0.6234598303224743,0.7279521976597607,0.6948574124835432,0.21143620985094458
baseline_delta,G0b_1shot,val,font_shot,"('FZJunYTJW-H', 1)",80,0.058007110396241825,0.7919505129520443,0.37399575505405663,0.42009705733507874,0.15707635367289186
baseline_delta,G0b_1shot,val,font_shot,"('FZKANGJW', 1)",80,0.07481469779752178,0.7789291308460522,0.5432360209524632,0.47506450694054364,0.1490785983391106
baseline_delta,G0b_1shot,val,font_shot,"('FZLTHProGBK_H', 1)",112,0.051796458600801426,0.8032045892438546,0.2587614523113838,0.32153457389878376,0.12796458917936043
baseline_delta,G0b_1shot,val,font_shot,"('FZYouHK_511M', 1)",128,0.03250595790887969,0.8626715705710594,0.21200430823955685,0.23565905197756365,0.1222824917640537
baseline_delta,G0b_1shot,val,shot_script_difficulty,"(1, 'bopomofo', 'unconfirmed')",32,0.08888694746561819,0.7347002635565039,0.4950962197035551,0.4345816527493298,0.1611725245602429
baseline_delta,G0b_1shot,val,shot_script_difficulty,"(1, 'kana', 'unconfirmed')",96,0.0993437457448257,0.6848516271279417,0.44766294537112117,0.49280914136519033,0.16582904057577252
baseline_delta,G0b_1shot,val,shot_script_difficulty,"(1, 'western', 'unconfirmed')",400,0.06655758846507352,0.7914948504386031,0.40963883927091954,0.41378653602674603,0.15115828818641602
default20k,step20000,test,all,(),7232,0.08132963971731107,0.7466290014222461,0.5263223707638846,0.48403255569962866,0.15515557515632725
default20k,step20000,test,font_shot,"('FZBuGTJW', 1)",128,0.07655675551470588,0.76140154758996,0.5220559006556869,0.45872725639492273,0.15058194403536618
default20k,step20000,test,font_shot,"('FZBuGTJW', 2)",128,0.06839635512408088,0.7804299515542626,0.48753095231950283,0.4165890159783885,0.14600576920202002
default20k,step20000,test,font_shot,"('FZBuGTJW', 4)",128,0.06731649161943423,0.78355903901321,0.48438053764402866,0.41344512230716646,0.14525798370596021
default20k,step20000,test,font_shot,"('FZBuGTJW', 8)",128,0.06587170037828499,0.7880160650100896,0.4779745085397735,0.40385164716280997,0.14381079521263018
default20k,step20000,test,font_shot,"('FZChuangHJW_DB', 1)",112,0.10368931969489184,0.6997589159026931,0.5329340170802814,0.5616053316209998,0.17712332294987782
default20k,step20000,test,font_shot,"('FZChuangHJW_DB', 2)",112,0.10722858370778866,0.6954399475614447,0.544923322275281,0.5731548807982888,0.1750165424309671
default20k,step20000,test,font_shot,"('FZChuangHJW_DB', 4)",112,0.10410402822153167,0.6985305116596802,0.5304987676707762,0.5577068884990045,0.17614817319970047
default20k,step20000,test,font_shot,"('FZChuangHJW_DB', 8)",112,0.10398995155788009,0.6966387749145194,0.526186715811491,0.5551197281373399,0.17822984053886362
default20k,step20000,test,font_shot,"('FZCuanBZBKSJW', 1)",128,0.07624392706844021,0.7755753684582565,0.5643795593641698,0.47693092992994934,0.14604304713429883
default20k,step20000,test,font_shot,"('FZCuanBZBKSJW', 2)",128,0.0783692270582278,0.7710506660557308,0.5744779482483864,0.48425082699395716,0.1464556367136538
default20k,step20000,test,font_shot,"('FZCuanBZBKSJW', 4)",128,0.0758710109070755,0.7755742200066023,0.5551448890473694,0.4706099519971758,0.1464343122788705
default20k,step20000,test,font_shot,"('FZCuanBZBKSJW', 8)",128,0.07552880513642088,0.7769035309388106,0.5558326775208116,0.47193493694067,0.1459654556820169
default20k,step20000,test,font_shot,"('FZDeSHJW_515H', 1)",112,0.10504892386642156,0.6834177133553133,0.49866892024874687,0.48682591199342695,0.14455315357606327
default20k,step20000,test,font_shot,"('FZDeSHJW_515H', 2)",112,0.13467872446287543,0.6278368790726363,0.5753410160541534,0.5790688658931425,0.1489591314457357
default20k,step20000,test,font_shot,"('FZDeSHJW_515H', 4)",112,0.13623957178357454,0.62874110225391,0.5727927801864487,0.5684352306915181,0.14892709760793618
default20k,step20000,test,font_shot,"('FZDeSHJW_515H', 8)",112,0.12891524665421725,0.6432245651955141,0.5525237856698888,0.5378873084804842,0.14781386145789707
default20k,step20000,test,font_shot,"('FZDouNTJW_Te', 1)",112,0.10499867861641184,0.6849736861826365,0.4742550915107131,0.5143634400197438,0.15200029792530195
default20k,step20000,test,font_shot,"('FZDouNTJW_Te', 2)",112,0.09459192042702497,0.6998979522840807,0.440577474688845,0.47615372189985855,0.15018840100882308
default20k,step20000,test,font_shot,"('FZDouNTJW_Te', 4)",112,0.09148315847606403,0.7058737562934891,0.4293080794491938,0.4611907294020057,0.14987740053662232
default20k,step20000,test,font_shot,"('FZDouNTJW_Te', 8)",112,0.08344934002246732,0.721525782025643,0.40269708606813637,0.42866409184145077,0.14859724543722613
default20k,step20000,test,font_shot,"('FZFeiHHJW-H', 1)",128,0.09027854902811819,0.715536027644698,0.44457627064548433,0.492502699024044,0.1867026126710698
default20k,step20000,test,font_shot,"('FZFeiHHJW-H', 2)",128,0.08966375280309606,0.7136280196198257,0.4449634775519371,0.4878376310225576,0.18709099083207548
default20k,step20000,test,font_shot,"('FZFeiHHJW-H', 4)",128,0.09037084974234919,0.7121415473556824,0.4464007301721722,0.49021695263218135,0.18687113223131746
default20k,step20000,test,font_shot,"('FZFeiHHJW-H', 8)",128,0.09071841437312772,0.7103991004387612,0.4496226117480546,0.4871339690871537,0.186755423725117
default20k,step20000,test,font_shot,"('FZFengYKSJ', 1)",112,0.057859090359233964,0.8049872480205249,0.5598386946533408,0.4625941121152469,0.15675281107957875
default20k,step20000,test,font_shot,"('FZFengYKSJ', 2)",112,0.05749832376526999,0.805571571963598,0.5649052054754325,0.46069991482155664,0.15462791094822542
default20k,step20000,test,font_shot,"('FZFengYKSJ', 4)",112,0.05704000730066332,0.8066895970579655,0.561595104900854,0.45834478283567087,0.15478250424244575
default20k,step20000,test,font_shot,"('FZFengYKSJ', 8)",112,0.05690678995122354,0.8067002414298533,0.5654034079717738,0.45793458739561693,0.1542217742784747
default20k,step20000,test,font_shot,"('FZHanWZKJW', 1)",128,0.06346700830397263,0.8034063734116703,0.5197915832977742,0.4547861731844023,0.15058721916284412
default20k,step20000,test,font_shot,"('FZHanWZKJW', 2)",128,0.0653767404992596,0.7989511982684305,0.5380069684470072,0.46937119436915964,0.1514246280421503
default20k,step20000,test,font_shot,"('FZHanWZKJW', 4)",128,0.06479675027020355,0.7998455800290277,0.5282755963271484,0.46321776194963604,0.15117481112247333
default20k,step20000,test,font_shot,"('FZHanWZKJW', 8)",128,0.06453870054423679,0.8004889876411708,0.5271817091852427,0.46245893905870616,0.15115486521972343
default20k,step20000,test,font_shot,"('FZHuoYYJW-T', 1)",80,0.05925324882557189,0.7846955981048801,0.5879183299839497,0.4948336696252227,0.1976611578837037
default20k,step20000,test,font_shot,"('FZHuoYYJW-T', 2)",80,0.055374715967116,0.795854407732489,0.563384659960866,0.4731785740703344,0.19273060336709022
default20k,step20000,test,font_shot,"('FZHuoYYJW-T', 4)",80,0.05521148216230936,0.7963421585550775,0.5619117628782988,0.4706498496234417,0.19240964809432626
default20k,step20000,test,font_shot,"('FZHuoYYJW-T', 8)",80,0.054893727022058816,0.798631715521975,0.5570351202040911,0.4685707150027156,0.19219639133661987
default20k,step20000,test,font_shot,"('FZJianLTJW_Te', 1)",112,0.10716359351900483,0.6714972745898232,0.4712716282478401,0.5224101186863014,0.148449741703059
default20k,step20000,test,font_shot,"('FZJianLTJW_Te', 2)",112,0.09652205228879746,0.688288748688588,0.4347955411566155,0.49079969325768097,0.1472940891981125
default20k,step20000,test,font_shot,"('FZJianLTJW_Te', 4)",112,0.0951084757904898,0.6910931842670257,0.42736086515443666,0.48573545712445465,0.14697573972599848
default20k,step20000,test,font_shot,"('FZJianLTJW_Te', 8)",112,0.08628498057208994,0.7078769961913742,0.39760442370814936,0.45760908470089945,0.14450479298830032
default20k,step20000,test,font_shot,"('FZJingLTJW-H', 1)",128,0.08743386195895458,0.7133811812198264,0.46960411756299436,0.4427846008911729,0.14629827375756577
default20k,step20000,test,font_shot,"('FZJingLTJW-H', 2)",128,0.08602168263952716,0.7160806094072327,0.461941265151836,0.44586218462791294,0.14761937980074435
default20k,step20000,test,font_shot,"('FZJingLTJW-H', 4)",128,0.08277072615613085,0.7228357399970542,0.448624882963486,0.4382957179332152,0.14828991837566718
default20k,step20000,test,font_shot,"('FZJingLTJW-H', 8)",128,0.08363242554508782,0.721430813971748,0.45273115392774343,0.4396844459697604,0.14829955698223785
default20k,step20000,test,font_shot,"('FZJingYLLTJW', 1)",80,0.07512624570227396,0.7545370721072282,0.4753644779324532,0.46622255966067316,0.14436956718564034
default20k,step20000,test,font_shot,"('FZJingYLLTJW', 2)",80,0.07647407215924563,0.7515127427187501,0.47753405682742595,0.46965677067637446,0.14483252251520753
default20k,step20000,test,font_shot,"('FZJingYLLTJW', 4)",80,0.07892488234443082,0.7471812087797517,0.484804579988122,0.47763730958104134,0.1450840113684535
default20k,step20000,test,font_shot,"('FZJingYLLTJW', 8)",80,0.08335075295309095,0.739032052785991,0.5001815870404244,0.49907268323004245,0.14672094732522964
default20k,step20000,test,font_shot,"('FZLingFKSJW-B', 1)",128,0.07423509252876496,0.7685507323030533,0.5287742791697383,0.46414093510247767,0.14783428312512115
default20k,step20000,test,font_shot,"('FZLingFKSJW-B', 2)",128,0.07265402600656147,0.7726494880710473,0.5243726810440421,0.45007520797662437,0.14556749735493213
default20k,step20000,test,font_shot,"('FZLingFKSJW-B', 4)",128,0.07355030201099537,0.7713562906920486,0.5285767600871623,0.4584710579365492,0.14658785873325542
default20k,step20000,test,font_shot,"('FZLingFKSJW-B', 8)",128,0.07290859513293164,0.7723316927415779,0.5220401771366596,0.45296342589426786,0.14615058997878805
default20k,step20000,test,font_shot,"('FZLiuGQKJW-L', 1)",112,0.06539915282519257,0.7920909682108285,0.6034438575484923,0.5151474020842995,0.15968511619472078
default20k,step20000,test,font_shot,"('FZLiuGQKJW-L', 2)",112,0.07020669053211562,0.7784575223548307,0.6446939438049283,0.5379854807896274,0.1558362783065864
default20k,step20000,test,font_shot,"('FZLiuGQKJW-L', 4)",112,0.07033710022637527,0.7790452537768299,0.64172580784985,0.5355442738426583,0.15608718006738595
default20k,step20000,test,font_shot,"('FZLiuGQKJW-L', 8)",112,0.07070442054860138,0.7778270258178599,0.6467366974268641,0.5395842771977186,0.1557239542183067
default20k,step20000,test,font_shot,"('FZMaWDBSJW', 1)",128,0.10507550208397161,0.7144575178054872,0.6671582702547312,0.5909349469002336,0.14646063366672024
default20k,step20000,test,font_shot,"('FZMaWDBSJW', 2)",128,0.08284182081035539,0.7575130036090194,0.5889099594205618,0.4762561551760882,0.13324949640082195
default20k,step20000,test,font_shot,"('FZMaWDBSJW', 4)",128,0.07983613523263038,0.7665446867234104,0.5807490891311318,0.4611592768924311,0.12989374838070944
default20k,step20000,test,font_shot,"('FZMaWDBSJW', 8)",128,0.07971244263493157,0.7659218034620325,0.577446318930015,0.46159514773171395,0.13051345309941098
default20k,step20000,test,font_shot,"('FZTJLSJW', 1)",80,0.06694444976341231,0.7754642637834029,0.6694827653467655,0.5399947308003903,0.1703560808673501
default20k,step20000,test,font_shot,"('FZTJLSJW', 2)",80,0.06088322525190631,0.7948659154779887,0.6398817803710699,0.5050620473921299,0.16335228523239492
default20k,step20000,test,font_shot,"('FZTJLSJW', 4)",80,0.06293672981345315,0.7880864460998089,0.6337645970284939,0.5017506200820208,0.1648510812781751
default20k,step20000,test,font_shot,"('FZTJLSJW', 8)",80,0.06313828146275871,0.7867415873412085,0.6337236702442169,0.4977810880169272,0.16364268558099865
default20k,step20000,test,shot_script_difficulty,"(1, 'bopomofo', 'unconfirmed')",112,0.08795980197634609,0.7310920279139761,0.5425917535488095,0.44758171694619314,0.1391605865875525
default20k,step20000,test,shot_script_difficulty,"(1, 'kana', 'unconfirmed')",416,0.10696592796022655,0.677958201606597,0.5607856469801985,0.5133453556336462,0.1469623246588386
default20k,step20000,test,shot_script_difficulty,"(1, 'western', 'unconfirmed')",1280,0.07506529830899374,0.7650559733013069,0.5249858010327444,0.4939036010298878,0.16166005868581124
default20k,step20000,test,shot_script_difficulty,"(2, 'bopomofo', 'unconfirmed')",112,0.0832342789546374,0.7400812558399786,0.5281784910974758,0.42845066344099386,0.13732713786885142
default20k,step20000,test,shot_script_difficulty,"(2, 'kana', 'unconfirmed')",416,0.1051340058718132,0.6802411132319647,0.5560651367100385,0.503795700541769,0.1450523880776018
default20k,step20000,test,shot_script_difficulty,"(2, 'western', 'unconfirmed')",1280,0.07399011084197132,0.7674399930111981,0.5205917629413307,0.4851077466737479,0.1594336082576774
default20k,step20000,test,shot_script_difficulty,"(4, 'bopomofo', 'unconfirmed')",112,0.08213088946516106,0.7427144762492444,0.5220610740195427,0.42638073063322474,0.1375543648776199
default20k,step20000,test,shot_script_difficulty,"(4, 'kana', 'unconfirmed')",416,0.10490986558886374,0.6811104731240843,0.5553397403743404,0.503818069333927,0.14559346766999134
default20k,step20000,test,shot_script_difficulty,"(4, 'western', 'unconfirmed')",1280,0.0729884657516978,0.7696855762487609,0.5128666706383228,0.47747852811589836,0.1591134722053539
default20k,step20000,test,shot_script_difficulty,"(8, 'bopomofo', 'unconfirmed')",112,0.08169533058449073,0.7443967789628665,0.5203865644122873,0.4238382764160633,0.1370474597705262
default20k,step20000,test,shot_script_difficulty,"(8, 'kana', 'unconfirmed')",416,0.10298660557054685,0.684226055564196,0.5495590091897891,0.49767587401975805,0.14531434477808383
default20k,step20000,test,shot_script_difficulty,"(8, 'western', 'unconfirmed')",1280,0.0716554815421177,0.7722732691686698,0.5083019971265458,0.4711906926357187,0.15875170425279067
default20k,step20000,train,all,(),2304,0.07748996251664245,0.7373024388312887,0.5088758589182463,0.45676633096041364,0.1659564823154748
default20k,step20000,train,font_shot,"('FZDuHJW_Cu', 1)",112,0.08174311771149431,0.7415352179875202,0.45743868466732757,0.4590114038437605,0.15187876202565218
default20k,step20000,train,font_shot,"('FZDuHJW_Cu', 2)",112,0.08415889793417367,0.7370524918273257,0.4636484517582825,0.4555837945746524,0.15110548259690404
default20k,step20000,train,font_shot,"('FZDuHJW_Cu', 4)",112,0.09000330763815942,0.7215883598904033,0.48653052880295683,0.4799314829121743,0.15444245901224868
default20k,step20000,train,font_shot,"('FZDuHJW_Cu', 8)",112,0.09102352366727941,0.7189006181083707,0.4927911946017827,0.4827617939029421,0.15501462422045215
default20k,step20000,train,font_shot,"('FZFeiSJW-EL', 1)",128,0.07576609759029479,0.7310740560648405,0.6170923969475552,0.5217571924440563,0.19369553588330746
default20k,step20000,train,font_shot,"('FZFeiSJW-EL', 2)",128,0.07331943221081835,0.73699770910155,0.6098421609494835,0.5115346424281597,0.19390193716390058
default20k,step20000,train,font_shot,"('FZFeiSJW-EL', 4)",128,0.07730240832226988,0.7277632166389774,0.6205567413708195,0.5218926483066753,0.19467289501335472
default20k,step20000,train,font_shot,"('FZFeiSJW-EL', 8)",128,0.06927781115430112,0.7518456721993793,0.5888567947549745,0.4964582519605756,0.18975415994646028
default20k,step20000,train,font_shot,"('FZPTYJW', 1)",80,0.09835806653390522,0.7010034957238144,0.5019195739179849,0.44807475078850983,0.12394602997228503
default20k,step20000,train,font_shot,"('FZPTYJW', 2)",80,0.09746989996085238,0.7036049985201953,0.49673604182899,0.43670278806239365,0.12375539792701602
default20k,step20000,train,font_shot,"('FZPTYJW', 4)",80,0.09941144556781045,0.6981265012324526,0.5017149273306132,0.4515099322423339,0.12485415562987327
default20k,step20000,train,font_shot,"('FZPTYJW', 8)",80,0.09678870506535947,0.703107182293535,0.49440059140324594,0.44152671433985236,0.12481846204027533
default20k,step20000,train,font_shot,"('FZShuLTJW-H', 1)",128,0.07923591297955813,0.7309551227113259,0.41764916939428076,0.42648788169026375,0.1565661269123666
default20k,step20000,train,font_shot,"('FZShuLTJW-H', 2)",128,0.07463911467907475,0.7447377346818302,0.3956689367769286,0.38124702381901443,0.15307277184911072
default20k,step20000,train,font_shot,"('FZShuLTJW-H', 4)",128,0.06897105298011132,0.7590318793358733,0.37182221945840865,0.35721051145810634,0.15110134182032198
default20k,step20000,train,font_shot,"('FZShuLTJW-H', 8)",128,0.07023673130276416,0.7557228549303986,0.3779561889823526,0.36455528577789664,0.1509955485817045
default20k,step20000,train,font_shot,"('FZYiMSJW-T', 1)",128,0.0645713124659586,0.756405635318942,0.5633073793724179,0.47172202391084284,0.1898824858944863
default20k,step20000,train,font_shot,"('FZYiMSJW-T', 2)",128,0.06464721746174598,0.7554759412505473,0.5691702666226774,0.475746629643254,0.19092135224491358
default20k,step20000,train,font_shot,"('FZYiMSJW-T', 4)",128,0.06338257301347187,0.7597412037066834,0.5585543517954648,0.4681648047408089,0.18726230139145628
default20k,step20000,train,font_shot,"('FZYiMSJW-T', 8)",128,0.06488934685202205,0.7538494100796815,0.5596991427009925,0.47125577938277274,0.18864528462290764
default20k,step20000,train,shot_script_difficulty,"(1, 'bopomofo', 'unconfirmed')",48,0.07925061770946804,0.715815769415383,0.5407763514667749,0.46855608901629847,0.16607095704724392
default20k,step20000,train,shot_script_difficulty,"(1, 'kana', 'unconfirmed')",128,0.09374151957061036,0.6753168607413915,0.5362012924742885,0.4825374955544248,0.17108416004339233
default20k,step20000,train,shot_script_difficulty,"(1, 'western', 'unconfirmed')",400,0.07331578924972766,0.755730412924612,0.5033648333512246,0.46188888534903527,0.1654859408829361
default20k,step20000,train,shot_script_difficulty,"(2, 'bopomofo', 'unconfirmed')",48,0.07441411568967865,0.7261794534534843,0.5233390120168527,0.43807371488461894,0.16449060182397565
default20k,step20000,train,shot_script_difficulty,"(2, 'kana', 'unconfirmed')",128,0.09357384243302355,0.6747612790516301,0.5348610727814957,0.4793927945429459,0.17177819792414084
default20k,step20000,train,shot_script_difficulty,"(2, 'western', 'unconfirmed')",400,0.07221899254493463,0.7599381969156073,0.4991105867177248,0.44685853473842146,0.16447945876047015
default20k,step20000,train,shot_script_difficulty,"(4, 'bopomofo', 'unconfirmed')",48,0.07344785425744371,0.7281294620839166,0.5225720802942911,0.4402134803434213,0.1634843684732914
default20k,step20000,train,shot_script_difficulty,"(4, 'kana', 'unconfirmed')",128,0.09409243515114378,0.6739707734903847,0.5317054414190352,0.48149476712569594,0.1708633450907655
default20k,step20000,train,shot_script_difficulty,"(4, 'western', 'unconfirmed')",400,0.07324982447406045,0.7575154739469012,0.5000158026814461,0.4489046071842313,0.1644920172356069
default20k,step20000,train,shot_script_difficulty,"(8, 'bopomofo', 'unconfirmed')",48,0.07263333411344862,0.7304021682473348,0.5191639044011632,0.4374266949792703,0.16148388929044208
default20k,step20000,train,shot_script_difficulty,"(8, 'kana', 'unconfirmed')",128,0.09344260687402131,0.6765830395852191,0.5274665005272254,0.47984120924957097,0.16958188998978585
default20k,step20000,train,shot_script_difficulty,"(8, 'western', 'unconfirmed')",400,0.07163593792551742,0.7614125165791275,0.49425658453255894,0.4437644362822175,0.16412991348654032
default20k,step20000,val,all,(),2112,0.0908619674729964,0.7246619164714252,0.5084757639208075,0.49900230104950344,0.16683642022932568
default20k,step20000,val,font_shot,"('FZBangSKKXJW', 1)",128,0.14620138928781148,0.6111378164995456,0.744239176157862,0.6996302725747228,0.21589620981831104
default20k,step20000,val,font_shot,"('FZBangSKKXJW', 2)",128,0.1466784076233575,0.6105963060730613,0.7483206535689533,0.7075141631066799,0.21262010314967483
default20k,step20000,val,font_shot,"('FZBangSKKXJW', 4)",128,0.14667975398709832,0.6100560888553458,0.7507829652167857,0.7106707720085979,0.21275563817471266
default20k,step20000,val,font_shot,"('FZBangSKKXJW', 8)",128,0.1461028620568236,0.6117706428516472,0.7485526711679995,0.7092977156862617,0.21283114689867944
default20k,step20000,val,font_shot,"('FZJunYTJW-H', 1)",80,0.07042894284449891,0.7672513193527595,0.43434142526239156,0.43887967243790627,0.15915578911080958
default20k,step20000,val,font_shot,"('FZJunYTJW-H', 2)",80,0.06867274199176197,0.7703904089994902,0.426881992071867,0.4337971506640315,0.15798906730487944
default20k,step20000,val,font_shot,"('FZJunYTJW-H', 4)",80,0.06464982043164487,0.7777066009336938,0.4089000795036554,0.426642051897943,0.15694230310618879
default20k,step20000,val,font_shot,"('FZJunYTJW-H', 8)",80,0.06361007391237744,0.7790782390201033,0.4054689690470695,0.4352859430015087,0.15746876541525126
default20k,step20000,val,font_shot,"('FZKANGJW', 1)",80,0.0728903058619281,0.7843448212907022,0.5227338207885623,0.4537645746022463,0.14445491014048456
default20k,step20000,val,font_shot,"('FZKANGJW', 2)",80,0.0768823082618464,0.781147335718236,0.5554936233907938,0.4713113885372877,0.14148595388978719
default20k,step20000,val,font_shot,"('FZKANGJW', 4)",80,0.07590381497651143,0.7828333869306449,0.5491183958947659,0.46365588121116164,0.14204260865226387
default20k,step20000,val,font_shot,"('FZKANGJW', 8)",80,0.07450759123093681,0.7853098927966304,0.538249846920371,0.4569623045623302,0.14098249319940806
default20k,step20000,val,font_shot,"('FZLTHProGBK_H', 1)",112,0.08128732395736071,0.7328972748026706,0.3994803818474923,0.4413986913859844,0.14671787459935462
default20k,step20000,val,font_shot,"('FZLTHProGBK_H', 2)",112,0.08438651936469031,0.7237582135719178,0.4184260871261358,0.44625622539647986,0.14879747174148047
default20k,step20000,val,font_shot,"('FZLTHProGBK_H', 4)",112,0.08240761636685924,0.7272145423872814,0.4122762374047722,0.4434513397780912,0.14811910768704756
default20k,step20000,val,font_shot,"('FZLTHProGBK_H', 8)",112,0.07927418200353058,0.7335115589708949,0.3981718188151717,0.43318991948451313,0.14654846842001593
default20k,step20000,val,font_shot,"('FZYouHK_511M', 1)",128,0.06604690717975557,0.7716726112105117,0.386776618543081,0.39892867614980787,0.15637010667705908
default20k,step20000,val,font_shot,"('FZYouHK_511M', 2)",128,0.07084398124212793,0.761040046040616,0.4049024094128981,0.41575394105166197,0.15973216819111258
default20k,step20000,val,font_shot,"('FZYouHK_511M', 4)",128,0.06761864556206597,0.7677405684889951,0.39123852469492704,0.403439060668461,0.15783559903502464
default20k,step20000,val,font_shot,"('FZYouHK_511M', 8)",128,0.06789833018982332,0.7676598975912121,0.38948428083676845,0.4068573577096686,0.15802372293546796
default20k,step20000,val,shot_script_difficulty,"(1, 'bopomofo', 'unconfirmed')",32,0.10686081697218817,0.6879803121418723,0.5780022349208593,0.5069195381365716,0.17224473576061428
default20k,step20000,val,shot_script_difficulty,"(1, 'kana', 'unconfirmed')",96,0.12685851829157588,0.6256926979038013,0.5433823264514407,0.5704504090050856,0.1748745257500559
default20k,step20000,val,shot_script_difficulty,"(1, 'western', 'unconfirmed')",400,0.08034884557121459,0.7528251294723963,0.48854267328977585,0.47619768537580964,0.16517890097573398
default20k,step20000,val,shot_script_difficulty,"(2, 'bopomofo', 'unconfirmed')",32,0.107811476098686,0.684281589942812,0.5838782358914614,0.5146360658109188,0.17336000595241785
default20k,step20000,val,shot_script_difficulty,"(2, 'kana', 'unconfirmed')",96,0.1304910098805147,0.6182789729685193,0.5540081571477155,0.577236363509049,0.174712338950485
default20k,step20000,val,shot_script_difficulty,"(2, 'western', 'unconfirmed')",400,0.08240363945057189,0.7487540007121893,0.502993591055274,0.48571163177490234,0.16491126133129
default20k,step20000,val,shot_script_difficulty,"(4, 'bopomofo', 'unconfirmed')",32,0.10786979858132488,0.6839670408951837,0.5836575785651803,0.5150736323557794,0.17378402291797101
default20k,step20000,val,shot_script_difficulty,"(4, 'kana', 'unconfirmed')",96,0.12679797070738016,0.6246138450718091,0.5441235575514535,0.5708436616696417,0.1745063471607864
default20k,step20000,val,shot_script_difficulty,"(4, 'western', 'unconfirmed')",400,0.08069925066380719,0.7519983137026467,0.4952056582272053,0.48053273882716896,0.16407528325915335
default20k,step20000,val,shot_script_difficulty,"(8, 'bopomofo', 'unconfirmed')",32,0.10744050468494688,0.6854331243992536,0.5793355107307434,0.5117533607408404,0.17307944782078266
default20k,step20000,val,shot_script_difficulty,"(8, 'kana', 'unconfirmed')",96,0.12510985884877676,0.6268838606343672,0.5381820631834368,0.5706568285822868,0.17497171740978956
default20k,step20000,val,shot_script_difficulty,"(8, 'western', 'unconfirmed')",400,0.07967907901007625,0.7543918593127239,0.4888931610807776,0.47901454273611305,0.16355781322345136
hollow,step00000,train,all,(),1536,0.08402849445329165,0.7289801626687249,0.5020098783619081,0.42052949652619037,0.1839593676268123
hollow,step00000,train,font_shot,"('FZBangSKLTJW', 1)",295,0.0828836277625457,0.745391425495158,0.44253239565986696,0.38197278168241855,0.18300042516094142
hollow,step00000,train,font_shot,"('FZBangSKLTJW', 2)",295,0.08258090023909752,0.7465191272996903,0.4402415756451882,0.38024727722345775,0.18239573007923063
hollow,step00000,train,font_shot,"('FZBangSKLTJW', 4)",295,0.08286153403216276,0.7465963819448531,0.4423190666962478,0.3821390725293402,0.18249902674707316
hollow,step00000,train,font_shot,"('FZBangSKLTJW', 8)",295,0.0829993814851741,0.7456885726479241,0.4423863344273325,0.3813721762370255,0.18232524814242024
hollow,step00000,train,font_shot,"('FZPANGPBJW', 1)",89,0.08772161330199994,0.674828044340421,0.698075051388044,0.551261848947975,0.18911530110943184
hollow,step00000,train,font_shot,"('FZPANGPBJW', 2)",89,0.08770673453526229,0.672865022530607,0.7002838461586599,0.5489188054304445,0.18863084376528022
hollow,step00000,train,font_shot,"('FZPANGPBJW', 4)",89,0.08833556323590609,0.6705978837052013,0.7039719645896655,0.5501620006025507,0.1883744133657284
hollow,step00000,train,font_shot,"('FZPANGPBJW', 8)",89,0.0882221747937627,0.6713253997587366,0.7030709164865901,0.5501356697484349,0.18833519217003597
hollow,step00000,train,shot_script_difficulty,"(1, 'bopomofo', 'confirmed_detail')",37,0.048396937838573864,0.8425258941112355,0.302391011569951,0.23411360302486936,0.1339606658832447
hollow,step00000,train,shot_script_difficulty,"(1, 'kana', 'unconfirmed')",169,0.09161545853959598,0.7228145175050141,0.4742443531575288,0.40477196581264924,0.18194822138230476
hollow,step00000,train,shot_script_difficulty,"(1, 'western', 'confirmed_detail')",89,0.08772161330199994,0.674828044340421,0.698075051388044,0.551261848947975,0.18911530110943184
hollow,step00000,train,shot_script_difficulty,"(1, 'western', 'unconfirmed')",89,0.0806401235587868,0.7478804379843652,0.44057633267359786,0.4001494950792763,0.20538574574368723
hollow,step00000,train,shot_script_difficulty,"(2, 'bopomofo', 'confirmed_detail')",37,0.04691030644615203,0.8477000689778367,0.2923937641285561,0.22698201118288813,0.13211821865391088
hollow,step00000,train,shot_script_difficulty,"(2, 'kana', 'unconfirmed')",169,0.0914196298794008,0.7236252742440473,0.4728886393400339,0.40374610462837673,0.18139363701879627
hollow,step00000,train,shot_script_difficulty,"(2, 'western', 'confirmed_detail')",89,0.08770673453526229,0.672865022530607,0.7002838461586599,0.5489188054304445,0.18863084376528022
hollow,step00000,train,shot_script_difficulty,"(2, 'western', 'unconfirmed')",89,0.08062659306075738,0.7479277376852214,0.43971365723717076,0.39934292904446633,0.20520046771912093
hollow,step00000,train,shot_script_difficulty,"(4, 'bopomofo', 'confirmed_detail')",37,0.04617879598348348,0.8502952296979085,0.2885592430830002,0.22439492594551397,0.13110863558343938
hollow,step00000,train,shot_script_difficulty,"(4, 'kana', 'unconfirmed')",169,0.09150954750325507,0.7240675497809844,0.4736053555674807,0.4048353285479122,0.18142183609968107
hollow,step00000,train,shot_script_difficulty,"(4, 'western', 'confirmed_detail')",89,0.08833556323590609,0.6705978837052013,0.7039719645896655,0.5501620006025507,0.1883744133657284
hollow,step00000,train,shot_script_difficulty,"(4, 'western', 'unconfirmed')",89,0.08169015236010134,0.7462650928305922,0.446832894274358,0.40462071473678846,0.20590902329160926
hollow,step00000,train,shot_script_difficulty,"(8, 'bopomofo', 'confirmed_detail')",37,0.046215160472972965,0.8500149204150976,0.28853668071128225,0.22469251743845037,0.1308338352151819
hollow,step00000,train,shot_script_difficulty,"(8, 'kana', 'unconfirmed')",169,0.09178742800950097,0.7229642921941001,0.474321196770527,0.40525749766615016,0.1815684096523996
hollow,step00000,train,shot_script_difficulty,"(8, 'western', 'confirmed_detail')",89,0.0882221747937627,0.6713253997587366,0.7030709164865901,0.5501356697484349,0.18833519217003597
hollow,step00000,train,shot_script_difficulty,"(8, 'western', 'unconfirmed')",89,0.08160428389910895,0.7454675448873719,0.4457059462418717,0.40115339032719644,0.20516893334603042
hollow,step02000,train,all,(),1536,0.10404245630068976,0.6898005634389238,0.592834364118365,0.5061599222632746,0.1939454614718367
hollow,step02000,train,font_shot,"('FZBangSKLTJW', 1)",295,0.10691221041735903,0.6945884476384179,0.5584301711139033,0.4884642538377794,0.19539862542839373
hollow,step02000,train,font_shot,"('FZBangSKLTJW', 2)",295,0.11033867292797533,0.6890768624347613,0.5730530529709186,0.5016937694307101,0.1953805516837007
hollow,step02000,train,font_shot,"('FZBangSKLTJW', 4)",295,0.11132023633959233,0.6874735824075283,0.5792441980313446,0.50816622921976,0.1958518314917209
hollow,step02000,train,font_shot,"('FZBangSKLTJW', 8)",295,0.1111899962727558,0.6873270077480977,0.5782032174579168,0.5062074830976583,0.19595004047377634
hollow,step02000,train,font_shot,"('FZPANGPBJW', 1)",89,0.08398279723874567,0.6922301321138596,0.6578874454069673,0.5217971771620633,0.1877857783202375
hollow,step02000,train,font_shot,"('FZPANGPBJW', 2)",89,0.08436591592005091,0.6902967361407363,0.6609521628765578,0.5219096728924955,0.18818734686696129
hollow,step02000,train,font_shot,"('FZPANGPBJW', 4)",89,0.08492404179212258,0.6893283458087714,0.6629793757802984,0.5239784188484877,0.18865570660387532
hollow,step02000,train,font_shot,"('FZPANGPBJW', 8)",89,0.084701218873161,0.6897877620567388,0.6626646632558844,0.5236043782716386,0.1886163293645623
hollow,step02000,train,shot_script_difficulty,"(1, 'bopomofo', 'confirmed_detail')",37,0.08892227475637401,0.7391511096244807,0.5161664485931396,0.40531809909923655,0.1684640021743001
hollow,step02000,train,shot_script_difficulty,"(1, 'kana', 'unconfirmed')",169,0.11280335364134148,0.6789696829311654,0.5696050438302509,0.4938783961287617,0.19123090283405145
hollow,step02000,train,shot_script_difficulty,"(1, 'western', 'confirmed_detail')",89,0.08398279723874567,0.6922301321138596,0.6578874454069673,0.5217971771620633,0.1877857783202375
hollow,step02000,train,shot_script_difficulty,"(1, 'western', 'unconfirmed')",89,0.10320461957020635,0.7057205009197811,0.5547807805993584,0.5127498457271061,0.21451015552777922
hollow,step02000,train,shot_script_difficulty,"(2, 'bopomofo', 'confirmed_detail')",37,0.09170683781207678,0.7348186221904902,0.5283762208513312,0.4159291684627533,0.16839014517294393
hollow,step02000,train,shot_script_difficulty,"(2, 'kana', 'unconfirmed')",169,0.11618610641783012,0.6741355514536815,0.5831158293422157,0.5067270004890374,0.19046813390664094
hollow,step02000,train,shot_script_difficulty,"(2, 'western', 'confirmed_detail')",89,0.08436591592005091,0.6902967361407363,0.6609521628765578,0.5219096728924955,0.18818734686696129
hollow,step02000,train,shot_script_difficulty,"(2, 'western', 'unconfirmed')",89,0.10698093854036621,0.6984323281071267,0.5725185988324412,0.5277912322055088,0.2159293566861849
hollow,step02000,train,shot_script_difficulty,"(4, 'bopomofo', 'confirmed_detail')",37,0.09199087644629923,0.7347379675593224,0.5320686899326943,0.41942561236587733,0.16827122846970688
hollow,step02000,train,shot_script_difficulty,"(4, 'kana', 'unconfirmed')",169,0.11643483772124892,0.6742803090142278,0.585062290789813,0.5092362897283227,0.1902058391705067
hollow,step02000,train,shot_script_difficulty,"(4, 'western', 'confirmed_detail')",89,0.08492404179212258,0.6893283458087714,0.6629793757802984,0.5239784188484877,0.18865570660387532
hollow,step02000,train,shot_script_difficulty,"(4, 'western', 'unconfirmed')",89,0.10964404176152358,0.6928767391811396,0.5878086488568381,0.543026483125901,0.21803896648160528
hollow,step02000,train,shot_script_difficulty,"(8, 'bopomofo', 'confirmed_detail')",37,0.09263632888403109,0.7323070336542731,0.5344900827150088,0.42200256441090556,0.169353098482699
hollow,step02000,train,shot_script_difficulty,"(8, 'kana', 'unconfirmed')",169,0.11673587997205785,0.6731236896833928,0.5861429612664781,0.5104726651716515,0.19091799952222047
hollow,step02000,train,shot_script_difficulty,"(8, 'western', 'confirmed_detail')",89,0.084701218873161,0.6897877620567388,0.6626646632558844,0.5236043782716386,0.1886163293645623
hollow,step02000,train,shot_script_difficulty,"(8, 'western', 'unconfirmed')",89,0.10837237097164083,0.6955977919549139,0.5812995015235429,0.5331149687258045,0.21656241996234724
hollow,step04000,train,all,(),1536,0.11200868638425783,0.6784246971714284,0.6259442480707852,0.5390272897396547,0.19381929124938324
hollow,step04000,train,font_shot,"('FZBangSKLTJW', 1)",295,0.11828763853116575,0.6744329310352021,0.6123414318440324,0.5390151163279,0.19661221069804694
hollow,step04000,train,font_shot,"('FZBangSKLTJW', 2)",295,0.1218300033349027,0.6688245312388803,0.6271704229257875,0.5542766273021698,0.1942660969697823
hollow,step04000,train,font_shot,"('FZBangSKLTJW', 4)",295,0.12285424975074775,0.6671967002530262,0.6332863479347552,0.5606397903571695,0.19333647514803934
hollow,step04000,train,font_shot,"('FZBangSKLTJW', 8)",295,0.12250960371201211,0.6672086223153898,0.631679722616228,0.558198702133308,0.19363681421441548
hollow,step04000,train,font_shot,"('FZPANGPBJW', 1)",89,0.0801318262557832,0.7110859455165398,0.6217544015203968,0.49207199992758505,0.18997959390784916
hollow,step04000,train,font_shot,"('FZPANGPBJW', 2)",89,0.08133174715735232,0.7067762450597347,0.6279134442297261,0.49376775039715715,0.1921206990654549
hollow,step04000,train,font_shot,"('FZPANGPBJW', 4)",89,0.08122374222785243,0.7076056751144281,0.6260771784889564,0.49227331193645346,0.1924019404006808
hollow,step04000,train,font_shot,"('FZPANGPBJW', 8)",89,0.08122618058615455,0.7076761042730836,0.625708650672034,0.49230825666631206,0.19224170185206982
hollow,step04000,train,shot_script_difficulty,"(1, 'bopomofo', 'confirmed_detail')",37,0.10243761684478596,0.7115622078744377,0.5869926149780685,0.4624085144416706,0.17318965977913625
hollow,step04000,train,shot_script_difficulty,"(1, 'kana', 'unconfirmed')",169,0.12179816766655709,0.6641611817181929,0.6091558866246918,0.5291811007367083,0.1906474760827228
hollow,step04000,train,shot_script_difficulty,"(1, 'western', 'confirmed_detail')",89,0.0801318262557832,0.7110859455165398,0.6217544015203968,0.49207199992758505,0.18997959390784916
hollow,step04000,train,shot_script_difficulty,"(1, 'western', 'unconfirmed')",89,0.11821091244706372,0.6785019466702901,0.6289286606767205,0.589536384920056,0.21767596950691737
hollow,step04000,train,shot_script_difficulty,"(2, 'bopomofo', 'confirmed_detail')",37,0.10735738035829946,0.7026707204746917,0.6103529398505753,0.4837684051410572,0.17057486240928238
hollow,step04000,train,shot_script_difficulty,"(2, 'kana', 'unconfirmed')",169,0.12556224952382333,0.658874234086528,0.6234065964377138,0.545235135498837,0.18757490143620756
hollow,step04000,train,shot_script_difficulty,"(2, 'western', 'confirmed_detail')",89,0.08133174715735232,0.7067762450597347,0.6279134442297261,0.49376775039715715,0.1921206990654549
hollow,step04000,train,shot_script_difficulty,"(2, 'western', 'unconfirmed')",89,0.1207596375394727,0.673648028059358,0.6413090021422739,0.6007577097148038,0.2168210152159916
hollow,step04000,train,shot_script_difficulty,"(4, 'bopomofo', 'confirmed_detail')",37,0.10862244367529293,0.6999677987737151,0.6201649227657834,0.49113639947530385,0.17021522046746435
hollow,step04000,train,shot_script_difficulty,"(4, 'kana', 'unconfirmed')",169,0.1258478145223408,0.6588246235579868,0.6250194790800647,0.5474591740137021,0.18621614557751537
hollow,step04000,train,shot_script_difficulty,"(4, 'western', 'confirmed_detail')",89,0.08122374222785243,0.7076056751144281,0.6260771784889564,0.49227331193645346,0.1924019404006808
hollow,step04000,train,shot_script_difficulty,"(4, 'western', 'unconfirmed')",89,0.1230864337776309,0.6694702993114102,0.6544390846504254,0.6145628198478998,0.21646930796376776
hollow,step04000,train,shot_script_difficulty,"(8, 'bopomofo', 'confirmed_detail')",37,0.10898738812341753,0.6984496575338061,0.6203435151963621,0.49219757479590337,0.17054951472862348
hollow,step04000,train,shot_script_difficulty,"(8, 'kana', 'unconfirmed')",169,0.12607831152266954,0.6578871427842544,0.6256901371408496,0.5487261081235648,0.18671720452915283
hollow,step04000,train,shot_script_difficulty,"(8, 'western', 'confirmed_detail')",89,0.08122618058615455,0.7076761042730836,0.625708650672034,0.49230825666631206,0.19224170185206982
hollow,step04000,train,shot_script_difficulty,"(8, 'western', 'unconfirmed')",89,0.12135466390051651,0.6719211137500019,0.6477660104799806,0.6036246583033144,0.2163743885715356
hollow,step05000,train,all,(),1536,0.11492661647201016,0.6754930669605719,0.6386805226599487,0.5517308105869839,0.19217658076862185
hollow,step05000,train,font_shot,"('FZBangSKLTJW', 1)",295,0.12244303403447065,0.6681403589924917,0.6328447182299727,0.5585964227126816,0.19608429549104076
hollow,step05000,train,font_shot,"('FZBangSKLTJW', 2)",295,0.1265617167594439,0.6615037327279463,0.6505181409544863,0.5773817599829981,0.19277719951282113
hollow,step05000,train,font_shot,"('FZBangSKLTJW', 4)",295,0.1274111909064473,0.6600998777688197,0.655384949708389,0.5828958829580727,0.1916799190690962
hollow,step05000,train,font_shot,"('FZBangSKLTJW', 8)",295,0.12719524008991542,0.660065474665891,0.6541426683886576,0.5813915527473061,0.1915839532674369
hollow,step05000,train,font_shot,"('FZPANGPBJW', 1)",89,0.07804264086252478,0.7197182779974044,0.6083071111293321,0.47813998279946573,0.18877283374914963
hollow,step05000,train,font_shot,"('FZPANGPBJW', 2)",89,0.07872481223684855,0.7179189266153035,0.6066569059752347,0.47437069925029623,0.18998144567012787
hollow,step05000,train,font_shot,"('FZPANGPBJW', 4)",89,0.07869581967852683,0.7183504606793918,0.6070556483241949,0.47299757164515804,0.18939233981491474
hollow,step05000,train,font_shot,"('FZPANGPBJW', 8)",89,0.07871632579373822,0.7188838496030642,0.6061892335334521,0.4720217197128896,0.18922691666678096
hollow,step05000,train,shot_script_difficulty,"(1, 'bopomofo', 'confirmed_detail')",37,0.10723594688438438,0.7045350226917426,0.6141768065658776,0.4833041703378832,0.17254666178613096
hollow,step05000,train,shot_script_difficulty,"(1, 'kana', 'unconfirmed')",169,0.1245130242576156,0.6611021224261288,0.6213179295937691,0.5405021983490893,0.18895186069449024
hollow,step05000,train,shot_script_difficulty,"(1, 'western', 'confirmed_detail')",89,0.07804264086252478,0.7197182779974044,0.6083071111293321,0.47813998279946573,0.18877283374914963
hollow,step05000,train,shot_script_difficulty,"(1, 'western', 'unconfirmed')",89,0.12483442590909648,0.666374734530054,0.6624934823995225,0.6242563918735204,0.21941321602698122
hollow,step05000,train,shot_script_difficulty,"(2, 'bopomofo', 'confirmed_detail')",37,0.11524435740887946,0.6897718919162203,0.6530961523184905,0.5194375023648545,0.16872699760101936
hollow,step05000,train,shot_script_difficulty,"(2, 'kana', 'unconfirmed')",169,0.1286778679975442,0.6543570311986723,0.6375959176988997,0.558924887483642,0.18554230334138025
hollow,step05000,train,shot_script_difficulty,"(2, 'western', 'confirmed_detail')",89,0.07872481223684855,0.7179189266153035,0.6066569059752347,0.47437069925029623,0.18998144567012787
hollow,step05000,train,shot_script_difficulty,"(2, 'western', 'unconfirmed')",89,0.12724837672272404,0.6633225042839143,0.6739840882547786,0.6365182654241498,0.21651377168933997
hollow,step05000,train,shot_script_difficulty,"(4, 'bopomofo', 'confirmed_detail')",37,0.11533759172775716,0.6887079276418536,0.6546900497900473,0.5206710027681815,0.16865285345025965
hollow,step05000,train,shot_script_difficulty,"(4, 'kana', 'unconfirmed')",169,0.12884205477884775,0.6541901435309245,0.6385752036726686,0.560492390711632,0.18447468381308946
hollow,step05000,train,shot_script_difficulty,"(4, 'western', 'confirmed_detail')",89,0.07869581967852683,0.7183504606793918,0.6070556483241949,0.47299757164515804,0.18939233981491474
hollow,step05000,train,shot_script_difficulty,"(4, 'western', 'unconfirmed')",89,0.12971351871741205,0.6594284984531122,0.6875934707984496,0.651306116179134,0.2149348200372096
hollow,step05000,train,shot_script_difficulty,"(8, 'bopomofo', 'confirmed_detail')",37,0.11489101693605369,0.688102835953043,0.6517265116846239,0.5192382110131754,0.1689847035182489
hollow,step05000,train,shot_script_difficulty,"(8, 'kana', 'unconfirmed')",169,0.12941683818292274,0.652794825543285,0.6408193271893722,0.5634758012181909,0.18457516110860384
hollow,step05000,train,shot_script_difficulty,"(8, 'western', 'confirmed_detail')",89,0.07871632579373822,0.7188838496030642,0.6061892335334521,0.4720217197128896,0.18922691666678096
hollow,step05000,train,shot_script_difficulty,"(8, 'western', 'unconfirmed')",89,0.12809193873008004,0.6622155570714616,0.6804465162620116,0.6412503803044223,0.21428797703780486
hollow,step06000,train,all,(),1536,0.1165437098595225,0.6751713574780788,0.6452212049625814,0.5581130761905418,0.18986211438217046
hollow,step06000,train,font_shot,"('FZBangSKLTJW', 1)",295,0.12480746129666555,0.6642385161486123,0.6445315209485717,0.5700431438825898,0.19462353359844725
hollow,step06000,train,font_shot,"('FZBangSKLTJW', 2)",295,0.12995917917543665,0.6563845833736666,0.6668914926254144,0.594195166381739,0.19102293257996186
hollow,step06000,train,font_shot,"('FZBangSKLTJW', 4)",295,0.13082745686551456,0.6551571974205116,0.6716708915718531,0.6003797310893818,0.1895993331731376
hollow,step06000,train,font_shot,"('FZBangSKLTJW', 8)",295,0.13071981105295225,0.6547673423107652,0.6715796551461947,0.5996053533028748,0.18968367672572703
hollow,step06000,train,font_shot,"('FZPANGPBJW', 1)",89,0.07459310493470171,0.7332430353306728,0.5881730596001229,0.4557943039395836,0.18585244022058636
hollow,step06000,train,font_shot,"('FZPANGPBJW', 2)",89,0.07490899664328902,0.7335138439222942,0.583837585502796,0.44760395486033366,0.18512934228677427
hollow,step06000,train,font_shot,"('FZPANGPBJW', 4)",89,0.07517938667352084,0.7330546607233489,0.5828883597690068,0.44628946834735655,0.18517503920900688
hollow,step06000,train,font_shot,"('FZPANGPBJW', 8)",89,0.07530205522049643,0.7333530836925606,0.5814051584581311,0.4459952347064286,0.1851242147804646
hollow,step06000,train,shot_script_difficulty,"(1, 'bopomofo', 'confirmed_detail')",37,0.11105467829962315,0.6977908355427862,0.6331334694011791,0.49940493139060765,0.17103298088988741
hollow,step06000,train,shot_script_difficulty,"(1, 'kana', 'unconfirmed')",169,0.12608556546180272,0.658692945772383,0.6283274143052524,0.5472563332354529,0.18780271365092352
hollow,step06000,train,shot_script_difficulty,"(1, 'western', 'confirmed_detail')",89,0.07459310493470171,0.7332430353306728,0.5881730596001229,0.4557943039395836,0.18585244022058636
hollow,step06000,train,shot_script_difficulty,"(1, 'western', 'unconfirmed')",89,0.12809794856613058,0.6608201518339866,0.6800396325213186,0.6426789288440448,0.21738273608550596
hollow,step06000,train,shot_script_difficulty,"(2, 'bopomofo', 'confirmed_detail')",37,0.1184071479567803,0.6844786923651464,0.6696488341769656,0.5340225237446863,0.16757037631563237
hollow,step06000,train,shot_script_difficulty,"(2, 'kana', 'unconfirmed')",169,0.13141745243873354,0.6502216342744628,0.6493795549375772,0.5698891195672504,0.1838758938763974
hollow,step06000,train,shot_script_difficulty,"(2, 'western', 'confirmed_detail')",89,0.07490899664328902,0.7335138439222942,0.583837585502796,0.44760395486033366,0.18512934228677427
hollow,step06000,train,shot_script_difficulty,"(2, 'western', 'unconfirmed')",89,0.13199262831693226,0.6564076885992922,0.6989981873651568,0.6653649381707224,0.21434421485729432
hollow,step06000,train,shot_script_difficulty,"(4, 'bopomofo', 'confirmed_detail')",37,0.11856614196917506,0.6831628377487097,0.670666324931222,0.5351000049629727,0.1664412899597271
hollow,step06000,train,shot_script_difficulty,"(4, 'kana', 'unconfirmed')",169,0.13155704229834603,0.650374080669296,0.6501923083553652,0.5718366900491997,0.1825360296040597
hollow,step06000,train,shot_script_difficulty,"(4, 'western', 'confirmed_detail')",89,0.07517938667352084,0.7330546607233489,0.5828883597690068,0.44628946834735655,0.18517503920900688
hollow,step06000,train,shot_script_difficulty,"(4, 'western', 'unconfirmed')",89,0.1345394648769308,0.6525969506655914,0.7128736952717385,0.6817182007800328,0.2126391747694337
hollow,step06000,train,shot_script_difficulty,"(8, 'bopomofo', 'confirmed_detail')",37,0.11921372199405288,0.6813030993333421,0.6739292507236069,0.5391542927638905,0.16651526536490466
hollow,step06000,train,shot_script_difficulty,"(8, 'kana', 'unconfirmed')",169,0.13180783572469093,0.6493558421898413,0.651345147360006,0.5739355332399967,0.18287677154738521
hollow,step06000,train,shot_script_difficulty,"(8, 'western', 'confirmed_detail')",89,0.07530205522049643,0.7333530836925606,0.5814051584581311,0.4459952347064286,0.1851242147804646
hollow,step06000,train,shot_script_difficulty,"(8, 'western', 'unconfirmed')",89,0.13343721695919317,0.6540113929916729,0.7090256863765503,0.6734805087025246,0.21224095982112243
hollow,step08000,train,all,(),1536,0.1176216022987338,0.676697726554546,0.6476741996205723,0.5600880680140108,0.18713070044274596
hollow,step08000,train,font_shot,"('FZBangSKLTJW', 1)",295,0.12787034584902698,0.6593102650930581,0.6580987960605298,0.58229032795308,0.19296703363879253
hollow,step08000,train,font_shot,"('FZBangSKLTJW', 2)",295,0.13355611118034783,0.6510357270427366,0.6826534344988354,0.6070252181109735,0.18984715473853936
hollow,step08000,train,font_shot,"('FZBangSKLTJW', 4)",295,0.1339932978841254,0.6502447168936437,0.6858478037987725,0.612026784682678,0.18886748926114227
hollow,step08000,train,font_shot,"('FZBangSKLTJW', 8)",295,0.13404201602368818,0.6496988861398417,0.6865131277149007,0.612151631662401,0.18883024565244125
hollow,step08000,train,font_shot,"('FZPANGPBJW', 1)",89,0.0686811713605542,0.7563087302782205,0.5515644014551399,0.42340400279237983,0.17803101007188304
hollow,step08000,train,font_shot,"('FZPANGPBJW', 2)",89,0.06875603852261877,0.756865824702787,0.5451732314704509,0.41372723358400754,0.17661100374848654
hollow,step08000,train,font_shot,"('FZPANGPBJW', 4)",89,0.06859529811846711,0.7571278960806506,0.5438337185409632,0.4142291127295976,0.17653014895956168
hollow,step08000,train,font_shot,"('FZPANGPBJW', 8)",89,0.06897376957571417,0.7563523513298581,0.5443633429789811,0.4150953088583571,0.17761141597554925
hollow,step08000,train,shot_script_difficulty,"(1, 'bopomofo', 'confirmed_detail')",37,0.11177627535623859,0.6989810246118652,0.6367267241349092,0.5010519132420823,0.1690711161574802
hollow,step08000,train,shot_script_difficulty,"(1, 'kana', 'unconfirmed')",169,0.12847204597239947,0.6547627635818065,0.6382649167049566,0.5556141633606522,0.18539725667273504
hollow,step08000,train,shot_script_difficulty,"(1, 'western', 'confirmed_detail')",89,0.0686811713605542,0.7563087302782205,0.5515644014551399,0.42340400279237983,0.17803101007188304
hollow,step08000,train,shot_script_difficulty,"(1, 'western', 'unconfirmed')",89,0.13341858503310813,0.6514530701852563,0.7046459002441234,0.6667183409915881,0.21727536233623376
hollow,step08000,train,shot_script_difficulty,"(2, 'bopomofo', 'confirmed_detail')",37,0.1214747951076076,0.6804837953564974,0.6850223492931675,0.5449353335676966,0.16606625995120486
hollow,step08000,train,shot_script_difficulty,"(2, 'kana', 'unconfirmed')",169,0.1345372203368527,0.6461932838958487,0.6621794256232899,0.5804780548846228,0.18177536112316967
hollow,step08000,train,shot_script_difficulty,"(2, 'western', 'confirmed_detail')",89,0.06875603852261877,0.756865824702787,0.5451732314704509,0.41372723358400754,0.17661100374848654
hollow,step08000,train,shot_script_difficulty,"(2, 'western', 'unconfirmed')",89,0.13671567575610144,0.6479884727080725,0.720546217112059,0.683247648598103,0.21506093258268377
hollow,step08000,train,shot_script_difficulty,"(4, 'bopomofo', 'confirmed_detail')",37,0.12067054416548902,0.6812697583184542,0.6817105251389581,0.5438889297279151,0.1653022540582193
hollow,step08000,train,shot_script_difficulty,"(4, 'kana', 'unconfirmed')",169,0.1341197701138312,0.6465519885737346,0.6606664144428525,0.5793279509925278,0.18137935773860772
hollow,step08000,train,shot_script_difficulty,"(4, 'western', 'confirmed_detail')",89,0.06859529811846711,0.7571278960806506,0.5438337185409632,0.4142291127295976,0.17653014895956168
hollow,step08000,train,shot_script_difficulty,"(4, 'western', 'unconfirmed')",89,0.13929181564557783,0.6443587006391117,0.7353841421309482,0.7024448018395499,0.21288330869728259
hollow,step08000,train,shot_script_difficulty,"(8, 'bopomofo', 'confirmed_detail')",37,0.12129704382691514,0.6800975687834179,0.685422998827857,0.5459462259266827,0.16490298106863693
hollow,step08000,train,shot_script_difficulty,"(8, 'kana', 'unconfirmed')",169,0.1343398482317812,0.6456313001202947,0.6615308547866415,0.5819305846324334,0.1815262495060644
hollow,step08000,train,shot_script_difficulty,"(8, 'western', 'confirmed_detail')",89,0.06897376957571417,0.7563523513298581,0.5443633429789811,0.4150953088583571,0.17761141597554925
hollow,step08000,train,shot_script_difficulty,"(8, 'western', 'unconfirmed')",89,0.13877494105866442,0.6447850746734499,0.7344045759586806,0.6970612604296609,0.21264692136410918
hollow,step10000,train,all,(),1536,0.11747149742420115,0.6777881663907989,0.6454286395940775,0.559734887133042,0.1871848153338457
hollow,step10000,train,font_shot,"('FZBangSKLTJW', 1)",295,0.12828293043323732,0.6582993218441465,0.6598287537946539,0.5846488971831435,0.1932867415880753
hollow,step10000,train,font_shot,"('FZBangSKLTJW', 2)",295,0.1338148272197297,0.650126805632122,0.6834233327437256,0.6096427135548349,0.19045047653933703
hollow,step10000,train,font_shot,"('FZBangSKLTJW', 4)",295,0.134673915175769,0.6485140012011636,0.6884433964551505,0.6153983347496744,0.18942384199570803
hollow,step10000,train,font_shot,"('FZBangSKLTJW', 8)",295,0.1345154236364979,0.648653565947555,0.6885908832994558,0.6144805874864934,0.18941792992212006
hollow,step10000,train,font_shot,"('FZPANGPBJW', 1)",89,0.06695737634941616,0.7631087759742681,0.5392951672331671,0.41436263265904416,0.17705253252152647
hollow,step10000,train,font_shot,"('FZPANGPBJW', 2)",89,0.06658831886765318,0.7650839208382663,0.531088976712709,0.40637884565283744,0.17578973294643874
hollow,step10000,train,font_shot,"('FZPANGPBJW', 4)",89,0.06633758391777435,0.7663013879963019,0.5268788377890427,0.4024133750896775,0.17510642479644734
hollow,step10000,train,font_shot,"('FZPANGPBJW', 8)",89,0.06648218812727962,0.7665450574596571,0.5251405279288132,0.4018168253510186,0.17491731298773477
hollow,step10000,train,shot_script_difficulty,"(1, 'bopomofo', 'confirmed_detail')",37,0.11116861346640758,0.6979921818495364,0.631682621466147,0.49612471864030167,0.17027368537477544
hollow,step10000,train,shot_script_difficulty,"(1, 'kana', 'unconfirmed')",169,0.12800733310048212,0.6556604086406473,0.6350999005447479,0.551033425789613,0.18567391630460525
hollow,step10000,train,shot_script_difficulty,"(1, 'western', 'confirmed_detail')",89,0.06695737634941616,0.7631087759742681,0.5392951672331671,0.41436263265904416,0.17705253252152647
hollow,step10000,train,shot_script_difficulty,"(1, 'western', 'unconfirmed')",89,0.13592119646703874,0.6468087657901235,0.7184869908214955,0.6852827092235008,0.21730978150715988
hollow,step10000,train,shot_script_difficulty,"(2, 'bopomofo', 'confirmed_detail')",37,0.11991145557322028,0.682730281230304,0.6737742955620224,0.5335332541852384,0.16748804941370682
hollow,step10000,train,shot_script_difficulty,"(2, 'kana', 'unconfirmed')",169,0.13380828883780665,0.6469074362152148,0.6581875874093298,0.5758517895929912,0.18239744236836067
hollow,step10000,train,shot_script_difficulty,"(2, 'western', 'confirmed_detail')",89,0.06658831886765318,0.7650839208382663,0.531088976712709,0.40637884565283744,0.17578973294643874
hollow,step10000,train,shot_script_difficulty,"(2, 'western', 'unconfirmed')",89,0.13960729618002007,0.6426857363548699,0.7353542915890726,0.70544851295064,0.21528837068027326
hollow,step10000,train,shot_script_difficulty,"(4, 'bopomofo', 'confirmed_detail')",37,0.1207799136452629,0.6802247483583831,0.680042163745777,0.5403447102855992,0.16676186105689486
hollow,step10000,train,shot_script_difficulty,"(4, 'kana', 'unconfirmed')",169,0.1339909742969344,0.646356575795637,0.6596547894223908,0.5777063018824222,0.1815461639821882
hollow,step10000,train,shot_script_difficulty,"(4, 'western', 'confirmed_detail')",89,0.06633758391777435,0.7663013879963019,0.5268788377890427,0.4024133750896775,0.17510642479644734
hollow,step10000,train,shot_script_difficulty,"(4, 'western', 'unconfirmed')",89,0.1417468934359012,0.6394275657934883,0.7466020503740632,0.7181729151961509,0.2138038518723477
hollow,step10000,train,shot_script_difficulty,"(8, 'bopomofo', 'confirmed_detail')",37,0.12110165082361773,0.6798240885808344,0.6825466864817852,0.5433319976200929,0.1659927944073806
hollow,step10000,train,shot_script_difficulty,"(8, 'kana', 'unconfirmed')",169,0.1346022212714803,0.6451816097440355,0.6627230552526621,0.5815429936146596,0.18211785276260603
hollow,step10000,train,shot_script_difficulty,"(8, 'western', 'confirmed_detail')",89,0.06648218812727962,0.7665450574596571,0.5251405279288132,0.4018168253510186,0.17491731298773477
hollow,step10000,train,shot_script_difficulty,"(8, 'western', 'unconfirmed')",89,0.13992711794845902,0.642287849778605,0.7402234475934104,0.7066036345583669,0.21301841367496532
hollow,step12000,train,all,(),1536,0.11845848897963047,0.678661710347642,0.6499946167847762,0.5651757117496649,0.1856012195397246
hollow,step12000,train,font_shot,"('FZBangSKLTJW', 1)",295,0.1308192335608914,0.6551339172682934,0.6719175812551531,0.5967268788208395,0.1924553347341085
hollow,step12000,train,font_shot,"('FZBangSKLTJW', 2)",295,0.13654969264659725,0.6467590878621468,0.6968560664330499,0.6232168134996446,0.18963300509978148
hollow,step12000,train,font_shot,"('FZBangSKLTJW', 4)",295,0.1365051936205273,0.6468828308243657,0.6974113539113836,0.6247541459940248,0.18872561389106815
hollow,step12000,train,font_shot,"('FZBangSKLTJW', 8)",295,0.13663953452143568,0.6463064095492133,0.6987835097110877,0.6243316385705592,0.1886660005581581
hollow,step12000,train,font_shot,"('FZPANGPBJW', 1)",89,0.06343124250324349,0.7755369943208048,0.5215766985764664,0.3998663371868348,0.1728066640456071
hollow,step12000,train,font_shot,"('FZPANGPBJW', 2)",89,0.06285408309313113,0.7795041441278932,0.5102387027124341,0.38997129074643166,0.17081072909778425
hollow,step12000,train,font_shot,"('FZPANGPBJW', 4)",89,0.06321552907211574,0.7778967121389408,0.5115355521105649,0.3905423176422548,0.17105886490827196
hollow,step12000,train,font_shot,"('FZPANGPBJW', 8)",89,0.06331612330481505,0.7780186063819405,0.5097504010361232,0.38980204955245673,0.17113145767302995
hollow,step12000,train,shot_script_difficulty,"(1, 'bopomofo', 'confirmed_detail')",37,0.11443352819731496,0.6943206994535697,0.6473093322805457,0.5061776219187556,0.16967265106536247
hollow,step12000,train,shot_script_difficulty,"(1, 'kana', 'unconfirmed')",169,0.12989847859138723,0.6533074360146486,0.6445158936920956,0.5593465845260395,0.18479969868293175
hollow,step12000,train,shot_script_difficulty,"(1, 'western', 'confirmed_detail')",89,0.06343124250324349,0.7755369943208048,0.5215766985764664,0.3998663371868348,0.1728066640456071
hollow,step12000,train,shot_script_difficulty,"(1, 'western', 'unconfirmed')",89,0.1393796682608749,0.6423110452571781,0.734180394853099,0.7053515107444163,0.2164638941542486
hollow,step12000,train,shot_script_difficulty,"(2, 'bopomofo', 'confirmed_detail')",37,0.12328718884325501,0.6799195322001819,0.6908889332333127,0.546611935705752,0.1658640109203957
hollow,step12000,train,shot_script_difficulty,"(2, 'kana', 'unconfirmed')",169,0.1357493482785126,0.6438500748210486,0.6684044088132283,0.5847891101823051,0.1819391215341331
hollow,step12000,train,shot_script_difficulty,"(2, 'western', 'confirmed_detail')",89,0.06285408309313113,0.7795041441278932,0.5102387027124341,0.38997129074643166,0.17081072909778425
hollow,step12000,train,shot_script_difficulty,"(2, 'western', 'unconfirmed')",89,0.14358307285929353,0.6384971413839254,0.7533629660526019,0.7280332442749752,0.21412423102373487
hollow,step12000,train,shot_script_difficulty,"(4, 'bopomofo', 'confirmed_detail')",37,0.12184651333318612,0.6815068756350953,0.68622990717759,0.5455786416659484,0.1649023954932754
hollow,step12000,train,shot_script_difficulty,"(4, 'kana', 'unconfirmed')",169,0.13522480614533783,0.6450547202773392,0.6663568947442184,0.583202766772558,0.1812780888299265
hollow,step12000,train,shot_script_difficulty,"(4, 'western', 'confirmed_detail')",89,0.06321552907211574,0.7778967121389408,0.5115355521105649,0.3905423176422548,0.17105886490827196
hollow,step12000,train,shot_script_difficulty,"(4, 'western', 'unconfirmed')",89,0.1450305492827593,0.6359599209867306,0.761028400297915,0.7365707386745496,0.21277157811636335
hollow,step12000,train,shot_script_difficulty,"(8, 'bopomofo', 'confirmed_detail')",37,0.12252757122931755,0.6796774512859279,0.6911757636714626,0.5503770499616056,0.16454942081425641
hollow,step12000,train,shot_script_difficulty,"(8, 'kana', 'unconfirmed')",169,0.13621501541732733,0.6432102497694892,0.6709767550053681,0.5882398062909143,0.18171346540281758
hollow,step12000,train,shot_script_difficulty,"(8, 'western', 'confirmed_detail')",89,0.06331612330481505,0.7780186063819405,0.5097504010361232,0.38980204955245673,0.17113145767302995
hollow,step12000,train,shot_script_difficulty,"(8, 'western', 'unconfirmed')",89,0.14331241508775794,0.6383122798696056,0.754747870932804,0.7236107333322589,0.21189399934216832
hollow,step14000,train,all,(),1536,0.11829347354221274,0.6795642579754252,0.649877263000235,0.5628679964186935,0.185816176662532
hollow,step14000,train,font_shot,"('FZBangSKLTJW', 1)",295,0.13117244908792142,0.654726273241328,0.6749870222503856,0.5969154904454441,0.19307989700365874
hollow,step14000,train,font_shot,"('FZBangSKLTJW', 2)",295,0.13648899943687456,0.6466066872390032,0.6970687546972502,0.6202972192885512,0.1905098916110346
hollow,step14000,train,font_shot,"('FZBangSKLTJW', 4)",295,0.13694821207673277,0.6461797827513015,0.6998509843470686,0.6238034844398499,0.1892621603557619
hollow,step14000,train,font_shot,"('FZBangSKLTJW', 8)",295,0.1366379146703408,0.6463021458445652,0.6994253478818021,0.6213349976782071,0.1893006975873042
hollow,step14000,train,font_shot,"('FZPANGPBJW', 1)",89,0.06287889219358155,0.7776216788161684,0.5184838607739867,0.3971029643932085,0.1714361020353403
hollow,step14000,train,font_shot,"('FZPANGPBJW', 2)",89,0.062201540162725506,0.7818634059860728,0.5091050725974394,0.38972533937920345,0.17046788133931964
hollow,step14000,train,font_shot,"('FZPANGPBJW', 4)",89,0.06129044519259014,0.7850788053671472,0.5027562212408259,0.38391399735145354,0.16930129345548287
hollow,step14000,train,font_shot,"('FZPANGPBJW', 8)",89,0.061165534312195534,0.786169907277518,0.49963803371686616,0.38174804609813046,0.16945333686772357
hollow,step14000,train,shot_script_difficulty,"(1, 'bopomofo', 'confirmed_detail')",37,0.11466492917549903,0.6957371308461245,0.6505534761660808,0.5062084189943366,0.1691167390829808
hollow,step14000,train,shot_script_difficulty,"(1, 'kana', 'unconfirmed')",169,0.13042904595064522,0.6527018063470374,0.6487493047700126,0.5618096549482741,0.1853431285133023
hollow,step14000,train,shot_script_difficulty,"(1, 'western', 'confirmed_detail')",89,0.06287889219358155,0.7776216788161684,0.5184838607739867,0.3971029643932085,0.1714361020353403
hollow,step14000,train,shot_script_difficulty,"(1, 'western', 'unconfirmed')",89,0.13944675658184622,0.6415210280026498,0.7349669712313106,0.701286814520868,0.21773327585686458
hollow,step14000,train,shot_script_difficulty,"(2, 'bopomofo', 'confirmed_detail')",37,0.12168417268371312,0.6831171979460865,0.6848227929424595,0.5385394676311596,0.1662652798601099
hollow,step14000,train,shot_script_difficulty,"(2, 'kana', 'unconfirmed')",169,0.13654894336720552,0.642593312558323,0.6727683152672808,0.5864727876242801,0.18267616726590333
hollow,step14000,train,shot_script_difficulty,"(2, 'western', 'confirmed_detail')",89,0.062201540162725506,0.7818634059860728,0.5091050725974394,0.38972533937920345,0.17046788133931964
hollow,step14000,train,shot_script_difficulty,"(2, 'western', 'unconfirmed')",89,0.14252998893845928,0.6390490627993727,0.7483033035578353,0.7185148121265883,0.21546438654487052
hollow,step14000,train,shot_script_difficulty,"(4, 'bopomofo', 'confirmed_detail')",37,0.12096684230186068,0.6835797757832075,0.6829469896651603,0.5400684169820837,0.16526723069113655
hollow,step14000,train,shot_script_difficulty,"(4, 'kana', 'unconfirmed')",169,0.13635664725702903,0.6433644608612785,0.6718113485878036,0.5859445463976211,0.1818637872588705
hollow,step14000,train,shot_script_difficulty,"(4, 'western', 'confirmed_detail')",89,0.06129044519259014,0.7850788053671472,0.5027562212408259,0.38391399735145354,0.16930129345548287
hollow,step14000,train,shot_script_difficulty,"(4, 'western', 'unconfirmed')",89,0.14471546079808328,0.6359774193494291,0.7601222904880395,0.7305041364069735,0.21328617665874824
hollow,step14000,train,shot_script_difficulty,"(8, 'bopomofo', 'confirmed_detail')",37,0.12191502163928634,0.6816215078210802,0.6888418245959926,0.5457554362915658,0.16436367018802747
hollow,step14000,train,shot_script_difficulty,"(8, 'kana', 'unconfirmed')",169,0.13695357771025898,0.6422135789323151,0.6752715526953251,0.5894910973557353,0.18247074021037513
hollow,step14000,train,shot_script_difficulty,"(8, 'western', 'confirmed_detail')",89,0.061165534312195534,0.786169907277518,0.49963803371686616,0.38174804609813046,0.16945333686772357
hollow,step14000,train,shot_script_difficulty,"(8, 'western', 'unconfirmed')",89,0.14215926285464248,0.6393824988225338,0.7496903113434824,0.7132233451591449,0.21263702130049802
hollow,step16000,train,all,(),1536,0.11819931672982054,0.6805437834680725,0.6478619795913497,0.5627779915036323,0.1850460218944742
hollow,step16000,train,font_shot,"('FZBangSKLTJW', 1)",295,0.13194533730982977,0.6534233360587945,0.677977143707922,0.6008771520549968,0.19266833183118853
hollow,step16000,train,font_shot,"('FZBangSKLTJW', 2)",295,0.13730350326335808,0.6451149114976023,0.700932669841637,0.6252334538152662,0.1902345135555429
hollow,step16000,train,font_shot,"('FZBangSKLTJW', 4)",295,0.13734219217347957,0.6448052418319331,0.7016649091647843,0.6269740427954722,0.18965926897727836
hollow,step16000,train,font_shot,"('FZBangSKLTJW', 8)",295,0.13671853796250139,0.6457496197676188,0.700054445105084,0.6231483248330779,0.18949841225551348
hollow,step16000,train,font_shot,"('FZPANGPBJW', 1)",89,0.060450024364458635,0.7875465471769546,0.49944263160898444,0.38482495154557605,0.1687134439021014
hollow,step16000,train,font_shot,"('FZPANGPBJW', 2)",89,0.05992646102604587,0.7906729601433302,0.4918404308597693,0.37703311074985546,0.16706986055615242
hollow,step16000,train,font_shot,"('FZPANGPBJW', 4)",89,0.05923914997490881,0.7926578255370166,0.4865683220075757,0.3713909392611364,0.165711533738656
hollow,step16000,train,font_shot,"('FZPANGPBJW', 8)",89,0.059461074048064916,0.7924123773219628,0.4865350890695379,0.3716753553808405,0.16617745705200046
hollow,step16000,train,shot_script_difficulty,"(1, 'bopomofo', 'confirmed_detail')",37,0.11344494770505799,0.6975072601400797,0.6444220832876257,0.5012568468983108,0.16723194597540675
hollow,step16000,train,shot_script_difficulty,"(1, 'kana', 'unconfirmed')",169,0.1309838778747857,0.651671838574551,0.6508099313318376,0.5628121497010338,0.1852114315216358
hollow,step16000,train,shot_script_difficulty,"(1, 'western', 'confirmed_detail')",89,0.060450024364458635,0.7875465471769546,0.49944263160898444,0.38482495154557605,0.1687134439021014
hollow,step16000,train,shot_script_difficulty,"(1, 'western', 'unconfirmed')",89,0.14146220315139163,0.6384221886860936,0.7435141788439804,0.7145730699046274,0.2174027411455519
hollow,step16000,train,shot_script_difficulty,"(2, 'bopomofo', 'confirmed_detail')",37,0.12148767563519401,0.6837498269828964,0.6845006072843397,0.538402501795743,0.16527707190126986
hollow,step16000,train,shot_script_difficulty,"(2, 'kana', 'unconfirmed')",169,0.1369384252612123,0.6414302060579093,0.6749946330426008,0.5885926848332558,0.1826285421848297
hollow,step16000,train,shot_script_difficulty,"(2, 'western', 'confirmed_detail')",89,0.05992646102604587,0.7906729601433302,0.4918404308597693,0.37703311074985546,0.16706986055615242
hollow,step16000,train,shot_script_difficulty,"(2, 'western', 'unconfirmed')",89,0.1445718606184671,0.6360500052768409,0.7570171028040769,0.7309080064296722,0.21505287875620166
hollow,step16000,train,shot_script_difficulty,"(4, 'bopomofo', 'confirmed_detail')",37,0.12053073293882118,0.684252626497601,0.6817353561117843,0.5388179332823366,0.16519030405057444
hollow,step16000,train,shot_script_difficulty,"(4, 'kana', 'unconfirmed')",169,0.136440036083878,0.6423557808002415,0.6724628546886896,0.5866220223127737,0.18218591139161375
hollow,step16000,train,shot_script_difficulty,"(4, 'western', 'confirmed_detail')",89,0.05923914997490881,0.7926578255370166,0.4865683220075757,0.3713909392611364,0.165711533738656
hollow,step16000,train,shot_script_difficulty,"(4, 'western', 'unconfirmed')",89,0.14604430869960344,0.6330569910648113,0.7654013211807508,0.7402467114871807,0.21402274239599034
hollow,step16000,train,shot_script_difficulty,"(8, 'bopomofo', 'confirmed_detail')",37,0.12153117041674026,0.6825896462801775,0.687741420558981,0.5455125119235065,0.16349108637990178
hollow,step16000,train,shot_script_difficulty,"(8, 'kana', 'unconfirmed')",169,0.1368592639122546,0.6417055005525218,0.6749045594909487,0.5890462945198872,0.18247011718312664
hollow,step16000,train,shot_script_difficulty,"(8, 'western', 'confirmed_detail')",89,0.059461074048064916,0.7924123773219628,0.4865350890695379,0.3716753553808405,0.16617745705200046
hollow,step16000,train,shot_script_difficulty,"(8, 'western', 'unconfirmed')",89,0.14276516620615162,0.6381133856820763,0.752929867318507,0.7201794282104192,0.21365631028507534
hollow,step18000,train,all,(),1536,0.11839224732952353,0.6806390445200377,0.6486708926192174,0.5633087808964774,0.18526630655590756
hollow,step18000,train,font_shot,"('FZBangSKLTJW', 1)",295,0.132902634688527,0.6523607825769131,0.6824032767344329,0.604907130790969,0.1926386846324145
hollow,step18000,train,font_shot,"('FZBangSKLTJW', 2)",295,0.13782608193936707,0.6443031750990349,0.7032565907906678,0.6270272122601331,0.19091327629857144
hollow,step18000,train,font_shot,"('FZBangSKLTJW', 4)",295,0.13748704119124108,0.645021083355759,0.7022187705767357,0.6272901694653398,0.18985425107559914
hollow,step18000,train,font_shot,"('FZBangSKLTJW', 8)",295,0.13653477934252797,0.6464182109641279,0.6990338636656939,0.6214816495523614,0.18991364624540685
hollow,step18000,train,font_shot,"('FZPANGPBJW', 1)",89,0.06024474806308291,0.7883143162497273,0.4992331916026855,0.3842652403236775,0.1687053055240867
hollow,step18000,train,font_shot,"('FZPANGPBJW', 2)",89,0.05951848543334312,0.7917921162325895,0.4907316290930416,0.37532271361083125,0.1670179105039393
hollow,step18000,train,font_shot,"('FZPANGPBJW', 4)",89,0.05868678532196273,0.7947278302963375,0.4828927305976996,0.3688217136967048,0.1651100672028038
hollow,step18000,train,font_shot,"('FZPANGPBJW', 8)",89,0.05918013214180803,0.7933804905247899,0.48466270760204017,0.37084841828667714,0.16646658964036556
hollow,step18000,train,shot_script_difficulty,"(1, 'bopomofo', 'confirmed_detail')",37,0.11517270947418005,0.6948476315252219,0.6528208722939363,0.5088781231158489,0.16783269474635254
hollow,step18000,train,shot_script_difficulty,"(1, 'kana', 'unconfirmed')",169,0.13222913574741205,0.6503620205771327,0.6563961597589346,0.5679772986462835,0.1850582036746324
hollow,step18000,train,shot_script_difficulty,"(1, 'western', 'confirmed_detail')",89,0.06024474806308291,0.7883143162497273,0.4992331916026855,0.3842652403236775,0.1687053055240867
hollow,step18000,train,shot_script_difficulty,"(1, 'western', 'unconfirmed')",89,0.1415523937220019,0.638493112541806,0.7440858804777767,0.7149544894025567,0.21734568359476797
hollow,step18000,train,shot_script_difficulty,"(2, 'bopomofo', 'confirmed_detail')",37,0.12193368690381558,0.6826071509146162,0.6860169405872757,0.5396281166656597,0.16540264479211858
hollow,step18000,train,shot_script_difficulty,"(2, 'kana', 'unconfirmed')",169,0.13786481950809581,0.6402471192306568,0.6789210745568811,0.591937548839129,0.1834162780519068
hollow,step18000,train,shot_script_difficulty,"(2, 'western', 'confirmed_detail')",89,0.05951848543334312,0.7917921162325895,0.4907316290930416,0.37532271361083125,0.1670179105039393
hollow,step18000,train,shot_script_difficulty,"(2, 'western', 'unconfirmed')",89,0.14435947482925754,0.6360809991055448,0.7566337739483694,0.7299926016437873,0.21575469280896561
hollow,step18000,train,shot_script_difficulty,"(4, 'bopomofo', 'confirmed_detail')",37,0.12092754519225106,0.6839346076351646,0.681876615092561,0.5389752001375765,0.16452807349127693
hollow,step18000,train,shot_script_difficulty,"(4, 'kana', 'unconfirmed')",169,0.1369109554674105,0.6418194466714194,0.6744820653686862,0.5884908758676969,0.1830538447792008
hollow,step18000,train,shot_script_difficulty,"(4, 'western', 'confirmed_detail')",89,0.05868678532196273,0.7947278302963375,0.4828927305976996,0.3688217136967048,0.1651100672028038
hollow,step18000,train,shot_script_difficulty,"(4, 'western', 'unconfirmed')",89,0.14546524163270177,0.6349230631458195,0.7633441967910595,0.7376804445566756,0.21329624247684909
hollow,step18000,train,shot_script_difficulty,"(8, 'bopomofo', 'confirmed_detail')",37,0.12144546890640641,0.682803984992084,0.6859811689402606,0.5430899810146641,0.16426656818067706
hollow,step18000,train,shot_script_difficulty,"(8, 'kana', 'unconfirmed')",169,0.13712002552500288,0.6417882324611144,0.6758984676479588,0.5898765136857005,0.18331089404207715
hollow,step18000,train,shot_script_difficulty,"(8, 'western', 'confirmed_detail')",89,0.05918013214180803,0.7933804905247899,0.48466270760204017,0.37084841828667714,0.16646658964036556
hollow,step18000,train,shot_script_difficulty,"(8, 'western', 'unconfirmed')",89,0.14169655328969916,0.6400832977953065,0.7483915224503935,0.7140856910957379,0.21311372501796552
hollow,step20000,train,all,(),1536,0.11793923610002992,0.6817627585422503,0.6460348384571262,0.56099516217364,0.18504270259290934
hollow,step20000,train,font_shot,"('FZBangSKLTJW', 1)",295,0.13273075882306784,0.6527254894656846,0.6814674752243495,0.6039486843650624,0.19287467811067224
hollow,step20000,train,font_shot,"('FZBangSKLTJW', 2)",295,0.13700923848823898,0.6456750453930882,0.6994642332448797,0.6233535051345825,0.19109762523133875
hollow,step20000,train,font_shot,"('FZBangSKLTJW', 4)",295,0.1372201278110114,0.6455097337045578,0.7010540368193287,0.6258735374879029,0.18987666560431657
hollow,step20000,train,font_shot,"('FZBangSKLTJW', 8)",295,0.13616408009766995,0.6470798878180452,0.6971584768618567,0.6198134479886395,0.19004370459055497
hollow,step20000,train,font_shot,"('FZPANGPBJW', 1)",89,0.05948361212852806,0.7915856116861698,0.4925197239002485,0.3795634908287713,0.16688721911625914
hollow,step20000,train,font_shot,"('FZPANGPBJW', 2)",89,0.05874069694591319,0.7949040528643684,0.4830854009376483,0.3701731383465649,0.16500120752313163
hollow,step20000,train,font_shot,"('FZPANGPBJW', 4)",89,0.05857169959119727,0.7951004421948261,0.48286882344256626,0.3689716908704029,0.16508272767401813
hollow,step20000,train,font_shot,"('FZPANGPBJW', 8)",89,0.0584065318933441,0.7964492302028457,0.47930095436867703,0.36619912355803375,0.1645710084880336
hollow,step20000,train,shot_script_difficulty,"(1, 'bopomofo', 'confirmed_detail')",37,0.11445243497173643,0.6967785460725875,0.6479449223827671,0.5055083592195768,0.1684994870746458
hollow,step20000,train,shot_script_difficulty,"(1, 'kana', 'unconfirmed')",169,0.13212083023133644,0.6503985220633189,0.6561916287128742,0.5673856204430733,0.1854374577131497
hollow,step20000,train,shot_script_difficulty,"(1, 'western', 'confirmed_detail')",89,0.05948361212852806,0.7915856116861698,0.4925197239002485,0.3795634908287713,0.16688721911625914
hollow,step20000,train,shot_script_difficulty,"(1, 'western', 'unconfirmed')",89,0.1414877915702798,0.6388299208875318,0.7433995259611794,0.7143020532774121,0.21713054682431596
hollow,step20000,train,shot_script_difficulty,"(2, 'bopomofo', 'confirmed_detail')",37,0.12126372696225637,0.6840021701398286,0.6819435486922393,0.5368250842029983,0.16615742243625023
hollow,step20000,train,shot_script_difficulty,"(2, 'kana', 'unconfirmed')",169,0.13701624207580795,0.6416803448864089,0.6753667878681386,0.5883821892667804,0.18378595117281174
hollow,step20000,train,shot_script_difficulty,"(2, 'western', 'confirmed_detail')",89,0.05874069694591319,0.7949040528643684,0.4830854009376483,0.3701731383465649,0.16500120752313163
hollow,step20000,train,shot_script_difficulty,"(2, 'western', 'unconfirmed')",89,0.14354182635522997,0.6373267394380254,0.7525061837742838,0.7257322012708428,0.21534998949324147
hollow,step20000,train,shot_script_difficulty,"(4, 'bopomofo', 'confirmed_detail')",37,0.12039916754990283,0.6847742305171102,0.6790252795090547,0.536853005757203,0.16499856919855685
hollow,step20000,train,shot_script_difficulty,"(4, 'kana', 'unconfirmed')",169,0.13644722707664592,0.6428519425847812,0.6727648000039997,0.5865660944633936,0.18287838254807262
hollow,step20000,train,shot_script_difficulty,"(4, 'western', 'confirmed_detail')",89,0.05857169959119727,0.7951004421948261,0.48286882344256626,0.3689716908704029,0.16508272767401813
hollow,step20000,train,shot_script_difficulty,"(4, 'western', 'unconfirmed')",89,0.1456807542578517,0.6342331080548702,0.7639298238111346,0.7375220492314757,0.21350811957643273
hollow,step20000,train,shot_script_difficulty,"(8, 'bopomofo', 'confirmed_detail')",37,0.12072221578195842,0.6839362699206046,0.6825760973466409,0.5413403301625639,0.16511418610005765
hollow,step20000,train,shot_script_difficulty,"(8, 'kana', 'unconfirmed')",169,0.13633915320319448,0.6429924510261411,0.6725716361632714,0.5863343404947653,0.1834852882390897
hollow,step20000,train,shot_script_difficulty,"(8, 'western', 'confirmed_detail')",89,0.0584065318933441,0.7964492302028457,0.47930095436867703,0.36619912355803375,0.1645710084880336
hollow,step20000,train,shot_script_difficulty,"(8, 'western', 'unconfirmed')",89,0.1422512893656214,0.6395191089420575,0.7499081860767322,0.7160097909777352,0.21286128377646543
