font,condition,n,l1_target,l1_other,change_from_baseline
FZBangSKLTJW,full_swap,12,0.22450635250242074,0.11055540898844105,0.21995056196668483
FZBangSKLTJW,normal,12,0.17763384650735295,0.1744148780750726,0.0
FZBangSKLTJW,off,12,0.16313335905349796,0.1794612902066691,0.04818770944913459
FZBangSKLTJW,swap_all,12,0.146267278371611,0.18346761954202978,0.080200295781893
FZBangSKLTJW,swap_res2304,12,0.16618204959452917,0.1914140038731542,0.03796999582047325
FZBangSKLTJW,swap_res576,12,0.15626674883881023,0.16585956648284314,0.06117536424291939
FZPANGPBJW,full_swap,12,0.29147336355452674,0.11055540898844105,0.28069588174776083
FZPANGPBJW,normal,12,0.06490195132837086,0.22853635715474463,0.0
FZPANGPBJW,off,12,0.08981032324195111,0.2100189024297991,0.06302246448347858
FZPANGPBJW,swap_all,12,0.07126025733402928,0.2228176274850218,0.029771078715050834
FZPANGPBJW,swap_res2304,12,0.06278884359492254,0.22788171040985838,0.011000653878449528
FZPANGPBJW,swap_res576,12,0.07587537209135198,0.22393924414866254,0.03186713029154563
FZPTYJW,full_swap,24,0.20147561761490862,0.1212678989178619,0.25032322185722283
FZPTYJW,normal,24,0.11055540898844105,0.25798985802847374,0.0
FZPTYJW,off,24,0.10772549350565844,0.25207357007231906,0.022534989352608326
FZPTYJW,swap_all,24,0.10044084787657347,0.24390498290365528,0.038445606107026145
FZPTYJW,swap_res2304,24,0.10932393790849673,0.2559799973712479,0.01340226242889131
FZPTYJW,swap_res576,24,0.1006113917162158,0.24623086708159345,0.03317739892542665
