split,shot,script,difficulty,n,l1_B_minus_A,ssim_B_minus_A,D_region_B_minus_A,D_change_B_minus_A,D_add_B_minus_A,D_remove_B_minus_A,D_high_B_minus_A,D_out_B_minus_A
train,all,all,all,2304,2.736036438712175e-05,0.000541247316540372,-0.0006061555403801822,-0.0008995236389132133,0.0015845086891204119,-0.003383557543404303,-0.00016564707362298758,-0.0015470924036991018
train,1,all,all,576,0.0003130301237972144,7.044820803059348e-05,-3.680436768466189e-05,0.0008097211830317974,0.00020403089001774788,0.0014154111785400492,-4.736273937547275e-05,0.0007610740140080452
train,all,western,all,1600,-0.0001291501246766108,0.0009273899513102535,-0.0014954547025263776,-0.002021413422189644,0.000984567226842037,-0.0050273956567980504,-0.0003959246259182536,-0.0036158512532710185
train,all,all,easy,960,8.80271451752096e-05,0.00012021210922241732,-0.0012677625752985366,-0.0022179745137691498,0.0029687871535619137,-0.007404736507063081,-0.00017763580350826924,-0.003530148168404912
train,1,western,all,400,0.0002356611264297398,0.00031766635762975337,-0.000265683196485067,0.0002423486858606494,-0.0002864961698651469,0.0007711935974658024,-0.0002886901423335142,-9.551085531711578e-05
train,1,western,easy,160,-0.0001039246536288091,0.0007154784237918266,-0.0031302071176469437,-0.003786675911396753,-0.0012014870531857347,-0.006371867237612627,-0.0008888637647032627,-0.007139104418456554
train,all,kana,all,512,0.0004710876863766311,-0.0003821696773063099,0.001484668639022857,0.002082538208924234,0.0034658391086850315,0.0006992356211412698,0.0005317966861184686,0.0037001543678343296
train,1,kana,all,128,0.0006825066859426077,-0.0007161026896459477,0.0015249017160385847,0.0029687531059607863,0.0017930238973349333,0.004144482780247927,0.0007432368583977222,0.004679464269429445
train,1,kana,easy,64,0.0013195228992204516,-0.002792904571965127,0.004507033154368401,0.0045024564024060965,0.0038108769804239273,0.00519403931684792,0.0004946148255839944,0.009133142419159412
train,all,all,medium,320,-0.0005765229268790834,0.0021073061738237087,-0.004693932132795453,-0.00577755190897733,0.0006371800787746684,-0.012192284909542661,-0.0012853181688115,-0.010792813356965691
train,1,western,medium,80,0.00017232923985566195,-0.00038606287119391514,-0.0005276273936033471,0.0011698873713612556,0.004098058305680774,-0.0017582820728421211,-0.0006421623751521055,0.0004817202687263933
train,all,bopomofo,all,192,0.00014834158127950692,-0.00021416265628348974,0.001229139665762602,0.0004973929608240724,0.0015671397559344769,-0.0005723550372446762,-0.00010651749713969094,0.0016999066186447198
train,1,bopomofo,all,48,-2.749906386165235e-05,0.00010776602184314754,-0.002294030350943388,-0.00021959313501912492,5.4441702862562114e-05,-0.0004936332503954755,-0.00014456664212048054,-0.002549759422739273
train,1,bopomofo,easy,16,0.000621521395016339,-0.0024126708697560506,0.001976914703845978,0.0014489563181996346,0.005055808462202549,-0.0021578995510935783,0.0001702955923974514,0.0034684333950281143
train,all,all,hard,1024,0.0001591987859189889,0.0004465744305000019,0.0012915312399854884,0.0018609078906592913,0.0005827878194395453,0.0031390250369440764,0.00019548957789083943,0.0032013101736083627
train,1,western,hard,160,0.0006069128497753276,0.00027171890587929237,0.002729812823235922,0.003807603940367721,-0.0015637825243175474,0.009178992267698027,0.00048821959644557156,0.006659467145800679
train,1,kana,hard,64,4.549047266476369e-05,0.0013606991926733425,-0.0014572297222912312,0.0014350498095154762,-0.00022482918575406075,0.003094926243647933,0.00099185889121145,0.00022578611969947815
train,1,bopomofo,hard,32,-0.00035200929330065495,0.0013679844676428576,-0.0044295028783380985,-0.0010538678616285324,-0.0024462416768074036,0.00033849989995360374,-0.0003019977593794465,-0.005558855831623077
train,2,all,all,576,-0.00019371311591283302,0.0012000594526451192,-0.0020399067757858047,-0.0023996497814854356,0.0004781641117814206,-0.005277465074969845,-0.0005723174027581213,-0.004582635385708578
train,2,western,all,400,-0.0002406407441448849,0.0014847407223691489,-0.0024780484661459656,-0.0031862156279385268,0.0008085783571005201,-0.007181010749191086,-0.0007963249832391717,-0.005863343328237569
train,2,western,easy,160,1.9252004187092497e-05,0.00019365896055856258,-0.0014847662299871112,-0.0024812028743326775,0.005230888351798024,-0.01019329666160046,-0.00017507914453743223,-0.004009736701846123
train,2,kana,all,128,0.00017875721252043342,-6.228249838724498e-05,0.0003876806003972888,0.0006124271312728524,0.00246979424264282,-0.0012449452187865973,0.00042764144018292427,0.0011070116888731718
train,2,kana,easy,64,0.0001656326593137275,-0.0005917671895984133,0.0007549494039267302,-0.0013049512635916471,0.0013272480573505163,-0.00393715244717896,0.0002503761788830161,-0.00048740534111857414
train,2,western,medium,80,-0.0008529922385620906,0.0033846537981695457,-0.006151800230145443,-0.007879283372312806,-0.0013836609199643357,-0.014374907314777363,-0.0017459206283092499,-0.014467564225196905
train,2,bopomofo,all,48,-0.0007959037564678612,0.0021939607410317308,-0.0048622923592726575,-0.0038771394950647964,-0.007586301614840807,-0.00016797073961544173,-0.0013721444799254245,-0.009082461396853092
train,2,bopomofo,easy,16,-0.0005603798594090437,0.002376507563545349,-0.0034220926463603973,-0.00014922209084033966,-0.0005312142893671989,0.00023277662694454193,-0.0003930293023586273,-0.003669561818242073
train,2,western,hard,160,-0.00019435774526824906,0.0018258659462792037,-0.001634454820305109,-0.0015446945093571807,-0.0025176119990646395,-0.0005717765539884345,-0.0009427729994058442,-0.003414839506149292
train,2,kana,hard,64,0.00019188176572712545,0.0004672021928240344,2.0411796867847443e-05,0.002529805526137352,0.0036123404279351234,0.0014472620096057653,0.0006049067014828324,0.0027014287188649178
train,2,bopomofo,hard,32,-0.0009136657049972838,0.0021026873297749216,-0.00558239221572876,-0.0057410981971770525,-0.011113845277577639,-0.0003683444228954613,-0.001861702068708837,-0.011788911186158657
train,4,all,all,576,1.0153318657710186e-05,0.000513744184728604,-0.0002666837794499388,-0.0008191414591339208,0.002467751994522094,-0.0041060367430973965,-0.00020920865548151868,-0.0011381292715668678
train,4,western,all,400,-0.00014113136574073204,0.0008136325303681469,-0.0008907539397478015,-0.002175899166613815,0.0016594405472278861,-0.006011241860687744,-0.0003421619534492437,-0.0031521967053412814
train,4,western,easy,160,-0.00024600758272058654,0.0010763601949864698,-0.003114945068955377,-0.004289014544337999,0.003341848216950938,-0.011919880192726828,-0.000475736614316713,-0.007522895559668563
train,4,kana,all,128,0.0003407231083622647,8.699345558793592e-05,0.0009427492041140795,0.0025780147407203913,0.004666798398829997,0.0004892327124252915,7.132341852411628e-05,0.0035385964438319206
train,4,kana,easy,64,0.0007312915943287063,-0.0017291991172135868,0.00341455964371562,0.0036606304347515106,0.006638949038460851,0.0006823192816227674,0.0005585273029282689,0.007214820943772793
train,4,western,medium,80,-0.0007324537888071872,0.0024209287340549723,-0.005526251718401876,-0.007672550063580308,0.0002763414755463378,-0.015621444676071405,-0.0011983311735093705,-0.013498385623097464
train,4,bopomofo,all,48,0.0003893395827659907,-0.0008473234178919542,0.0017087462668617937,0.0014280895702540874,0.00333955697715288,-0.0004833793112387075,0.0001506499635676728,0.0031744974354903643
train,4,bopomofo,easy,16,0.001285807291666663,-0.003005300469349881,0.003756391815841198,0.003439811058342457,0.008856193162500858,-0.0019765784963965416,0.0026771966367959976,0.007865507155656815
train,4,western,hard,160,0.00025940606277233963,-0.00025274323609369986,0.0036511860787868944,0.00268554165959356,0.0006685824133455531,0.004702497879043255,0.00021949731744827505,0.006391596607864036
train,4,kana,hard,64,-4.9845377604162966e-05,0.0019031860283895696,-0.001529061235487461,0.001495399046689272,0.0026946477591991425,0.00029614614322781563,-0.00041588046588003635,-0.00013762805610895157
train,4,bopomofo,hard,32,-5.8894271684366284e-05,0.00023166510783712013,0.000684923492372036,0.00042222882620990276,0.0005812388844788074,0.00026322028134018183,-0.0011126233730465174,0.0008289925754070282
train,8,all,all,576,-2.002886899357681e-05,0.0003807374207576153,-8.122723860043424e-05,-0.0011890244980652942,0.003188087760160385,-0.005566139534089909,0.0001663005031231346,-0.001228678971529007
train,8,western,all,400,-0.0003704895152505383,0.001093520194874631,-0.002347333207726454,-0.0029658875800669393,0.0017567461729049438,-0.007688523614779119,-0.00015652142465114038,-0.005352354124188441
train,8,western,easy,160,-0.0006618737447235956,0.002061622140336228,-0.0049206859432160965,-0.006463598273694526,0.001333119347691536,-0.014260314777493455,-0.0005473017692566029,-0.011521117202937692
train,8,kana,all,128,0.0006823637386812326,-0.0008372869767799829,0.003083343035541475,0.0021709578577429056,0.004933739895932376,-0.0005918277893215418,0.0008849850273691118,0.005475545069202781
train,8,kana,easy,64,0.0009023429521548137,-0.0015602028122493339,0.0029651341028511524,0.0005456446669995785,0.005928652593865991,-0.004837359301745892,0.00043142668437212706,0.003618632908910513
train,8,western,medium,80,-0.0008929749200027245,0.003009705034264565,-0.006570049189031146,-0.008728261571377516,-0.0004420185461639914,-0.0170145055744797,-0.0015548584982752744,-0.015687023848295234
train,8,bopomofo,all,48,0.0010274295626815644,-0.002311053970117549,0.010364135106404604,0.004658214903126123,0.010460861958563328,-0.0011444368477290245,0.0009399911699195518,0.015257349858681324
train,8,bopomofo,easy,16,0.0013850592320261423,-0.003520712103713075,0.0015623699873685837,0.0027717789635062218,0.006879846565425396,-0.0013362877070903778,0.0008174218237400055,0.004538506269454956
train,8,western,hard,160,0.00018213741659859478,-0.0008326741702819884,0.002337377518415451,0.003413010109216019,0.0032797553576529026,0.003546258527785562,0.0009334274567663614,0.005983743816614151
train,8,kana,hard,64,0.0004623845252076514,-0.00011437114131063186,0.0032015519682317972,0.0037962710484862328,0.003938827197998762,0.003653703723102808,0.0013385433703660965,0.0073324572294950485
train,8,bopomofo,hard,32,0.0008486147280092615,-0.0017062249033197308,0.014765017665922642,0.00560143287293613,0.012251369655132294,-0.0010485114180482924,0.0010012758430093527,0.020616771653294563
val,all,all,all,29324,-0.00014324149512143225,0.0004892217882653815,-0.0008907319605401254,-0.0011050213009419774,-0.0008752993151750488,-0.001415697759933443,-0.00018533414012258942,-0.002042086599078452
val,1,all,all,7331,-0.00020120357433620062,0.0006952368399643083,-0.0010874746289840642,-0.001270638567667015,-0.00030512173481356264,-0.0023392875424568804,-9.469837234868383e-05,-0.0023817883098358195
val,all,western,all,11176,-6.966012725875825e-05,0.0003567474757490974,-0.0009619761435027963,-0.0009063344006143281,-0.0013277194914044221,-0.0005233290037503502,-0.00020185433299485522,-0.0019187739728260267
val,all,all,hard,13632,-1.5546213100639528e-05,0.00018201365891101773,-1.2931939457172525e-05,-8.20248054357875e-05,-0.00022968154169944466,6.335346224145555e-05,-1.9451428670436144e-05,-9.981847582429815e-05
val,1,western,all,2794,-4.113720967589829e-05,0.0004875079240186375,-0.0006483760605711097,-0.00027010235708785357,-0.00043261983967202156,-0.00024042161279569374,8.32203932975839e-05,-0.0008976728086738106
val,1,western,hard,1459,0.0002449040919295792,-0.00024093634297506217,0.001158305342328969,0.0017568139056787224,0.000156856960961127,0.00331305981581137,0.00046458127228588,0.0030312670102423667
val,all,kana,all,16224,-0.00016217892338987738,0.0004870479286636087,-0.0007129555620452033,-0.0010934758043243953,-0.00047392155219661003,-0.0018255675364932111,-0.0001665727415395557,-0.00184807449825386
val,1,kana,all,4056,-0.000260312490432138,0.000711633022982161,-0.0011836708664776374,-0.0017092464972999766,-2.1902785528160607e-05,-0.003481122198470077,-0.00020725280322003714,-0.0029447318130049194
val,1,kana,hard,1690,-0.00022727893035090485,0.0007118222751362202,-0.0008067771880584385,-0.0015128689052085198,-0.0011350681355013492,-0.0018906691622749272,-2.6002184614626334e-05,-0.0023261462972008484
val,all,bopomofo,all,1924,-0.0004109673428377564,0.0012770604654274154,-0.0019759810771676767,-0.0023564968389805374,-0.001631902712794231,-0.0031430293421557676,-0.0002475769961884089,-0.0043943705048853365
val,1,bopomofo,all,481,-0.0006325542171130433,0.0017636186961613731,-0.00282691217757558,-0.003383953348886415,-0.0019527440910032112,-0.004902593244502207,-0.000179073132435148,-0.006255634175516778
val,1,bopomofo,hard,259,-0.0006694539208325911,0.002044428679005228,-0.002894563391862226,-0.0035059664642949073,-0.002312734665557703,-0.004699196154071883,-0.0002174621383195796,-0.006454895246903458
val,all,all,easy,6696,-0.0005698538816869131,0.0014438198213129194,-0.0028357162099140187,-0.0029609939973609944,-0.002190837273296331,-0.004010260616692851,-0.0004064004299127455,-0.005898310178657162
val,1,western,easy,623,-0.0007266389701948289,0.0019471195651569184,-0.004969029052012575,-0.0029188657888057357,-0.002119337192125148,-0.0040503479899124395,-0.0004814478238359676,-0.00800825715256348
val,all,all,medium,8996,-1.9202538258947244e-05,0.00024420987075435274,-0.0007731858682320514,-0.0012737512977759602,-0.0008744344108216895,-0.0017257503801899055,-0.00027215642181235844,-0.0021149774358213413
val,1,kana,medium,1352,-0.0001017940293207148,0.00033771370276436397,-0.0008533764079478035,-0.0015690035500822708,0.00012029432443649846,-0.0032645137994357643,-0.0004939181928539371,-0.0025458613179139
val,1,bopomofo,medium,185,-0.00035986584010480605,0.0008363327748911464,-0.0023993249680544504,-0.003104348682068492,-0.0017626602504704492,-0.004446034737535465,-9.367073307167684e-05,-0.005527092798336075
val,1,western,medium,712,-2.746679147236364e-05,0.0007030446278316616,-0.0005699790846765973,-0.0021059046175038176,-0.0001646728474604675,-0.004188378454641206,-0.00020416334710929296,-0.0027269272322065774
val,1,kana,easy,1014,-0.0005267263720494797,0.001209876696348866,-0.0022522196085494883,-0.0022235330804094566,0.0016437766511411822,-0.006420688457507873,-0.00012711664805045708,-0.004507534999466545
val,1,bopomofo,easy,37,-0.0017376981761172972,0.004434378422604968,-0.004491289725174763,-0.0039278848751170825,-0.000383229271785579,-0.008609165412348574,-0.0003373620880616768,-0.008503513561712639
val,2,all,all,7331,-2.9696716854946126e-05,0.0002162114579075114,-0.00020705100111817476,-0.0004590528235479674,-0.0002369972637227269,-0.0008197582466318298,-0.00011590948701109549,-0.0006950808577965706
val,2,western,all,2794,-3.186004639767204e-05,0.00020538982728901534,-0.0008042056177480772,-0.0007048698199503822,-0.0009758983770052909,-0.0004755179059432457,-0.0002851891981367205,-0.0015803722714045065
val,2,western,hard,1459,0.00030813994834853753,-0.0007551179036892064,0.0008754667412997907,0.001213490242946591,0.0008301934185217519,0.0016334887256946873,-8.813055606229914e-05,0.0020669243918289837
val,2,kana,all,4056,-2.002911378501393e-05,0.00019589138530018424,0.00012237603980058687,-0.00035086475658052674,0.0001128043995939354,-0.0010279554189908113,-4.1895308136863374e-05,-0.00023896248618049398
val,2,kana,hard,1690,-0.00042390751295587337,0.0012053335708350765,-0.0012223044267066774,-0.0014430868819621523,-0.0011606081703006144,-0.001725566179419935,-0.00020591940444250612,-0.0027168729072490905
val,2,bopomofo,all,481,-9.86519253982493e-05,0.0004504190471843472,0.0004837887512670891,5.654361788298701e-05,0.0011054022458387713,-0.0010637494748973464,0.0002432713931786734,0.0006011521865820768
val,2,bopomofo,hard,259,-9.920306335747808e-05,0.0005319623514811189,0.0025061351106894225,0.0018983885760933128,0.0034885245400506637,0.0003082513643795637,0.0004238870325695976,0.00451050071642678
val,2,western,easy,623,-0.0010257763568910644,0.002506810249462754,-0.0051828783370231335,-0.0046191579911911695,-0.006073792532301614,-0.003425945044998935,-0.0009580303736951845,-0.010041542339286669
val,2,kana,medium,1352,0.0005706701738367043,-0.0012944924222314524,0.0027265303035283184,0.0023180116629282765,0.002345621076098481,0.002117954081574669,0.0003171031578228789,0.005123817642941342
val,2,bopomofo,medium,185,-0.0003607927780721887,0.0009447014946715182,-0.002915162572989627,-0.003207647760172183,-0.003651873566008934,-0.0027634191855385737,-0.00017475814029976888,-0.006166501625164078
val,2,western,medium,712,0.00014110325290385417,0.00015987838976538882,-0.00041477987019533646,-0.0012108892034948249,-0.00021620718448345233,-0.002215580501347736,-0.00010025732512219943,-0.0016507330570327827
val,2,kana,easy,1014,-0.00013449749866252525,0.0005006661527845457,-0.0011086955343242444,-0.002088996440289703,-0.0007419302192548383,-0.004059816819029671,-0.00024718643557389286,-0.003259485289895281
val,2,bopomofo,easy,37,0.001215910303686063,-0.002591796320330464,0.0033221208565943905,0.003484585800686446,0.00820992524559433,-0.0021694067966294694,0.001069109584834138,0.007073981536401375
val,4,all,all,7331,-0.00026354504108778987,0.0007590888493650416,-0.001566149025053809,-0.0017637052226320282,-0.002023146811340637,-0.0015208771266957966,-0.00034317046977086485,-0.003415646077487011
val,4,western,all,2794,-0.0002133709479775342,0.0006263451923755881,-0.0017826260389518511,-0.0021257745068714584,-0.0027797473774544557,-0.0014506374616122808,-0.00042756793536538606,-0.004015292036337104
val,4,western,hard,1459,0.00026806518934015255,-0.000788076641354718,0.0005490568359883818,0.0001376499718717672,-0.0006378311319168439,0.0009502723067488228,7.352934329374339e-05,0.0007050905409864416
val,4,kana,all,4056,-0.0002601814570817873,0.000722517470570061,-0.0012287334070578693,-0.0013617727468323015,-0.001325883482412027,-0.0014327047393873915,-0.0002777515561549482,-0.0026599429400833152
val,4,kana,hard,1690,-0.00027669661100797327,0.0010228003167584987,-0.0012398920115634926,-0.0009887815844378256,-0.0006349189747014705,-0.0013426453649402759,-0.0003235194655741569,-0.0023095515000044475
val,4,bopomofo,all,481,-0.0005833560865730059,0.0018385468327752896,-0.0031539265089619573,-0.003049810298886957,-0.0035078829452550586,-0.0026723882018853673,-0.0004045687956646393,-0.006304879167471467
val,4,bopomofo,hard,259,-0.0004150585722276917,0.0015373912028302517,-0.0017840092476729685,-0.0012893834399440585,-0.0017926392638085709,-0.0007861271144599669,-0.00029355920419729675,-0.003146777972291126
val,4,western,easy,623,-0.0011335852615078496,0.0030032217619549995,-0.005776416803343953,-0.00574165897183776,-0.007474158616978699,-0.004015761605474399,-0.0010116013367907073,-0.011770975364919334
val,4,kana,medium,1352,-0.00013329050210854343,0.00021288546596087699,-0.0010194928335720554,-0.0013003496772791556,-0.0018835056520800642,-0.0006642628642978821,-0.00023457424483708245,-0.0023784868683689453
val,4,bopomofo,medium,185,-0.0006147645807572238,0.001937667500081397,-0.004726417684877249,-0.0050547667854541345,-0.006485682725906383,-0.0036238538755758443,-0.0007481708115822661,-0.00996823335016106
val,4,western,medium,712,-0.000394721800529671,0.0014449510246296038,-0.003066044112437216,-0.0035999884012709593,-0.0030612608606225278,-0.004125995622304257,-0.0009433658573818338,-0.006901875556854731
val,4,kana,easy,1014,-0.0004018441405024553,0.0009015553997352432,-0.0014891231641966929,-0.0020653221102273633,-0.0017339947690390156,-0.002607392863585356,-0.0002590414555467824,-0.0036192034358337732
val,4,bopomofo,easy,37,-0.001604396216069004,0.0034510329058589084,-0.004880891458408254,-0.005348015878651635,-0.0006255898121241277,-0.011118887445411119,0.0005363741436520131,-0.01009481662028544
val,8,all,all,7331,-7.852064820683402e-05,0.00028635000582466485,-0.0007022531870043425,-0.0009266885899209543,-0.0009359314508229355,-0.0009828681239492099,-0.00018755823135979677,-0.0016758311511939628
val,8,western,all,2794,7.727695016002123e-06,0.00010774695931303757,-0.000612696856740258,-0.0005245909185476183,-0.0011226123714861425,7.32609653497085e-05,-0.00017788059177487048,-0.001181758774888464
val,8,western,hard,1459,0.00043786093444118934,-0.0012570913075879986,0.0019777533358870114,0.0019760321904895295,0.0010414906203582985,0.0028591555076624697,0.0003342726679596564,0.004037355338979642
val,8,kana,all,4056,-0.00010819263226055642,0.00031814983580180645,-0.0005617940144454492,-0.0009520192165846653,-0.00066070434044041,-0.0013604877891246203,-0.00013939129864645738,-0.0015486607537467112
val,8,kana,hard,1690,-5.121517706360712e-05,0.00036226726384269714,-0.0002414006805985247,-0.0004027622250409868,-0.0001642658512973627,-0.0006412595117838982,-0.00018311664241657533,-0.0006899409216536423
val,8,bopomofo,all,481,-0.0003293071422667132,0.0010556572855889845,-0.0024068743734002584,-0.0030487673260318204,-0.0021723860607573142,-0.003933386447337928,-0.0006499374498324662,-0.00561812086313529
val,8,bopomofo,hard,259,-0.0003378575529310729,0.0010506802792625836,-0.001293373786804719,-0.0016915477725990002,0.0008880881499140347,-0.004271183450594795,-0.0005353525511086199,-0.0031187526277594024
val,8,western,easy,623,-0.0009305342182128751,0.002624505309079872,-0.004678121317973294,-0.004234095003880445,-0.004790969408247248,-0.0035621233996045998,-0.0009665343414149152,-0.00915385450252948
val,8,kana,medium,1352,-6.298413308451767e-05,9.659725568411659e-05,-0.0007358888968737043,-0.0008505296689518826,-0.0009300323346487227,-0.000924983340144736,-0.00016250034254153278,-0.0016270445428303582
val,8,bopomofo,medium,185,-0.00030590332980038465,0.0013017060885262,-0.003730385045747464,-0.004458593637556629,-0.005798605446879934,-0.0031185802172969956,-0.0011533737786718345,-0.008477317481427549
val,8,western,medium,712,-5.2703799899342374e-05,0.0007023517058072359,-0.0023636903844020396,-0.0024029449507426692,-0.0023473874153046026,-0.002454513863116292,-0.0005372911534701208,-0.0049009608167610574
val,8,kana,easy,1014,-0.000263433056490181,0.0005400242292238344,-0.0008636563942865383,-0.0020027669326675435,-0.0011289978300678682,-0.0031398741833321697,-3.5703667169484365e-05,-0.00287534875512363
val,8,bopomofo,easy,37,-0.00038647332994756756,-0.000139747684813063,-0.003583825117832895,-0.005500172642437184,-0.005464608604843546,-0.005642838574744569,0.0010651499032974243,-0.008817715419305427
test,all,all,all,28352,0.0003692041176274613,-0.0006081716601299414,0.0013095422266323764,0.0013962850775086078,0.001034458875277644,0.001746951753650583,9.47293394211457e-05,0.0027295098714656962
test,1,all,all,7088,0.0007510557923084693,-0.0012924284394466579,0.0031619585638458236,0.003096078940862723,0.0038199678881191135,0.002331470004317049,0.0001093617642538014,0.006285378152323773
test,all,western,all,11176,0.00019285362910748116,-0.00035116834247927997,0.0009462264317782187,0.0012175228830717533,0.0005135543087101402,0.0018912107432387804,0.00020261813900462888,0.00221440342035617
test,all,all,easy,5456,0.0006190476070147555,-0.0010460918334389557,0.0014433963797833571,0.0019412446859951027,0.001304447006357734,0.0025773380891230824,0.00015046788499720187,0.0034222589516219593
test,1,western,all,2794,0.0006475869646753174,-0.0014512791507387268,0.003289884282976052,0.00398869276228081,0.004083168374890533,0.0037885520823230934,0.0003443903015738492,0.007364673285332524
test,1,western,easy,445,0.0005333990064502747,-0.0012580016157479612,0.0009243488981482972,0.0010321102785260106,0.0033169568589564435,-0.001252740269966357,0.000397975508416637,0.002055949240588051
test,all,kana,all,15548,0.0005287825834908305,-0.0008528102058928955,0.0018083853893899882,0.001673531693873298,0.0016292717105583776,0.0017192081517964364,1.2376088124793627e-05,0.0034850117481395326
test,1,kana,all,3887,0.0009154091756332083,-0.0013485941885801322,0.0035700560428809647,0.002870509790552256,0.004240098114887125,0.0015026209332050788,-5.021670237584375e-05,0.006428013232486096
test,1,kana,easy,845,0.00064326300663263,-0.0008313871408441864,0.0014496961465249036,0.0007721428511411332,0.001826969970612824,-0.000273823398633799,4.7433720185202644e-05,0.0022336970772263154
test,all,bopomofo,all,1628,5.57932284724616e-05,-3.607643196179566e-05,-0.0009604799915883255,-2.434398036188501e-05,-0.001070283463165289,0.0010215949072074348,0.00014059121104950667,-0.0009496753133778624
test,1,bopomofo,all,407,-0.00010828007151537922,0.00033446383139390523,-0.001613715539986127,-0.0008773258006251061,-0.001999266390718457,0.0002446125435393576,1.995578518076968e-05,-0.0024860546688482144
test,1,bopomofo,easy,74,0.0017308151441883246,-0.0026516686886205454,0.005277959076133931,0.0012324849093282575,0.0015751765789212557,0.0008897920315330543,0.000414966228040492,0.006614176808176886
test,all,all,medium,11172,0.00041909696078723524,-0.0006513050319945091,0.0014644613002006146,0.0015998705161213156,0.0009618181424503325,0.0022372694338351207,6.229325534087837e-05,0.0030799058098927024
test,1,western,medium,712,-0.0001239421110789951,0.0002812072120573772,-0.0011203904332739434,-0.0005319826723484411,-0.0013950661327062353,0.0003310988521140201,0.00015282575459629744,-0.0016141644773188801
test,1,kana,medium,1859,0.0016771594366334075,-0.002528127737014274,0.006999353597150093,0.0058809525627420145,0.008169329730716601,0.0035916729988014207,-0.0002471137833954251,0.012818529264076783
test,1,bopomofo,medium,222,-0.0007736424383942703,0.0014653532613299047,-0.0034016417758958584,-0.0019272776270234937,-0.0029010599529420977,-0.0009534980929750692,-6.269002417186309e-05,-0.005344591699204981
test,all,all,hard,11724,0.00020539066472076428,-0.0003632741425553254,0.00109962546191944,0.000948677081595628,0.0009780350458657994,0.0008932826160387708,9.969918134217215e-05,0.00207322682767197
test,1,western,hard,1637,0.0010141980479662221,-0.0022573504967264846,0.005851141976450869,0.006758637853745142,0.006674168432312277,0.006662762098619712,0.00041314322790431124,0.012713063442277406
test,1,bopomofo,hard,111,-3.618814893316391e-06,6.343998486502134e-05,-0.00263231281224674,-0.00018396262113040684,-0.0025786412460310215,0.0022107141579056355,-7.809289135374264e-05,-0.0028358015928181546
test,1,kana,hard,1183,-8.723682808101096e-05,0.00013552492486190726,-0.00030429733071601905,-0.00036135246616642025,-0.00021074574979196292,-0.0005112863614185614,0.00018944269453985418,-0.000618286134827839
test,2,all,all,7088,0.0002671580682177266,-0.00036155651479097273,0.0004169276703156477,0.0009420332372710449,-0.00015426178002397872,0.002038390719663996,0.00013014117075008103,0.0013914964126073848
test,2,western,all,2794,0.00010911582729408731,-8.436178646864523e-05,4.894971186208963e-05,0.0004169882735825525,-0.000978075314523874,0.0018109130508445204,0.000195375580337942,0.0005147815305330816
test,2,western,easy,445,0.0008110763812391314,-0.0018979148532674017,0.0027305841445923185,0.003659204284796602,0.003236721003993137,0.004081685924797962,0.00038987508650575875,0.006487260775619674
test,2,kana,all,3887,0.000395416148908187,-0.00060205553189141,0.0008827140245702969,0.001362736669211162,0.0004826933337201966,0.00224371264052059,8.23864558529841e-05,0.002266047774963198
test,2,kana,easy,845,0.0007683102415851351,-0.0008841896389517601,0.0014459521283765042,0.002354032824025354,0.0016308117547684242,0.003069111590202067,-0.00012310115543343048,0.003769208834721427
test,2,bopomofo,all,407,0.00012718475494209736,3.239338333305142e-05,-0.0015053847205140913,0.0005285231355366959,-0.0005820492781350994,0.0016390941602336118,0.0001383908916749721,-0.0009422622236632261
test,2,bopomofo,easy,74,0.001835400428001538,-0.0024160969037034796,0.0046219157206045525,0.002726694216599379,0.0024673461511328654,0.0029860361403710733,0.0003809663089545945,0.00744387185251405
test,2,western,medium,712,0.0002067279612570777,-0.00014798861361109417,0.000952016844759429,0.0022684607152523295,-0.0006618549670563967,0.0051987786473852715,0.0003258848793051272,0.0033019499413753373
test,2,kana,medium,1859,0.00033232247422010364,-0.0006949764307583317,0.0006733347550075264,0.0013088401188575682,-0.00037028963140040005,0.0029871431216918487,0.00024095105509272519,0.0020424135915049213
test,2,bopomofo,medium,222,-0.00012550847416042954,0.00043635734208280486,-0.00210977741726881,0.0009501122676573992,-0.0015099518470936824,0.003410172795558053,0.00027062374729294736,-0.0010920093134716424
test,2,western,hard,1637,-0.0001241598513175013,0.000436306152230892,-0.0010728041801281174,-0.0012696546729411007,-0.002261357690294674,-0.0002798958884628333,8.573911050943628e-05,-0.0023210261497252915
test,2,bopomofo,hard,111,-0.0005062392355590917,0.0008567923238580466,-0.00438146628775038,-0.0017801025160797956,-0.0007591744263967248,-0.0028010244305069487,-0.000287791764413986,-0.0062335240948308
test,2,kana,hard,1183,0.00022821042864877572,-0.000254512614343283,0.0008094256597359628,0.0007393625663280057,0.0010030105495896224,0.00048589406319321515,-2.00096206048328e-05,0.0015437864491421038
test,4,all,all,7088,0.0004505174786615107,-0.0008968594864455781,0.0017361413103025303,0.0018359594042864913,0.0011615633605043252,0.002512879393804013,0.00014408652220787577,0.0036081219802592823
test,4,western,all,2794,0.00023721774274509944,-0.000489895699286369,0.0013663764875021522,0.0015057034166523486,0.000612170477487739,0.0024043342009261726,0.0002525027803996771,0.002935204129604907
test,4,western,easy,445,0.00035589990912095193,-0.0012672510153790562,0.0012161807062920915,0.0020973299661379285,0.0015605747699737327,0.002634082165326901,0.0005714078800062028,0.0034563599007852996
test,4,kana,all,3887,0.0006169507910144534,-0.0012089109709706447,0.002184227515315884,0.002167432791075896,0.0017556932665923064,0.0025801108033519093,6.638801792516191e-05,0.004368257317102664
test,4,kana,easy,845,0.0007656574299673841,-0.0011032216835212827,0.0015193300663366993,0.0022097019930562567,0.0011561989607895562,0.0032557124966346995,-2.1982633855915923e-05,0.0037235401438537874
test,4,bopomofo,all,407,0.00032529186940952193,-0.0007104042062834326,-4.861549604773252e-06,0.0009374291217297825,-0.0007410883098034615,0.0026159427352981934,0.00014187291227921173,0.0009680394751433452
test,4,bopomofo,easy,74,0.0007680589596949783,-0.0007474690662832018,0.0008953922503702749,-0.001513384685323027,-0.0019716421091878766,-0.0010551349134059196,-0.00021615030395016888,-0.0006720258577450622
test,4,western,medium,712,-3.804317060783491e-05,0.0001587484822911378,-0.0009030528847924213,-9.321762520947408e-05,-0.003972442014917199,0.003786003374065594,-1.75026276807988e-05,-0.0010006461669220812
test,4,kana,medium,1859,0.0007061378190478806,-0.0013454440534973466,0.0024301858920445785,0.0027454474268580054,0.0015640770510488844,0.003925707196739625,0.00028105100567715757,0.0052458950272809
test,4,bopomofo,medium,222,2.106119599989964e-05,-2.7626522442925072e-05,-0.0004885274547714591,0.0017540616629360128,-0.00034754193043928794,0.0038556642809396413,0.0002581780893845531,0.001330079527588568
test,4,western,hard,1637,0.00032467785653254866,-0.000560702994107487,0.0023942755930076443,0.002040314270216448,0.0023483978351150903,0.0017409338982788403,0.0002832487066234679,0.004505400276795912
test,4,bopomofo,hard,111,0.000638575156038379,-0.002051249667298305,0.000362301060745307,0.0009380399106859172,-0.0007078118689425317,0.0025838847431513545,0.00014794470222148637,0.0013373362588451343
test,4,kana,hard,1183,0.00037058071913841084,-0.0010698513323211811,0.0022726482440129647,0.0012289317905751496,0.002485014680876918,-1.69704528879544e-05,-0.00020781764012720028,0.0034496246105719663
test,8,all,all,7088,8.085131322166372e-06,0.00011815780016355415,-7.685863793438497e-05,-0.0002889312723857729,-0.0006894339674886618,0.00010506689681721859,-4.672099527119888e-06,-0.000366957059327655
test,8,western,all,2794,-0.0002225060182845795,0.0006208632665763991,-0.0009203047552276411,-0.001041292920228698,-0.0016630463030138376,-0.0004389563611386649,1.820389370707498e-05,-0.0019570452640460534
test,8,western,easy,445,8.404017037526301e-05,-0.0003307171548088128,0.00038541796502106207,0.0029180993189972804,-0.000634611858410794,0.006470814531438718,0.00022518740276269988,0.003359816181525699
test,8,kana,all,3887,0.00018735421840748723,-0.0002516801321288398,0.000596543974793029,0.0002934475246542112,3.860212703399313e-05,0.000550388230108112,-4.9053418903127755e-05,0.0008777286680061724
test,8,kana,easy,845,0.0005191977349782717,-0.0009702574240251227,0.0014076123223502046,0.0023620617636562757,0.0003307668062356717,0.004395586745978841,0.00018130152006826106,0.0038150011435063025
test,8,bopomofo,all,407,-0.00012102363894643531,0.00019924126370951534,-0.0007179581562483106,-0.0006860023780888569,-0.0009587298740039163,-0.00041326981024125686,0.0002621452550630454,-0.0013384238361433543
test,8,bopomofo,easy,74,-0.00021296572307601125,0.0005416379830202045,-0.0024719572550541136,-0.005592129923201905,-0.007336946959431101,-0.0038473096651000516,3.0878427866337654e-05,-0.008056358711139744
test,8,western,medium,712,-0.00047642054929805666,0.0009952943701458938,-0.0019542322274339607,-0.0028350560224792987,-0.0037408944093778596,-0.0019292189854752118,-0.0002909856168239189,-0.004862033291144208
test,8,kana,medium,1859,0.00011800818326553053,-0.00017570424316437627,0.0006811225314882208,2.5134395373105356e-05,0.0006168001903008591,-0.0005676168031617523,-3.097266071006022e-05,0.0006985145271818372
test,8,bopomofo,medium,222,-0.00037510128081512384,0.0009486878150335443,-0.0009019423846725605,0.0001509220481993312,0.0009260731371673048,-0.0006242234842969152,8.029708856935325e-05,-0.0007309465257970826
test,8,western,hard,1637,-0.00019539905913494582,0.0007166838785340746,-0.0008255523119164998,-0.00133742622362093,-0.0010388712731526084,-0.0016691219437100502,9.641725349221475e-05,-0.002138872917061274
test,8,bopomofo,hard,111,0.0004484263675440109,-0.001527916318478928,0.0008193430331375762,0.0009109004660769471,-0.0004761911727286794,0.0022979974411092563,0.0007800194728481702,0.0019252447931614736
test,8,kana,hard,1183,5.929547607996799e-05,0.0001421986794243324,-0.00011569971969749293,-0.0007624991571913986,-0.001078683886100662,-0.00043931708608957454,-0.00024200528104326158,-0.0009387008789123463
