pair,method_a,method_b,metric,status,n_fonts,n_font_character_pairs,mean_effect,ci95_low,ci95_high,win_fonts,tie_fonts,loss_fonts,win_fraction,tie_fraction,loss_fraction,lpips_relative_change_percent,evidence_status
HRFont_vs_Structure_A1,HRFont,Structure (A1),l1,ok,47,8638,0.003235000,0.002041684,0.004482860,41,0,6,0.872340426,0.000000000,0.127659574,,computed
HRFont_vs_Structure_A1,HRFont,Structure (A1),ssim,ok,47,8638,0.007248274,0.004619149,0.010021837,39,0,8,0.829787234,0.000000000,0.170212766,,computed
HRFont_vs_Structure_A1,HRFont,Structure (A1),lpips,ok,47,8638,0.015259599,0.010619131,0.020987467,44,0,3,0.936170213,0.000000000,0.063829787,8.607994471,computed
HRFont_vs_Structure_A1,HRFont,Structure (A1),rsc8,ok,47,8638,0.020736209,0.004821743,0.041916174,29,0,18,0.617021277,0.000000000,0.382978723,,computed
HRFont_vs_Appearance_A2,HRFont,Appearance (A2),l1,ok,47,8638,0.007014292,0.005196954,0.008937167,42,0,5,0.893617021,0.000000000,0.106382979,,computed
HRFont_vs_Appearance_A2,HRFont,Appearance (A2),ssim,ok,47,8638,0.014955102,0.010772991,0.019365197,41,0,6,0.872340426,0.000000000,0.127659574,,computed
HRFont_vs_Appearance_A2,HRFont,Appearance (A2),lpips,ok,47,8638,0.024320346,0.019679328,0.029137222,46,0,1,0.978723404,0.000000000,0.021276596,12.974061432,computed
HRFont_vs_Appearance_A2,HRFont,Appearance (A2),rsc8,ok,47,8638,0.023276543,0.014201943,0.034894900,37,0,10,0.787234043,0.000000000,0.212765957,,computed
HRFont_vs_Neither_A3,HRFont,Neither (A3),l1,ok,47,8638,0.008236649,0.006180180,0.010369766,44,0,3,0.936170213,0.000000000,0.063829787,,computed
HRFont_vs_Neither_A3,HRFont,Neither (A3),ssim,ok,47,8638,0.017957703,0.013223274,0.023086396,44,0,3,0.936170213,0.000000000,0.063829787,,computed
HRFont_vs_Neither_A3,HRFont,Neither (A3),lpips,ok,47,8638,0.033164073,0.025182008,0.041909034,47,0,0,1.000000000,0.000000000,0.000000000,16.069921578,computed
HRFont_vs_Neither_A3,HRFont,Neither (A3),rsc8,ok,47,8638,0.042735988,0.022888695,0.065856598,35,0,12,0.744680851,0.000000000,0.255319149,,computed
HRFont_vs_Top1,HRFont,Top-1 routing,l1,ok,47,8638,-0.003714318,-0.004754888,-0.002723308,4,0,43,0.085106383,0.000000000,0.914893617,,computed
HRFont_vs_Top1,HRFont,Top-1 routing,ssim,ok,47,8638,-0.008840761,-0.011092592,-0.006705028,4,0,43,0.085106383,0.000000000,0.914893617,,computed
HRFont_vs_Top1,HRFont,Top-1 routing,lpips,ok,47,8638,-0.004834396,-0.006876723,-0.002442894,8,0,39,0.170212766,0.000000000,0.829787234,-2.982745431,computed
HRFont_vs_Top1,HRFont,Top-1 routing,rsc8,ok,47,8638,0.001307251,-0.001009799,0.003512407,26,0,21,0.553191489,0.000000000,0.446808511,,computed
HRFont_vs_Uniform_TopK,HRFont,Uniform Top-K,l1,ok,47,8638,0.000019105,0.000012225,0.000026670,36,0,11,0.765957447,0.000000000,0.234042553,,computed
HRFont_vs_Uniform_TopK,HRFont,Uniform Top-K,ssim,ok,47,8638,0.000047240,0.000030753,0.000065305,37,0,10,0.787234043,0.000000000,0.212765957,,computed
HRFont_vs_Uniform_TopK,HRFont,Uniform Top-K,lpips,ok,47,8638,0.000027951,0.000012358,0.000044080,36,0,11,0.765957447,0.000000000,0.234042553,0.017501006,computed
HRFont_vs_Uniform_TopK,HRFont,Uniform Top-K,rsc8,ok,47,8638,0.000063592,-0.000000382,0.000130050,32,0,15,0.680851064,0.000000000,0.319148936,,computed
HRFont_vs_Delta-off,HRFont,Delta-off,l1,ok,47,8638,0.002005058,0.001169644,0.002899099,33,0,14,0.702127660,0.000000000,0.297872340,,computed
HRFont_vs_Delta-off,HRFont,Delta-off,ssim,ok,47,8638,0.004376011,0.002683485,0.006147344,34,0,13,0.723404255,0.000000000,0.276595745,,computed
HRFont_vs_Delta-off,HRFont,Delta-off,lpips,ok,47,8638,0.004050164,0.002752671,0.005386770,36,0,11,0.765957447,0.000000000,0.234042553,2.390570205,computed
HRFont_vs_Delta-off,HRFont,Delta-off,rsc8,ok,47,8638,0.004733834,0.002386839,0.007205105,34,0,13,0.723404255,0.000000000,0.276595745,,computed
HRFont_1ref_vs_FontDiffuser,HRFont (1 ref.),FontDiffuser,l1,ok,47,8638,-0.004770548,-0.008225922,-0.001856274,13,0,34,0.276595745,0.000000000,0.723404255,,computed
HRFont_1ref_vs_FontDiffuser,HRFont (1 ref.),FontDiffuser,ssim,ok,47,8638,-0.007743423,-0.015172685,-0.001263499,13,0,34,0.276595745,0.000000000,0.723404255,,computed
HRFont_1ref_vs_FontDiffuser,HRFont (1 ref.),FontDiffuser,lpips,ok,47,8638,-0.002417748,-0.012656711,0.009301041,16,0,31,0.340425532,0.000000000,0.659574468,-4.262059430,computed
HRFont_1ref_vs_FontDiffuser,HRFont (1 ref.),FontDiffuser,rsc8,ok,47,8638,0.049523319,0.023096030,0.082772185,32,0,15,0.680851064,0.000000000,0.319148936,,estimated
