method,script,n_fonts,n_characters,n_font_character_pairs,l1,ssim,lpips,rsc8,rsc8_evidence_status
HRFont,bopomofo,10,37,370,0.09713991939820808,0.7066866120903851,0.18687424081805587,0.7084956020922274,computed
HRFont,kana,30,169,4726,0.10103531378499385,0.6871524256612104,0.18763724915808622,0.728230278526271,computed
HRFont,latin,47,78,3542,0.06996730847522008,0.782342415683683,0.16051674471467114,0.6915197646244939,computed
HRFont (1 ref.),bopomofo,10,37,370,0.10292927942968513,0.6972068177371848,0.20349783644684746,0.6704103536501124,computed
HRFont (1 ref.),kana,30,169,4726,0.10379291996993797,0.6824455136713794,0.19926603211588395,0.6958050966723287,computed
HRFont (1 ref.),latin,47,78,3542,0.07349328042563316,0.7745312140268168,0.1756624011550094,0.6595718290626309,computed
Top-1 routing,bopomofo,10,37,370,0.0938461078079127,0.7145763105742484,0.18356227605930858,0.707852524961974,computed
Top-1 routing,kana,30,169,4726,0.09596162604486771,0.6995637419448408,0.1799953564429561,0.7273382589523585,computed
Top-1 routing,latin,47,78,3542,0.06724653619637484,0.7887023319643944,0.15657177690262145,0.6898027066634026,computed
Uniform Top-K,bopomofo,10,37,370,0.09713619939378162,0.7066724978925206,0.18693407403456197,0.7087051832595388,computed
Uniform Top-K,kana,30,169,4726,0.10106500413218648,0.6870750130683935,0.18770218860285498,0.7282086247377707,computed
Uniform Top-K,latin,47,78,3542,0.06998162843631993,0.782311654514607,0.160523750381322,0.6914064159058212,computed
Delta-off,bopomofo,10,37,370,0.10192569303955297,0.6970008587271364,0.19619341568165533,0.7099143524024937,computed
Delta-off,kana,30,169,4726,0.10366226022938302,0.6810232167548702,0.19348710560555468,0.7234555836455699,computed
Delta-off,latin,47,78,3542,0.07141999433554791,0.779100250071322,0.16286688628799437,0.6867720749724348,computed
Structure (A1),bopomofo,10,37,370,0.10232751675050807,0.6972659566688478,0.19910291615571524,0.7059173860259959,computed
Structure (A1),kana,30,169,4726,0.10526903902743591,0.6779791538855166,0.20302098874575106,0.7046366510373028,computed
Structure (A1),latin,47,78,3542,0.07333309761670946,0.77441768418308,0.1787827108970622,0.6717614757993648,computed
Appearance (A2),bopomofo,10,37,370,0.10780049035879406,0.6861926675949181,0.22002735825607905,0.6845157028150719,computed
Appearance (A2),kana,30,169,4726,0.10907207337782164,0.6695864925716288,0.21322376734893003,0.7030753675859445,computed
Appearance (A2),latin,47,78,3542,0.07731296887684434,0.7662028873826969,0.18681598943067562,0.6668367880999377,computed
Neither (A3),bopomofo,10,37,370,0.10939795451893193,0.6829875729120796,0.22096128176797084,0.6627166376071605,computed
Neither (A3),kana,30,169,4726,0.11036870655018347,0.6665463363263239,0.21946720731437816,0.683246266013551,computed
Neither (A3),latin,47,78,3542,0.07845509215654727,0.7633093059377464,0.19658944750143942,0.6476147725179539,computed
FontDiffuser,bopomofo,10,37,370,0.10149755995921991,0.6966792647802876,0.21513742608194414,0.6266883669245704,estimated
FontDiffuser,kana,30,169,4726,0.10241135111724776,0.6817053482748283,0.19786124757576767,0.6602832714720647,estimated
FontDiffuser,latin,47,78,3542,0.06784377176469744,0.7845353205249006,0.17521947319766065,0.6063633508376021,estimated
