pair,method_a,method_b,metric,script,status,n_fonts,n_font_character_pairs,mean_effect,ci95_low,ci95_high,opposite_to_overall,bootstrap_reps,seed,evidence_status
HRFont_vs_Structure (A1),HRFont,Structure (A1),l1,bopomofo,ok,10,370,0.005187597352299967,0.0014780996165916938,0.008961490607157053,False,10000,3407,computed
HRFont_vs_Structure (A1),HRFont,Structure (A1),ssim,bopomofo,ok,10,370,0.009420655421537305,0.002993329215781648,0.01593439166032552,False,10000,3407,computed
HRFont_vs_Structure (A1),HRFont,Structure (A1),lpips,bopomofo,ok,10,370,0.012228675337659346,0.0058883558052617215,0.02023637518286705,False,10000,3407,computed
HRFont_vs_Structure (A1),HRFont,Structure (A1),rsc8,bopomofo,ok,10,370,0.002578216066231592,-0.015357548803896549,0.018230538231295494,False,10000,3407,computed
HRFont_vs_Structure (A1),HRFont,Structure (A1),l1,kana,ok,30,4726,0.004233725242442046,0.0027269116499292136,0.005781183510355474,False,10000,3407,computed
HRFont_vs_Structure (A1),HRFont,Structure (A1),ssim,kana,ok,30,4726,0.009173271775693555,0.0059139385551930474,0.012528006656330692,False,10000,3407,computed
HRFont_vs_Structure (A1),HRFont,Structure (A1),lpips,kana,ok,30,4726,0.01538373958766485,0.009207459683504468,0.02416860254095944,False,10000,3407,computed
HRFont_vs_Structure (A1),HRFont,Structure (A1),rsc8,kana,ok,30,4726,0.02359362748896798,0.0016377695577252881,0.05852049515687948,False,10000,3407,computed
HRFont_vs_Structure (A1),HRFont,Structure (A1),l1,latin,ok,47,3542,0.003365789141489405,0.002047260920063574,0.00487543948388887,False,10000,3407,computed
HRFont_vs_Structure (A1),HRFont,Structure (A1),ssim,latin,ok,47,3542,0.007924731500603056,0.004857436024464827,0.011343969968231197,False,10000,3407,computed
HRFont_vs_Structure (A1),HRFont,Structure (A1),lpips,latin,ok,47,3542,0.018265966182391066,0.012249894553076266,0.025008423950364574,False,10000,3407,computed
HRFont_vs_Structure (A1),HRFont,Structure (A1),rsc8,latin,ok,47,3542,0.019758288825128895,0.006506347365057597,0.03547626151907944,False,10000,3407,computed
HRFont_vs_Appearance (A2),HRFont,Appearance (A2),l1,bopomofo,ok,10,370,0.01066057096058596,0.006319285566745996,0.01452890038491279,False,10000,3407,computed
HRFont_vs_Appearance (A2),HRFont,Appearance (A2),ssim,bopomofo,ok,10,370,0.020493944495466855,0.011033289168905636,0.029486714090297794,False,10000,3407,computed
HRFont_vs_Appearance (A2),HRFont,Appearance (A2),lpips,bopomofo,ok,10,370,0.03315311743802314,0.022752146342316183,0.04536786957367045,False,10000,3407,computed
HRFont_vs_Appearance (A2),HRFont,Appearance (A2),rsc8,bopomofo,ok,10,370,0.023979899277155457,0.0005291993050156151,0.04554504389698444,False,10000,3407,computed
HRFont_vs_Appearance (A2),HRFont,Appearance (A2),l1,kana,ok,30,4726,0.008036759592827812,0.005844792826985915,0.010236706011244835,False,10000,3407,computed
HRFont_vs_Appearance (A2),HRFont,Appearance (A2),ssim,kana,ok,30,4726,0.01756593308958134,0.012579341361689079,0.022588384877788994,False,10000,3407,computed
HRFont_vs_Appearance (A2),HRFont,Appearance (A2),lpips,kana,ok,30,4726,0.02558651819084382,0.0195295322049396,0.0321405346943219,False,10000,3407,computed
HRFont_vs_Appearance (A2),HRFont,Appearance (A2),rsc8,kana,ok,30,4726,0.02515491094032645,0.012847963033858793,0.042462408122503244,False,10000,3407,computed
HRFont_vs_Appearance (A2),HRFont,Appearance (A2),l1,latin,ok,47,3542,0.007345660401624276,0.005366717330768365,0.009428886397612544,False,10000,3407,computed
HRFont_vs_Appearance (A2),HRFont,Appearance (A2),ssim,latin,ok,47,3542,0.016139528300986167,0.011433242093141454,0.02122849298337685,False,10000,3407,computed
HRFont_vs_Appearance (A2),HRFont,Appearance (A2),lpips,latin,ok,47,3542,0.02629924471600447,0.020111527607781298,0.03270378436820596,False,10000,3407,computed
HRFont_vs_Appearance (A2),HRFont,Appearance (A2),rsc8,latin,ok,47,3542,0.024682976524556238,0.015302693721998245,0.03660438098004369,False,10000,3407,computed
HRFont_vs_Neither (A3),HRFont,Neither (A3),l1,bopomofo,ok,10,370,0.012258035120723845,0.005795457425530705,0.018109954742548832,False,10000,3407,computed
HRFont_vs_Neither (A3),HRFont,Neither (A3),ssim,bopomofo,ok,10,370,0.023699039178305535,0.010597740922328047,0.03782535958510981,False,10000,3407,computed
HRFont_vs_Neither (A3),HRFont,Neither (A3),lpips,bopomofo,ok,10,370,0.0340870409499149,0.021569282561540597,0.04882113133129236,False,10000,3407,computed
HRFont_vs_Neither (A3),HRFont,Neither (A3),rsc8,bopomofo,ok,10,370,0.04577896448506698,0.007145322667988563,0.09791190960520023,False,10000,3407,computed
HRFont_vs_Neither (A3),HRFont,Neither (A3),l1,kana,ok,30,4726,0.009333392765189625,0.006725017581223695,0.011961075262780977,False,10000,3407,computed
HRFont_vs_Neither (A3),HRFont,Neither (A3),ssim,kana,ok,30,4726,0.020606089334886536,0.014637762600303746,0.02687284177506864,False,10000,3407,computed
HRFont_vs_Neither (A3),HRFont,Neither (A3),lpips,kana,ok,30,4726,0.03182995815629196,0.022136402925264538,0.042777116301320715,False,10000,3407,computed
HRFont_vs_Neither (A3),HRFont,Neither (A3),rsc8,kana,ok,30,4726,0.04498401251271975,0.017435796812718226,0.08167886553759217,False,10000,3407,computed
HRFont_vs_Neither (A3),HRFont,Neither (A3),l1,latin,ok,47,3542,0.008487783681327186,0.006271636300793506,0.010866919237372884,False,10000,3407,computed
HRFont_vs_Neither (A3),HRFont,Neither (A3),ssim,latin,ok,47,3542,0.019033109745936742,0.013674079109278921,0.024874634359778536,False,10000,3407,computed
HRFont_vs_Neither (A3),HRFont,Neither (A3),lpips,latin,ok,47,3542,0.0360727027867683,0.026439733295821586,0.0463516840079325,False,10000,3407,computed
HRFont_vs_Neither (A3),HRFont,Neither (A3),rsc8,latin,ok,47,3542,0.043904992106539996,0.026362471311957104,0.06394724461528117,False,10000,3407,computed
HRFont_vs_Top-1 routing,HRFont,Top-1 routing,l1,bopomofo,ok,10,370,-0.003293811590295398,-0.005149917823055418,-0.0013850219396905159,False,10000,3407,computed
HRFont_vs_Top-1 routing,HRFont,Top-1 routing,ssim,bopomofo,ok,10,370,-0.007889698483863283,-0.01170620662410694,-0.0039932483218844015,False,10000,3407,computed
HRFont_vs_Top-1 routing,HRFont,Top-1 routing,lpips,bopomofo,ok,10,370,-0.003311964758747335,-0.006525002681725738,0.00019680289803324368,False,10000,3407,computed
HRFont_vs_Top-1 routing,HRFont,Top-1 routing,rsc8,bopomofo,ok,10,370,0.0006430771302532556,-0.006067613612961131,0.0071847201199145005,False,10000,3407,computed
HRFont_vs_Top-1 routing,HRFont,Top-1 routing,l1,kana,ok,30,4726,-0.005073687740126111,-0.006819175805128697,-0.0034141285754374384,False,10000,3407,computed
HRFont_vs_Top-1 routing,HRFont,Top-1 routing,ssim,kana,ok,30,4726,-0.01241131628363031,-0.016043778037045587,-0.008811684396692923,False,10000,3407,computed
HRFont_vs_Top-1 routing,HRFont,Top-1 routing,lpips,kana,ok,30,4726,-0.007641892715130105,-0.010207083716299643,-0.005103015474610731,False,10000,3407,computed
HRFont_vs_Top-1 routing,HRFont,Top-1 routing,rsc8,kana,ok,30,4726,0.0008920195739123856,-0.001617189165307368,0.003425523069596255,False,10000,3407,computed
HRFont_vs_Top-1 routing,HRFont,Top-1 routing,l1,latin,ok,47,3542,-0.0027207722788452167,-0.003486181219950948,-0.0020236016314784614,False,10000,3407,computed
HRFont_vs_Top-1 routing,HRFont,Top-1 routing,ssim,latin,ok,47,3542,-0.006359916280711185,-0.008023466713451605,-0.004798823432131976,False,10000,3407,computed
HRFont_vs_Top-1 routing,HRFont,Top-1 routing,lpips,latin,ok,47,3542,-0.003944967812049729,-0.0058922056154328,-0.0016830084352110319,False,10000,3407,computed
HRFont_vs_Top-1 routing,HRFont,Top-1 routing,rsc8,latin,ok,47,3542,0.001717057961091186,-0.0011175434790768265,0.004444757794130844,False,10000,3407,computed
HRFont_vs_Uniform Top-K,HRFont,Uniform Top-K,l1,bopomofo,ok,10,370,-3.720004426481516e-06,-4.95104672953911e-05,3.0236469735676896e-05,True,10000,3407,computed
HRFont_vs_Uniform Top-K,HRFont,Uniform Top-K,ssim,bopomofo,ok,10,370,1.411419786432333e-05,-6.34281028161543e-05,8.498226415776244e-05,False,10000,3407,computed
HRFont_vs_Uniform Top-K,HRFont,Uniform Top-K,lpips,bopomofo,ok,10,370,5.9833216506081924e-05,1.2826275181122837e-05,0.0001328190838968346,False,10000,3407,computed
HRFont_vs_Uniform Top-K,HRFont,Uniform Top-K,rsc8,bopomofo,ok,10,370,-0.00020958116731129573,-0.0009571227270203597,0.0003446683287620267,True,10000,3407,computed
HRFont_vs_Uniform Top-K,HRFont,Uniform Top-K,l1,kana,ok,30,4726,2.9690347192621914e-05,1.77100983690108e-05,4.2786282009866367e-05,False,10000,3407,computed
HRFont_vs_Uniform Top-K,HRFont,Uniform Top-K,ssim,kana,ok,30,4726,7.741259281674647e-05,4.722023733581363e-05,0.00010938555666722601,False,10000,3407,computed
HRFont_vs_Uniform Top-K,HRFont,Uniform Top-K,lpips,kana,ok,30,4726,6.493944476872968e-05,4.223156708448398e-05,8.860156166683637e-05,False,10000,3407,computed
HRFont_vs_Uniform Top-K,HRFont,Uniform Top-K,rsc8,kana,ok,30,4726,2.1653788500256937e-05,-6.735114814188092e-05,0.0001247601726437823,False,10000,3407,computed
HRFont_vs_Uniform Top-K,HRFont,Uniform Top-K,l1,latin,ok,47,3542,1.4319961099855364e-05,9.338994741088985e-06,1.95815585366121e-05,False,10000,3407,computed
HRFont_vs_Uniform Top-K,HRFont,Uniform Top-K,ssim,latin,ok,47,3542,3.076116907577201e-05,2.0226643776919735e-05,4.1649298801921134e-05,False,10000,3407,computed
HRFont_vs_Uniform Top-K,HRFont,Uniform Top-K,lpips,latin,ok,47,3542,7.005666650883372e-06,-5.844443989444622e-06,1.8750965279313632e-05,False,10000,3407,computed
HRFont_vs_Uniform Top-K,HRFont,Uniform Top-K,rsc8,latin,ok,47,3542,0.00011334871867264279,4.47199803126695e-05,0.00018499669058623115,False,10000,3407,computed
HRFont_vs_Delta-off,HRFont,Delta-off,l1,bopomofo,ok,10,370,0.004785773641344871,0.0027690924502775786,0.006833352873452436,False,10000,3407,computed
HRFont_vs_Delta-off,HRFont,Delta-off,ssim,bopomofo,ok,10,370,0.009685753363248862,0.005703091509210922,0.013938663284335628,False,10000,3407,computed
HRFont_vs_Delta-off,HRFont,Delta-off,lpips,bopomofo,ok,10,370,0.00931917486359944,0.005122623451658204,0.014137013467985215,False,10000,3407,computed
HRFont_vs_Delta-off,HRFont,Delta-off,rsc8,bopomofo,ok,10,370,-0.0014187503102663479,-0.010591944729959668,0.007610515243298288,True,10000,3407,computed
HRFont_vs_Delta-off,HRFont,Delta-off,l1,kana,ok,30,4726,0.0026269464443891668,0.0014142940330216284,0.0038602864405985616,False,10000,3407,computed
HRFont_vs_Delta-off,HRFont,Delta-off,ssim,kana,ok,30,4726,0.006129208906339997,0.003708997844681487,0.00859628333539392,False,10000,3407,computed
HRFont_vs_Delta-off,HRFont,Delta-off,lpips,kana,ok,30,4726,0.005849856447468479,0.003774122096300167,0.007952209864966028,False,10000,3407,computed
HRFont_vs_Delta-off,HRFont,Delta-off,rsc8,kana,ok,30,4726,0.004774694880701032,0.0017017567149565592,0.007978423033996295,False,10000,3407,computed
HRFont_vs_Delta-off,HRFont,Delta-off,l1,latin,ok,47,3542,0.0014526858603278322,0.0007001877448197731,0.0022526905339605636,False,10000,3407,computed
HRFont_vs_Delta-off,HRFont,Delta-off,ssim,latin,ok,47,3542,0.003242165612361097,0.0015993349626691555,0.00495379401592431,False,10000,3407,computed
HRFont_vs_Delta-off,HRFont,Delta-off,lpips,latin,ok,47,3542,0.0023501415733232466,0.0010700048740446791,0.003738948884582967,False,10000,3407,computed
HRFont_vs_Delta-off,HRFont,Delta-off,rsc8,latin,ok,47,3542,0.004747689652059024,0.0022548872715179957,0.007347636650019008,False,10000,3407,computed
HRFont (1 ref.)_vs_FontDiffuser,HRFont (1 ref.),FontDiffuser,l1,bopomofo,ok,10,370,-0.0014317194704652077,-0.007692593059242336,0.00530850362738734,False,10000,3407,computed
HRFont (1 ref.)_vs_FontDiffuser,HRFont (1 ref.),FontDiffuser,ssim,bopomofo,ok,10,370,0.0005275529568975034,-0.014415310226432498,0.016966284805180344,True,10000,3407,computed
HRFont (1 ref.)_vs_FontDiffuser,HRFont (1 ref.),FontDiffuser,lpips,bopomofo,ok,10,370,0.011639589635096684,-0.015687837975250706,0.05424792790734122,True,10000,3407,computed
HRFont (1 ref.)_vs_FontDiffuser,HRFont (1 ref.),FontDiffuser,rsc8,bopomofo,ok,10,370,0.04372198672554197,-0.014596879942978846,0.1262497243470621,False,10000,3407,estimated
HRFont (1 ref.)_vs_FontDiffuser,HRFont (1 ref.),FontDiffuser,l1,kana,ok,30,4726,-0.0013815688526902091,-0.004403709356846435,0.001721182297737578,False,10000,3407,computed
HRFont (1 ref.)_vs_FontDiffuser,HRFont (1 ref.),FontDiffuser,ssim,kana,ok,30,4726,0.0007401653965511142,-0.005687501763969416,0.0076838136293716575,True,10000,3407,computed
HRFont (1 ref.)_vs_FontDiffuser,HRFont (1 ref.),FontDiffuser,lpips,kana,ok,30,4726,-0.0014047845401162818,-0.013817576954476293,0.015185420311916036,False,10000,3407,computed
HRFont (1 ref.)_vs_FontDiffuser,HRFont (1 ref.),FontDiffuser,rsc8,kana,ok,30,4726,0.03552182520026415,0.011575721679719419,0.0632425262195995,False,10000,3407,estimated
HRFont (1 ref.)_vs_FontDiffuser,HRFont (1 ref.),FontDiffuser,l1,latin,ok,47,3542,-0.0056495086609357065,-0.00959624755112511,-0.002323634661087699,False,10000,3407,computed
HRFont (1 ref.)_vs_FontDiffuser,HRFont (1 ref.),FontDiffuser,ssim,latin,ok,47,3542,-0.010004106498083637,-0.017785985726190372,-0.002812815871326672,False,10000,3407,computed
HRFont (1 ref.)_vs_FontDiffuser,HRFont (1 ref.),FontDiffuser,lpips,latin,ok,47,3542,-0.00044292795734870755,-0.012769457379602462,0.013070908704155336,False,10000,3407,computed
HRFont (1 ref.)_vs_FontDiffuser,HRFont (1 ref.),FontDiffuser,rsc8,latin,ok,47,3542,0.05320847822502887,0.027206126274928567,0.0858661579826639,False,10000,3407,estimated
