script,cp,char,draws,first_seen_step
bopomofo,u3105,ㄅ,2070,14
bopomofo,u3106,ㄆ,2110,7
bopomofo,u3107,ㄇ,2150,7
bopomofo,u3108,ㄈ,2155,13
bopomofo,u3109,ㄉ,2201,3
bopomofo,u310A,ㄊ,2167,3
bopomofo,u310B,ㄋ,2090,6
bopomofo,u310C,ㄌ,2100,1
bopomofo,u310D,ㄍ,2161,10
bopomofo,u310E,ㄎ,2126,8
bopomofo,u310F,ㄏ,2257,4
bopomofo,u3110,ㄐ,2146,4
bopomofo,u3111,ㄑ,2145,5
bopomofo,u3112,ㄒ,2198,6
bopomofo,u3113,ㄓ,2198,3
bopomofo,u3114,ㄔ,2098,2
bopomofo,u3115,ㄕ,2284,3
bopomofo,u3116,ㄖ,2180,2
bopomofo,u3117,ㄗ,2195,8
bopomofo,u3118,ㄘ,2187,3
bopomofo,u3119,ㄙ,2272,4
bopomofo,u311A,ㄚ,2071,1
bopomofo,u311B,ㄛ,2159,17
bopomofo,u311C,ㄜ,2124,2
bopomofo,u311D,ㄝ,2240,1
bopomofo,u311E,ㄞ,2148,1
bopomofo,u311F,ㄟ,2096,6
bopomofo,u3120,ㄠ,2075,5
bopomofo,u3121,ㄡ,2160,2
bopomofo,u3122,ㄢ,2234,12
bopomofo,u3123,ㄣ,2277,1
bopomofo,u3124,ㄤ,2208,2
bopomofo,u3125,ㄥ,2127,4
bopomofo,u3126,ㄦ,2118,8
bopomofo,u3127,ㄧ,2119,1
bopomofo,u3128,ㄨ,2192,2
bopomofo,u3129,ㄩ,2162,3
kana,u3041,ぁ,1406,1
kana,u3042,あ,1480,17
kana,u3043,ぃ,1441,6
kana,u3044,い,1443,3
kana,u3045,ぅ,1510,21
kana,u3046,う,1451,33
kana,u3047,ぇ,1433,2
kana,u3048,え,1336,15
kana,u3049,ぉ,1393,2
kana,u304A,お,1411,30
kana,u304B,か,1426,7
kana,u304C,が,1371,10
kana,u304D,き,1383,2
kana,u304E,ぎ,1427,1
kana,u304F,く,1412,5
kana,u3050,ぐ,1329,4
kana,u3051,け,1420,9
kana,u3052,げ,1464,3
kana,u3053,こ,1440,13
kana,u3054,ご,1414,1
kana,u3055,さ,1347,9
kana,u3056,ざ,1400,4
kana,u3057,し,1410,24
kana,u3058,じ,1461,6
kana,u3059,す,1458,23
kana,u305A,ず,1383,8
kana,u305B,せ,1461,5
kana,u305C,ぜ,1450,2
kana,u305D,そ,1471,1
kana,u305E,ぞ,1466,2
kana,u305F,た,1413,7
kana,u3060,だ,1444,10
kana,u3061,ち,1395,5
kana,u3062,ぢ,1376,31
kana,u3063,っ,1433,11
kana,u3064,つ,1366,14
kana,u3065,づ,1531,6
kana,u3066,て,1503,1
kana,u3067,で,1498,10
kana,u3068,と,1404,3
kana,u3069,ど,1431,21
kana,u306A,な,1485,32
kana,u306B,に,1346,1
kana,u306C,ぬ,1347,15
kana,u306D,ね,1438,4
kana,u306E,の,1420,8
kana,u306F,は,1469,10
kana,u3070,ば,1418,27
kana,u3071,ぱ,1394,20
kana,u3072,ひ,1382,3
kana,u3073,び,1388,10
kana,u3074,ぴ,1403,9
kana,u3075,ふ,1424,6
kana,u3076,ぶ,1463,2
kana,u3077,ぷ,1387,4
kana,u3078,へ,1336,9
kana,u3079,べ,1439,1
kana,u307A,ぺ,1403,27
kana,u307B,ほ,1412,10
kana,u307C,ぼ,1345,2
kana,u307D,ぽ,1394,3
kana,u307E,ま,1401,7
kana,u307F,み,1380,15
kana,u3080,む,1421,7
kana,u3081,め,1452,4
kana,u3082,も,1365,14
kana,u3083,ゃ,1426,13
kana,u3084,や,1409,5
kana,u3085,ゅ,1396,4
kana,u3086,ゆ,1492,4
kana,u3087,ょ,1449,5
kana,u3088,よ,1386,2
kana,u3089,ら,1379,6
kana,u308A,り,1489,7
kana,u308B,る,1487,1
kana,u308C,れ,1391,2
kana,u308D,ろ,1402,3
kana,u308E,ゎ,1368,2
kana,u308F,わ,1454,10
kana,u3090,ゐ,1498,2
kana,u3091,ゑ,1442,1
kana,u3092,を,1429,5
kana,u3093,ん,1390,5
kana,u30A1,ァ,1353,12
kana,u30A2,ア,1327,14
kana,u30A3,ィ,1457,12
kana,u30A4,イ,1379,8
kana,u30A5,ゥ,1481,1
kana,u30A6,ウ,1476,2
kana,u30A7,ェ,1442,3
kana,u30A8,エ,1382,25
kana,u30A9,ォ,1402,1
kana,u30AA,オ,1426,12
kana,u30AB,カ,1436,22
kana,u30AC,ガ,1371,3
kana,u30AD,キ,1409,22
kana,u30AE,ギ,1428,12
kana,u30AF,ク,1410,1
kana,u30B0,グ,1366,4
kana,u30B1,ケ,1413,20
kana,u30B2,ゲ,1433,1
kana,u30B3,コ,1361,1
kana,u30B4,ゴ,1490,5
kana,u30B5,サ,1387,6
kana,u30B6,ザ,1444,13
kana,u30B7,シ,1422,15
kana,u30B8,ジ,1350,3
kana,u30B9,ス,1449,4
kana,u30BA,ズ,1448,7
kana,u30BB,セ,1369,11
kana,u30BC,ゼ,1503,8
kana,u30BD,ソ,1488,11
kana,u30BE,ゾ,1356,10
kana,u30BF,タ,1458,12
kana,u30C0,ダ,1423,4
kana,u30C1,チ,1418,3
kana,u30C2,ヂ,1386,7
kana,u30C3,ッ,1463,14
kana,u30C4,ツ,1407,5
kana,u30C5,ヅ,1417,7
kana,u30C6,テ,1439,11
kana,u30C7,デ,1415,2
kana,u30C8,ト,1426,9
kana,u30C9,ド,1428,8
kana,u30CA,ナ,1370,1
kana,u30CB,ニ,1387,1
kana,u30CC,ヌ,1467,8
kana,u30CD,ネ,1449,3
kana,u30CE,ノ,1365,6
kana,u30CF,ハ,1434,9
kana,u30D0,バ,1458,1
kana,u30D1,パ,1400,3
kana,u30D2,ヒ,1431,13
kana,u30D3,ビ,1506,15
kana,u30D4,ピ,1447,3
kana,u30D5,フ,1464,4
kana,u30D6,ブ,1377,2
kana,u30D7,プ,1416,5
kana,u30D8,ヘ,1510,6
kana,u30D9,ベ,1415,6
kana,u30DA,ペ,1475,13
kana,u30DB,ホ,1404,4
kana,u30DC,ボ,1394,2
kana,u30DD,ポ,1416,37
kana,u30DE,マ,1389,19
kana,u30DF,ミ,1410,1
kana,u30E0,ム,1453,10
kana,u30E1,メ,1401,29
kana,u30E2,モ,1475,18
kana,u30E3,ャ,1359,31
kana,u30E4,ヤ,1387,1
kana,u30E5,ュ,1371,7
kana,u30E6,ユ,1445,8
kana,u30E7,ョ,1442,19
kana,u30E8,ヨ,1354,7
kana,u30E9,ラ,1425,12
kana,u30EA,リ,1471,4
kana,u30EB,ル,1421,1
kana,u30EC,レ,1386,2
kana,u30ED,ロ,1410,4
kana,u30EE,ヮ,1405,23
kana,u30EF,ワ,1431,3
kana,u30F0,ヰ,1427,17
kana,u30F1,ヱ,1450,2
kana,u30F2,ヲ,1443,9
kana,u30F3,ン,1415,10
kana,u30F4,ヴ,1369,1
kana,u30F5,ヵ,1415,22
kana,u30F6,ヶ,1433,22
western,u0030,0,3642,1
western,u0031,1,3630,3
western,u0032,2,3672,10
western,u0033,3,3488,1
western,u0034,4,3606,5
western,u0035,5,3703,4
western,u0036,6,3637,6
western,u0037,7,3613,1
western,u0038,8,3573,15
western,u0039,9,3592,10
western,u0041,A,3725,5
western,u0042,B,3647,6
western,u0043,C,3678,5
western,u0044,D,3548,1
western,u0045,E,3585,1
western,u0046,F,3650,1
western,u0047,G,3658,7
western,u0048,H,3584,4
western,u0049,I,3654,6
western,u004A,J,3560,4
western,u004B,K,3624,8
western,u004C,L,3692,2
western,u004D,M,3554,1
western,u004E,N,3655,2
western,u004F,O,3483,1
western,u0050,P,3472,3
western,u0051,Q,3589,6
western,u0052,R,3513,1
western,u0053,S,3630,3
western,u0054,T,3634,2
western,u0055,U,3648,10
western,u0056,V,3580,1
western,u0057,W,3550,1
western,u0058,X,3550,4
western,u0059,Y,3497,1
western,u005A,Z,3440,2
western,u0061,a,3695,3
western,u0062,b,3488,2
western,u0063,c,3490,1
western,u0064,d,3638,1
western,u0065,e,3513,2
western,u0066,f,3592,7
western,u0067,g,3679,1
western,u0068,h,3524,1
western,u0069,i,3641,4
western,u006A,j,3584,6
western,u006B,k,3546,2
western,u006C,l,3540,2
western,u006D,m,3546,2
western,u006E,n,3727,1
western,u006F,o,3669,6
western,u0070,p,3576,4
western,u0071,q,3594,2
western,u0072,r,3549,7
western,u0073,s,3672,4
western,u0074,t,3505,7
western,u0075,u,3610,6
western,u0076,v,3635,7
western,u0077,w,3608,8
western,u0078,x,3612,4
western,u0079,y,3673,1
western,u007A,z,3645,10
western,u00E0,à,3662,1
western,u00E1,á,3664,6
western,u00E8,è,3736,10
western,u00E9,é,3633,3
western,u00EA,ê,3456,2
western,u00ED,í,3660,2
western,u00F2,ò,3565,1
western,u00F3,ó,3514,2
western,u00F9,ù,3627,4
western,u00FA,ú,3651,1
western,u00FC,ü,3594,1
western,u0101,ā,3563,1
western,u0113,ē,3603,2
western,u011B,ě,3676,1
western,u012B,ī,3477,15
western,u0144,ń,3465,2
western,u0148,ň,3723,7
western,u014D,ō,3532,3
western,u016B,ū,3565,12
western,u01CE,ǎ,3473,3
western,u01D0,ǐ,3646,5
western,u01D2,ǒ,3658,3
western,u01D4,ǔ,3414,1
western,u01D6,ǖ,3526,1
western,u01D8,ǘ,3576,2
western,u01DA,ǚ,3619,3
western,u01DC,ǜ,3615,14
