font,script,cp,char,draws
FZCCHJW,western,u0034,4,0
FZDeSHJW_511M,western,u0036,6,0
FZFWZhuZLSHTJWB,western,u0042,B,0
FZGLJW,western,u0041,A,0
FZJunTJW,western,u00FC,ü,0
FZLTHProJW_H,western,u0036,6,0
FZLaGBTTJW_Da,western,u0148,ň,0
FZLiuBSLSJW,western,u00FA,ú,0
FZLuXTJW,western,u0076,v,0
FZShiGKSJW,western,u01DA,ǚ,0
FZShuQTJW,western,u0077,w,0
FZSiNTJW-H,western,u016B,ū,0
FZSongYuanK,western,u01D2,ǒ,0
FZXianWXTJW-L,western,u00E8,è,0
FZYASHJW_Cu,western,u01D8,ǘ,0
FZYiHTJW-EB,western,u0032,2,0
FZYongKTJ,western,u012B,ī,0
FZYooncheQWHJW-B,western,u0045,E,0
FZYouHJW_508R,western,u004B,K,0
FZYouHJW_510M,western,u0047,G,0
FZYouHJW_513B,western,u01CE,ǎ,0
FZYunHJW-EB,western,u006F,o,0
TSTanHJW-R,western,u0071,q,0
