stem,split,family_key,bucket,l1,l2,l3,usable_scripts,skip_scripts,n_target_chars,use_style_han,use_as_train_target,use_as_eval_gt
FZBaiZBYTJW,train,FZBaiZBYT,all_scripts,pass,,,ascii_digits|ascii_letters|latin_ext_letters|hiragana|katakana|bopomofo,,295,1,1,0
FZBaiZDZ115JW,train,FZBaiZDZ115,all_scripts,pass,,,ascii_digits|ascii_letters|latin_ext_letters|hiragana|katakana|bopomofo,,295,1,1,0
FZBaiZJHTJW,train,FZBaiZJHT,all_scripts,pass,,,ascii_digits|ascii_letters|latin_ext_letters|hiragana|katakana|bopomofo,,295,1,1,0
FZBaiZJKJW,train,FZBaiZJK,all_scripts,pass,,,ascii_digits|ascii_letters|latin_ext_letters|hiragana|katakana|bopomofo,,295,1,1,0
FZBaiZRZTJW,train,FZBaiZRZT,all_scripts,pass,,,ascii_digits|ascii_letters|latin_ext_letters|hiragana|katakana|bopomofo,,295,1,1,0
FZBaiZWGTJW,train,FZBaiZWGT,all_scripts,pass,,,ascii_digits|ascii_letters|latin_ext_letters|hiragana|katakana|bopomofo,,295,1,1,0
FZBangSKKXJW,val,FZBangSKKX,all_scripts,pass,,,ascii_digits|ascii_letters|latin_ext_letters|hiragana|katakana|bopomofo,,295,1,0,1
FZBangSKLTJW,train,FZBangSKLT,all_scripts,pass,,,ascii_digits|ascii_letters|latin_ext_letters|hiragana|katakana|bopomofo,,295,1,1,0
FZBaoCTJW_Te,train,FZBaoCTJW,no_bopomofo,drop,pass,,ascii_digits|ascii_letters|latin_ext_letters|hiragana|katakana,bopomofo,258,1,1,0
FZBaoHTJW_Da,train,FZBaoHTJW,all_scripts,pass,,,ascii_digits|ascii_letters|latin_ext_letters|hiragana|katakana|bopomofo,,295,1,1,0
FZBenMKYJW,train,FZBenMKY,han_latin_digit,drop,drop,pass,ascii_digits|ascii_letters|latin_ext_letters,hiragana|katakana|bopomofo,89,1,1,0
FZBenMWYJW,train,FZBenMWY,exclude,drop,drop,drop,,ascii_digits|ascii_letters|latin_ext_letters|hiragana|katakana|bopomofo,0,0,0,0
FZBenMXYTJW_Italic,train,FZBenMXYTJW,han_latin_digit,drop,drop,pass,ascii_digits|ascii_letters|latin_ext_letters,hiragana|katakana|bopomofo,89,1,1,0
FZBenMZZZHJW,train,FZBenMZZZH,all_scripts,pass,,,ascii_digits|ascii_letters|latin_ext_letters|hiragana|katakana|bopomofo,,295,1,1,0
FZBiaoYTJW,train,FZBiaoYT,all_scripts,pass,,,ascii_digits|ascii_letters|latin_ext_letters|hiragana|katakana|bopomofo,,295,1,1,0
FZBuGTJW,test,FZBuGT,all_scripts,pass,,,ascii_digits|ascii_letters|latin_ext_letters|hiragana|katakana|bopomofo,,295,1,0,1
FZCCHJW,train,FZCCH,han_latin_digit,drop,drop,pass,ascii_digits|ascii_letters|latin_ext_letters,hiragana|katakana|bopomofo,89,1,1,0
FZCHYJW,train,FZCHY,exclude,drop,drop,drop,,ascii_digits|ascii_letters|latin_ext_letters|hiragana|katakana|bopomofo,0,0,0,0
FZCQJW,train,FZCQ,han_latin_digit,drop,drop,pass,ascii_digits|ascii_letters|latin_ext_letters,hiragana|katakana|bopomofo,89,1,1,0
FZCangYHJW,train,FZCangYH,all_scripts,pass,,,ascii_digits|ascii_letters|latin_ext_letters|hiragana|katakana|bopomofo,,295,1,1,0
FZCaoQBLSJW,val,FZCaoQBLS,all_scripts,pass,,,ascii_digits|ascii_letters|latin_ext_letters|hiragana|katakana|bopomofo,,295,1,0,1
FZChaoLTJW_Te,train,FZChaoLTJW,no_bopomofo,drop,pass,,ascii_digits|ascii_letters|latin_ext_letters|hiragana|katakana,bopomofo,258,1,1,0
FZChaoZTJW_EB,train,FZChaoZTJW,no_bopomofo,drop,pass,,ascii_digits|ascii_letters|latin_ext_letters|hiragana|katakana,bopomofo,258,1,1,0
FZChenQTJW,train,FZChenQT,no_bopomofo,drop,pass,,ascii_digits|ascii_letters|latin_ext_letters|hiragana|katakana,bopomofo,258,1,1,0
FZChiDTJW,train,FZChiDT,han_latin_digit,drop,drop,pass,ascii_digits|ascii_letters|latin_ext_letters,hiragana|katakana|bopomofo,89,1,1,0
FZChuangHJW_DB,test,FZChuangHJW,no_bopomofo,drop,pass,,ascii_digits|ascii_letters|latin_ext_letters|hiragana|katakana,bopomofo,258,1,0,1
FZCuYSJ_V2,train,FZCuYSJ_V2,all_scripts,pass,,,ascii_digits|ascii_letters|latin_ext_letters|hiragana|katakana|bopomofo,,295,1,1,0
FZCuanBZBKSJW,test,FZCuanBZBKS,all_scripts,pass,,,ascii_digits|ascii_letters|latin_ext_letters|hiragana|katakana|bopomofo,,295,1,0,1
FZDaDXMTJW,train,FZDaDXMT,han_latin_digit,drop,drop,pass,ascii_digits|ascii_letters|latin_ext_letters,hiragana|katakana|bopomofo,89,1,1,0
FZDeSHJW_507R,train,FZDeSHJW_507R,no_bopomofo,drop,pass,,ascii_digits|ascii_letters|latin_ext_letters|hiragana|katakana,bopomofo,258,1,1,0
FZDeSHJW_508R,train,FZDeSHJW_508R,no_bopomofo,drop,pass,,ascii_digits|ascii_letters|latin_ext_letters|hiragana|katakana,bopomofo,258,1,1,0
FZDeSHJW_509R,train,FZDeSHJW_509R,no_bopomofo,drop,pass,,ascii_digits|ascii_letters|latin_ext_letters|hiragana|katakana,bopomofo,258,1,1,0
FZDeSHJW_510M,train,FZDeSHJW_510M,no_bopomofo,drop,pass,,ascii_digits|ascii_letters|latin_ext_letters|hiragana|katakana,bopomofo,258,1,1,0
FZDeSHJW_511M,train,FZDeSHJW_511M,no_bopomofo,drop,pass,,ascii_digits|ascii_letters|latin_ext_letters|hiragana|katakana,bopomofo,258,1,1,0
FZDeSHJW_512B,train,FZDeSHJW_512B,no_bopomofo,drop,pass,,ascii_digits|ascii_letters|latin_ext_letters|hiragana|katakana,bopomofo,258,1,1,0
FZDeSHJW_513B,train,FZDeSHJW_513B,no_bopomofo,drop,pass,,ascii_digits|ascii_letters|latin_ext_letters|hiragana|katakana,bopomofo,258,1,1,0
FZDeSHJW_514H,train,FZDeSHJW_514H,han_latin_digit,drop,drop,pass,ascii_digits|ascii_letters|latin_ext_letters,hiragana|katakana|bopomofo,89,1,1,0
FZDeSHJW_515H,test,FZDeSHJW_515H,no_bopomofo,drop,pass,,ascii_digits|ascii_letters|latin_ext_letters|hiragana|katakana,bopomofo,258,1,0,1
FZDengXHJW-B,train,FZDengXHJW,all_scripts,pass,,,ascii_digits|ascii_letters|latin_ext_letters|hiragana|katakana|bopomofo,,295,1,1,0
FZDongGSJW-L,train,FZDongGSJW,all_scripts,pass,,,ascii_digits|ascii_letters|latin_ext_letters|hiragana|katakana|bopomofo,,295,1,1,0
FZDouNTJW_Te,test,FZDouNTJW,no_bopomofo,drop,pass,,ascii_digits|ascii_letters|latin_ext_letters|hiragana|katakana,bopomofo,258,1,0,1
FZDouSDYWTJW-B,train,FZDouSDYWTJW,all_scripts,pass,,,ascii_digits|ascii_letters|latin_ext_letters|hiragana|katakana|bopomofo,,295,1,1,0
FZDuHJW_Cu,train,FZDuHJW,no_bopomofo,drop,pass,,ascii_digits|ascii_letters|latin_ext_letters|hiragana|katakana,bopomofo,258,1,1,0
FZFWHuanLTJW,train,FZFWHuanLT,all_scripts,pass,,,ascii_digits|ascii_letters|latin_ext_letters|hiragana|katakana|bopomofo,,295,1,1,0
FZFWQingYLJW,train,FZFWQingYL,all_scripts,pass,,,ascii_digits|ascii_letters|latin_ext_letters|hiragana|katakana|bopomofo,,295,1,1,0
FZFWTongQPOPTJW,train,FZFWTongQPOPT,all_scripts,pass,,,ascii_digits|ascii_letters|latin_ext_letters|hiragana|katakana|bopomofo,,295,1,1,0
FZFWZhuZGDLHJW,train,FZFWZhuZGDLH,no_bopomofo,drop,pass,,ascii_digits|ascii_letters|latin_ext_letters|hiragana|katakana,bopomofo,258,1,1,0
FZFWZhuZGDLMCJW,train,FZFWZhuZGDLMC,all_scripts,pass,,,ascii_digits|ascii_letters|latin_ext_letters|hiragana|katakana|bopomofo,,295,1,1,0
FZFWZhuZGDSHJW,train,FZFWZhuZGDSH,no_bopomofo,drop,pass,,ascii_digits|ascii_letters|latin_ext_letters|hiragana|katakana,bopomofo,258,1,1,0
FZFWZhuZGDSMCJW,train,FZFWZhuZGDSMC,all_scripts,pass,,,ascii_digits|ascii_letters|latin_ext_letters|hiragana|katakana|bopomofo,,295,1,1,0
FZFWZhuZLSHTJWB,train,FZFWZhuZLSHTJWB,all_scripts,pass,,,ascii_digits|ascii_letters|latin_ext_letters|hiragana|katakana|bopomofo,,295,1,1,0
FZFWZhuZiABiaoTMCJW,train,FZFWZhuZiABiaoTMC,all_scripts,pass,,,ascii_digits|ascii_letters|latin_ext_letters|hiragana|katakana|bopomofo,,295,1,1,0
FZFWZhuZiHeiB,val,FZFWZhuZiHeiB,all_scripts,pass,,,ascii_digits|ascii_letters|latin_ext_letters|hiragana|katakana|bopomofo,,295,1,0,1
FZFWZhuZiHeiD,train,FZFWZhuZiHeiD,all_scripts,pass,,,ascii_digits|ascii_letters|latin_ext_letters|hiragana|katakana|bopomofo,,295,1,1,0
FZFWZhuZiHeiE,train,FZFWZhuZiHeiE,all_scripts,pass,,,ascii_digits|ascii_letters|latin_ext_letters|hiragana|katakana|bopomofo,,295,1,1,0
FZFWZhuZiHeiH,train,FZFWZhuZiHeiH,all_scripts,pass,,,ascii_digits|ascii_letters|latin_ext_letters|hiragana|katakana|bopomofo,,295,1,1,0
FZFWZhuZiHeiL,train,FZFWZhuZiHeiL,all_scripts,pass,,,ascii_digits|ascii_letters|latin_ext_letters|hiragana|katakana|bopomofo,,295,1,1,0
FZFWZhuZiHeiM,train,FZFWZhuZiHeiM,all_scripts,pass,,,ascii_digits|ascii_letters|latin_ext_letters|hiragana|katakana|bopomofo,,295,1,1,0
FZFWZhuZiHeiR,train,FZFWZhuZiHeiR,all_scripts,pass,,,ascii_digits|ascii_letters|latin_ext_letters|hiragana|katakana|bopomofo,,295,1,1,0
FZFWZhuZiHeiU,train,FZFWZhuZiHeiU,all_scripts,pass,,,ascii_digits|ascii_letters|latin_ext_letters|hiragana|katakana|bopomofo,,295,1,1,0
FZFWZhuZiMinchoD,train,FZFWZhuZiMinchoD,all_scripts,pass,,,ascii_digits|ascii_letters|latin_ext_letters|hiragana|katakana|bopomofo,,295,1,1,0
FZFXKTJW,train,FZFXKT,han_latin_digit,drop,drop,pass,ascii_digits|ascii_letters|latin_ext_letters,hiragana|katakana|bopomofo,89,1,1,0
FZFeiHHJW-H,test,FZFeiHHJW,all_scripts,pass,,,ascii_digits|ascii_letters|latin_ext_letters|hiragana|katakana|bopomofo,,295,1,0,1
FZFeiSJW-EL,train,FZFeiSJW,all_scripts,pass,,,ascii_digits|ascii_letters|latin_ext_letters|hiragana|katakana|bopomofo,,295,1,1,0
FZFeiYTJW_Te,train,FZFeiYTJW,no_bopomofo,drop,pass,,ascii_digits|ascii_letters|latin_ext_letters|hiragana|katakana,bopomofo,258,1,1,0
FZFeiYiTJW-EB,train,FZFeiYiTJW,no_bopomofo,drop,pass,,ascii_digits|ascii_letters|latin_ext_letters|hiragana|katakana,bopomofo,258,1,1,0
FZFengYKSJ,test,FZFengYKSJ,no_bopomofo,drop,pass,,ascii_digits|ascii_letters|latin_ext_letters|hiragana|katakana,bopomofo,258,1,0,1
FZFuGCHJW,train,FZFuGCH,all_scripts,pass,,,ascii_digits|ascii_letters|latin_ext_letters|hiragana|katakana|bopomofo,,295,1,1,0
FZFuGCYJW,train,FZFuGCY,all_scripts,pass,,,ascii_digits|ascii_letters|latin_ext_letters|hiragana|katakana|bopomofo,,295,1,1,0
FZGDCTJW-L,train,FZGDCTJW,all_scripts,pass,,,ascii_digits|ascii_letters|latin_ext_letters|hiragana|katakana|bopomofo,,295,1,1,0
FZGLJW,train,FZGL,han_latin_digit,drop,drop,pass,ascii_digits|ascii_letters|latin_ext_letters,hiragana|katakana|bopomofo,89,1,1,0
FZGangYTJ,train,FZGangYTJ,all_scripts,pass,,,ascii_digits|ascii_letters|latin_ext_letters|hiragana|katakana|bopomofo,,295,1,1,0
FZGuangHTJW-H,train,FZGuangHTJW,exclude,drop,drop,drop,,ascii_digits|ascii_letters|latin_ext_letters|hiragana|katakana|bopomofo,0,0,0,0
FZHCJW,train,FZHC,han_latin_digit,drop,drop,pass,ascii_digits|ascii_letters|latin_ext_letters,hiragana|katakana|bopomofo,89,1,1,0
FZHZGBJW,train,FZHZGB,han_latin_digit,drop,drop,pass,ascii_digits|ascii_letters|latin_ext_letters,hiragana|katakana|bopomofo,89,1,1,0
FZHanSTJW_Te,train,FZHanSTJW,no_bopomofo,drop,pass,,ascii_digits|ascii_letters|latin_ext_letters|hiragana|katakana,bopomofo,258,1,1,0
FZHanWZKJW,test,FZHanWZK,all_scripts,pass,,,ascii_digits|ascii_letters|latin_ext_letters|hiragana|katakana|bopomofo,,295,1,0,1
FZHaoGGTTJW,train,FZHaoGGTT,han_latin_digit,drop,drop,pass,ascii_digits|ascii_letters|latin_ext_letters,hiragana|katakana|bopomofo,89,1,1,0
FZHeJYSXZJW,train,FZHeJYSXZ,exclude,drop,drop,drop,,ascii_digits|ascii_letters|latin_ext_letters|hiragana|katakana|bopomofo,0,0,0,0
FZHeYTJW-EB,train,FZHeYTJW,no_bopomofo,drop,pass,,ascii_digits|ascii_letters|latin_ext_letters|hiragana|katakana,bopomofo,258,1,1,0
FZHeiFJW-L,train,FZHeiFJW,all_scripts,pass,,,ascii_digits|ascii_letters|latin_ext_letters|hiragana|katakana|bopomofo,,295,1,1,0
FZHengFSJW-T,val,FZHengFSJW-T,all_scripts,pass,,,ascii_digits|ascii_letters|latin_ext_letters|hiragana|katakana|bopomofo,,295,1,0,1
FZHengWHJ-L,train,FZHengWHJ,all_scripts,pass,,,ascii_digits|ascii_letters|latin_ext_letters|hiragana|katakana|bopomofo,,295,1,1,0
FZHuaSKXTJW-H,train,FZHuaSKXTJW,all_scripts,pass,,,ascii_digits|ascii_letters|latin_ext_letters|hiragana|katakana|bopomofo,,295,1,1,0
FZHuoLTJW_Te,train,FZHuoLTJW,no_bopomofo,drop,pass,,ascii_digits|ascii_letters|latin_ext_letters|hiragana|katakana,bopomofo,258,1,1,0
FZHuoYYJW-T,test,FZHuoYYJW-T,han_latin_digit,drop,drop,pass,ascii_digits|ascii_letters|latin_ext_letters,hiragana|katakana|bopomofo,89,1,0,1
FZIwataFWTJW-H,train,FZIwataFWTJW,all_scripts,pass,,,ascii_digits|ascii_letters|latin_ext_letters|hiragana|katakana|bopomofo,,295,1,1,0
FZJLJW,train,FZJL,han_latin_digit,drop,drop,pass,ascii_digits|ascii_letters|latin_ext_letters,hiragana|katakana|bopomofo,89,1,1,0
FZJZJW,train,FZJZ,han_latin_digit,drop,drop,pass,ascii_digits|ascii_letters|latin_ext_letters,hiragana|katakana|bopomofo,89,1,1,0
FZJianLTJW_Te,test,FZJianLTJW,no_bopomofo,drop,pass,,ascii_digits|ascii_letters|latin_ext_letters|hiragana|katakana,bopomofo,258,1,0,1
FZJianQRTJW,train,FZJianQRT,no_bopomofo,drop,pass,,ascii_digits|ascii_letters|latin_ext_letters|hiragana|katakana,bopomofo,258,1,1,0
FZJianZTJW-B,train,FZJianZTJW,han_latin_digit,drop,drop,pass,ascii_digits|ascii_letters|latin_ext_letters,hiragana|katakana|bopomofo,89,1,1,0
FZJiangYTJW_EB,train,FZJiangYTJW,no_bopomofo,drop,pass,,ascii_digits|ascii_letters|latin_ext_letters|hiragana|katakana,bopomofo,258,1,1,0
FZJinCTJW_Te,train,FZJinCTJW,no_bopomofo,drop,pass,,ascii_digits|ascii_letters|latin_ext_letters|hiragana|katakana,bopomofo,258,1,1,0
FZJingKHJW,train,FZJingKH,all_scripts,pass,,,ascii_digits|ascii_letters|latin_ext_letters|hiragana|katakana|bopomofo,,295,1,1,0
FZJingLTJW-H,test,FZJingLTJW,all_scripts,pass,,,ascii_digits|ascii_letters|latin_ext_letters|hiragana|katakana|bopomofo,,295,1,0,1
FZJingQSTJW_Cu,train,FZJingQSTJW,no_bopomofo,drop,pass,,ascii_digits|ascii_letters|latin_ext_letters|hiragana|katakana,bopomofo,258,1,1,0
FZJingYLLTJW,test,FZJingYLLT,han_latin_digit,drop,drop,pass,ascii_digits|ascii_letters|latin_ext_letters,hiragana|katakana|bopomofo,89,1,0,1
FZJuJTJW-L,train,FZJuJTJW,no_bopomofo,drop,pass,,ascii_digits|ascii_letters|latin_ext_letters|hiragana|katakana,bopomofo,258,1,1,0
FZJunTJW,train,FZJunT,all_scripts,pass,,,ascii_digits|ascii_letters|latin_ext_letters|hiragana|katakana|bopomofo,,295,1,1,0
FZJunYTJW-H,val,FZJunYTJW,han_latin_digit,drop,drop,pass,ascii_digits|ascii_letters|latin_ext_letters,hiragana|katakana|bopomofo,89,1,0,1
FZKANGJW,val,FZKANG,han_latin_digit,drop,drop,pass,ascii_digits|ascii_letters|latin_ext_letters,hiragana|katakana|bopomofo,89,1,0,1
FZKeSHBTJW,train,FZKeSHBT,no_bopomofo,drop,pass,,ascii_digits|ascii_letters|latin_ext_letters|hiragana|katakana,bopomofo,258,1,1,0
FZKuGHJW-H,train,FZKuGHJW,all_scripts,pass,,,ascii_digits|ascii_letters|latin_ext_letters|hiragana|katakana|bopomofo,,295,1,1,0
FZKuaiHTJW_Te,val,FZKuaiHTJW,no_bopomofo,drop,pass,,ascii_digits|ascii_letters|latin_ext_letters|hiragana|katakana,bopomofo,258,1,0,1
FZKuaiSTJW_Te,train,FZKuaiSTJW,no_bopomofo,drop,pass,,ascii_digits|ascii_letters|latin_ext_letters|hiragana|katakana,bopomofo,258,1,1,0
FZKuaiYTJW_Te,train,FZKuaiYTJW,no_bopomofo,drop,pass,,ascii_digits|ascii_letters|latin_ext_letters|hiragana|katakana,bopomofo,258,1,1,0
FZLTHProGBK_H,val,FZLTHProGBK,no_bopomofo,drop,pass,,ascii_digits|ascii_letters|latin_ext_letters|hiragana|katakana,bopomofo,258,1,0,1
FZLTHProJW_H,train,FZLTHProJW,all_scripts,pass,,,ascii_digits|ascii_letters|latin_ext_letters|hiragana|katakana|bopomofo,,295,1,1,0
FZLaGBTTJW_Da,train,FZLaGBTTJW,no_bopomofo,drop,pass,,ascii_digits|ascii_letters|latin_ext_letters|hiragana|katakana,bopomofo,258,1,1,0
FZLangKBTJW1,train,FZLangKBTJW1,all_scripts,pass,,,ascii_digits|ascii_letters|latin_ext_letters|hiragana|katakana|bopomofo,,295,1,1,0
FZLangKFTJW3,train,FZLangKFTJW3,all_scripts,pass,,,ascii_digits|ascii_letters|latin_ext_letters|hiragana|katakana|bopomofo,,295,1,1,0
FZLengRSJW-B,train,FZLengRSJW,all_scripts,pass,,,ascii_digits|ascii_letters|latin_ext_letters|hiragana|katakana|bopomofo,,295,1,1,0
FZLiDXYTJW,train,FZLiDXYT,all_scripts,pass,,,ascii_digits|ascii_letters|latin_ext_letters|hiragana|katakana|bopomofo,,295,1,1,0
FZLiHJW-EB,train,FZLiHJW,han_latin_digit,drop,drop,pass,ascii_digits|ascii_letters|latin_ext_letters,hiragana|katakana|bopomofo,89,1,1,0
FZLiQBLSJW,train,FZLiQBLS,all_scripts,pass,,,ascii_digits|ascii_letters|latin_ext_letters|hiragana|katakana|bopomofo,,295,1,1,0
FZLiYHJW-EL,train,FZLiYHJW,all_scripts,pass,,,ascii_digits|ascii_letters|latin_ext_letters|hiragana|katakana|bopomofo,,295,1,1,0
FZLingFKSJW-B,test,FZLingFKSJW,all_scripts,pass,,,ascii_digits|ascii_letters|latin_ext_letters|hiragana|katakana|bopomofo,,295,1,0,1
FZLiuBSLSJW,train,FZLiuBSLS,all_scripts,pass,,,ascii_digits|ascii_letters|latin_ext_letters|hiragana|katakana|bopomofo,,295,1,1,0
FZLiuCTJW_Te,train,FZLiuCTJW,no_bopomofo,drop,pass,,ascii_digits|ascii_letters|latin_ext_letters|hiragana|katakana,bopomofo,258,1,1,0
FZLiuGQKJW-L,test,FZLiuGQKJW,no_bopomofo,drop,pass,,ascii_digits|ascii_letters|latin_ext_letters|hiragana|katakana,bopomofo,258,1,0,1
FZLongKSKSJW,train,FZLongKSKS,all_scripts,pass,,,ascii_digits|ascii_letters|latin_ext_letters|hiragana|katakana|bopomofo,,295,1,1,0
FZLuXTJW,train,FZLuXT,no_bopomofo,drop,pass,,ascii_digits|ascii_letters|latin_ext_letters|hiragana|katakana,bopomofo,258,1,1,0
FZMaLTJW_Da,train,FZMaLTJW,no_bopomofo,drop,pass,,ascii_digits|ascii_letters|latin_ext_letters|hiragana|katakana,bopomofo,258,1,1,0
FZMaWDBSJW,test,FZMaWDBS,all_scripts,pass,,,ascii_digits|ascii_letters|latin_ext_letters|hiragana|katakana|bopomofo,,295,1,0,1
FZManYTJW-H,train,FZManYTJW,all_scripts,pass,,,ascii_digits|ascii_letters|latin_ext_letters|hiragana|katakana|bopomofo,,295,1,1,0
FZMiFXSJW,val,FZMiFXS,all_scripts,pass,,,ascii_digits|ascii_letters|latin_ext_letters|hiragana|katakana|bopomofo,,295,1,0,1
FZMiaoYTJW-H,train,FZMiaoYTJW,all_scripts,pass,,,ascii_digits|ascii_letters|latin_ext_letters|hiragana|katakana|bopomofo,,295,1,1,0
FZMingCTJW-EB,train,FZMingCTJW,all_scripts,pass,,,ascii_digits|ascii_letters|latin_ext_letters|hiragana|katakana|bopomofo,,295,1,1,0
FZMingMTJW-EB,train,FZMingMTJW,no_bopomofo,drop,pass,,ascii_digits|ascii_letters|latin_ext_letters|hiragana|katakana,bopomofo,258,1,1,0
FZMoDTJW_Cu,train,FZMoDTJW,no_bopomofo,drop,pass,,ascii_digits|ascii_letters|latin_ext_letters|hiragana|katakana,bopomofo,258,1,1,0
FZMoFHJW,train,FZMoFH,han_latin_digit,drop,drop,pass,ascii_digits|ascii_letters|latin_ext_letters,hiragana|katakana|bopomofo,89,1,1,0
FZMoYTJW-L,train,FZMoYTJW,all_scripts,pass,,,ascii_digits|ascii_letters|latin_ext_letters|hiragana|katakana|bopomofo,,295,1,1,0
FZOneFamily-Bold,train,FZOneFamily-Bold,all_scripts,pass,,,ascii_digits|ascii_letters|latin_ext_letters|hiragana|katakana|bopomofo,,295,1,1,0
FZOuYXKSJW,train,FZOuYXKS,all_scripts,pass,,,ascii_digits|ascii_letters|latin_ext_letters|hiragana|katakana|bopomofo,,295,1,1,0
FZPTYJW,train,FZPTY,han_latin_digit,drop,drop,pass,ascii_digits|ascii_letters|latin_ext_letters,hiragana|katakana|bopomofo,89,1,1,0
FZPWJW,train,FZPW,han_latin_digit,drop,drop,pass,ascii_digits|ascii_letters|latin_ext_letters,hiragana|katakana|bopomofo,89,1,1,0
FZPanDLTJW,train,FZPanDLT,han_latin_digit,drop,drop,pass,ascii_digits|ascii_letters|latin_ext_letters,hiragana|katakana|bopomofo,89,1,1,0
FZPiaoCTJW,train,FZPiaoCT,all_scripts,pass,,,ascii_digits|ascii_letters|latin_ext_letters|hiragana|katakana|bopomofo,,295,1,1,0
FZQKBYSJW,train,FZQKBYS,han_latin_digit,drop,drop,pass,ascii_digits|ascii_letters|latin_ext_letters,hiragana|katakana|bopomofo,89,1,1,0
FZQiSTJW-EB,train,FZQiSTJW,no_bopomofo,drop,pass,,ascii_digits|ascii_letters|latin_ext_letters|hiragana|katakana,bopomofo,258,1,1,0
FZQingFSJW_Xi,train,FZQingFSJW,no_bopomofo,drop,pass,,ascii_digits|ascii_letters|latin_ext_letters|hiragana|katakana,bopomofo,258,1,1,0
FZQingKBYSJW-EL,train,FZQingKBYSJW,all_scripts,pass,,,ascii_digits|ascii_letters|latin_ext_letters|hiragana|katakana|bopomofo,,295,1,1,0
FZQingLTJW_Xian,train,FZQingLTJW_Xian,no_bopomofo,drop,pass,,ascii_digits|ascii_letters|latin_ext_letters|hiragana|katakana,bopomofo,258,1,1,0
FZQingLuTJW-EB,train,FZQingLuTJW,all_scripts,pass,,,ascii_digits|ascii_letters|latin_ext_letters|hiragana|katakana|bopomofo,,295,1,1,0
FZQingYSJW-T,val,FZQingYSJW-T,all_scripts,pass,,,ascii_digits|ascii_letters|latin_ext_letters|hiragana|katakana|bopomofo,,295,1,0,1
FZQiuDYRHJW,train,FZQiuDYRH,all_scripts,pass,,,ascii_digits|ascii_letters|latin_ext_letters|hiragana|katakana|bopomofo,,295,1,1,0
FZRuiZHJW,train,FZRuiZH,han_latin_digit,drop,drop,pass,ascii_digits|ascii_letters|latin_ext_letters,hiragana|katakana|bopomofo,89,1,1,0
FZRuiZHLTJW,train,FZRuiZHLT,all_scripts,pass,,,ascii_digits|ascii_letters|latin_ext_letters|hiragana|katakana|bopomofo,,295,1,1,0
FZRunKJW-T,train,FZRunKJW-T,all_scripts,pass,,,ascii_digits|ascii_letters|latin_ext_letters|hiragana|katakana|bopomofo,,295,1,1,0
FZRunYYSJW,train,FZRunYYS,no_bopomofo,drop,pass,,ascii_digits|ascii_letters|latin_ext_letters|hiragana|katakana,bopomofo,258,1,1,0
FZShanCPXJW,train,FZShanCPX,no_bopomofo,drop,pass,,ascii_digits|ascii_letters|latin_ext_letters|hiragana|katakana,bopomofo,258,1,1,0
FZShangYTJW,train,FZShangYT,han_latin_digit,drop,drop,pass,ascii_digits|ascii_letters|latin_ext_letters,hiragana|katakana|bopomofo,89,1,1,0
FZShenTJHHTJW,train,FZShenTJHHT,all_scripts,pass,,,ascii_digits|ascii_letters|latin_ext_letters|hiragana|katakana|bopomofo,,295,1,1,0
FZShiGKSJW,train,FZShiGKS,all_scripts,pass,,,ascii_digits|ascii_letters|latin_ext_letters|hiragana|katakana|bopomofo,,295,1,1,0
FZShiGKSK,train,FZShiGKSK,all_scripts,pass,,,ascii_digits|ascii_letters|latin_ext_letters|hiragana|katakana|bopomofo,,295,1,1,0
FZShiSTJW-B,train,FZShiSTJW,no_bopomofo,drop,pass,,ascii_digits|ascii_letters|latin_ext_letters|hiragana|katakana,bopomofo,258,1,1,0
FZShiTSJW_Te,train,FZShiTSJW,no_bopomofo,drop,pass,,ascii_digits|ascii_letters|latin_ext_letters|hiragana|katakana,bopomofo,258,1,1,0
FZShuLTJW-H,train,FZShuLTJW,all_scripts,pass,,,ascii_digits|ascii_letters|latin_ext_letters|hiragana|katakana|bopomofo,,295,1,1,0
FZShuQTJW,train,FZShuQT,all_scripts,pass,,,ascii_digits|ascii_letters|latin_ext_letters|hiragana|katakana|bopomofo,,295,1,1,0
FZShuangQTJW_Te,train,FZShuangQTJW,no_bopomofo,drop,pass,,ascii_digits|ascii_letters|latin_ext_letters|hiragana|katakana,bopomofo,258,1,1,0
FZShuiYJW,train,FZShuiY,no_bopomofo,drop,pass,,ascii_digits|ascii_letters|latin_ext_letters|hiragana|katakana,bopomofo,258,1,1,0
FZSiBTJW_Te,train,FZSiBTJW,no_bopomofo,drop,pass,,ascii_digits|ascii_letters|latin_ext_letters|hiragana|katakana,bopomofo,258,1,1,0
FZSiLanTJW,train,FZSiLanT,all_scripts,pass,,,ascii_digits|ascii_letters|latin_ext_letters|hiragana|katakana|bopomofo,,295,1,1,0
FZSiNTJW-H,train,FZSiNTJW,all_scripts,pass,,,ascii_digits|ascii_letters|latin_ext_letters|hiragana|katakana|bopomofo,,295,1,1,0
FZSiNTJW-UB,train,FZSiNTJW-UB,all_scripts,pass,,,ascii_digits|ascii_letters|latin_ext_letters|hiragana|katakana|bopomofo,,295,1,1,0
FZSiNTJW-UL,train,FZSiNTJW-UL,all_scripts,pass,,,ascii_digits|ascii_letters|latin_ext_letters|hiragana|katakana|bopomofo,,295,1,1,0
FZSongKBXKJW-EB,val,FZSongKBXKJW,all_scripts,pass,,,ascii_digits|ascii_letters|latin_ext_letters|hiragana|katakana|bopomofo,,295,1,0,1
FZSongYJW,train,FZSongY,han_latin_digit,drop,drop,pass,ascii_digits|ascii_letters|latin_ext_letters,hiragana|katakana|bopomofo,89,1,1,0
FZSongYuanK,train,FZSongYuanK,all_scripts,pass,,,ascii_digits|ascii_letters|latin_ext_letters|hiragana|katakana|bopomofo,,295,1,1,0
FZSuHJW,val,FZSuH,no_bopomofo,drop,pass,,ascii_digits|ascii_letters|latin_ext_letters|hiragana|katakana,bopomofo,258,1,0,1
FZTJLSJW,test,FZTJLS,han_latin_digit,drop,drop,pass,ascii_digits|ascii_letters|latin_ext_letters,hiragana|katakana|bopomofo,89,1,0,1
FZTaiHTJW-H,train,FZTaiHTJW,no_bopomofo,drop,pass,,ascii_digits|ascii_letters|latin_ext_letters|hiragana|katakana,bopomofo,258,1,1,0
FZTanHTJW_Da,train,FZTanHTJW,no_bopomofo,drop,pass,,ascii_digits|ascii_letters|latin_ext_letters|hiragana|katakana,bopomofo,258,1,1,0
FZTiHJW,train,FZTiH,han_latin_digit,drop,drop,pass,ascii_digits|ascii_letters|latin_ext_letters,hiragana|katakana|bopomofo,89,1,1,0
FZTieXHJW,train,FZTieXH,all_scripts,pass,,,ascii_digits|ascii_letters|latin_ext_letters|hiragana|katakana|bopomofo,,295,1,1,0
FZVDLGTMCJW-L,train,FZVDLGTMCJW,all_scripts,pass,,,ascii_digits|ascii_letters|latin_ext_letters|hiragana|katakana|bopomofo,,295,1,1,0
FZVDLJianZHJW-H,train,FZVDLJianZHJW,all_scripts,pass,,,ascii_digits|ascii_letters|latin_ext_letters|hiragana|katakana|bopomofo,,295,1,1,0
FZVDLJiaoRHJW-T,train,FZVDLJiaoRHJW-T,all_scripts,pass,,,ascii_digits|ascii_letters|latin_ext_letters|hiragana|katakana|bopomofo,,295,1,1,0
FZVDLJieYTJW-B,train,FZVDLJieYTJW,all_scripts,pass,,,ascii_digits|ascii_letters|latin_ext_letters|hiragana|katakana|bopomofo,,295,1,1,0
FZVDLXinZTJW-R,train,FZVDLXinZTJW,all_scripts,pass,,,ascii_digits|ascii_letters|latin_ext_letters|hiragana|katakana|bopomofo,,295,1,1,0
FZVDLZhaoHJW-H,train,FZVDLZhaoHJW,all_scripts,pass,,,ascii_digits|ascii_letters|latin_ext_letters|hiragana|katakana|bopomofo,,295,1,1,0
FZVariable-YouSongJ,train,FZVariable-YouSongJ,all_scripts,pass,,,ascii_digits|ascii_letters|latin_ext_letters|hiragana|katakana|bopomofo,,295,1,1,0
FZWBJW,train,FZWB,han_latin_digit,drop,drop,pass,ascii_digits|ascii_letters|latin_ext_letters,hiragana|katakana|bopomofo,89,1,1,0
FZWZZYJW,train,FZWZZY,no_bopomofo,drop,pass,,ascii_digits|ascii_letters|latin_ext_letters|hiragana|katakana,bopomofo,258,1,1,0
FZWeiWTJW,train,FZWeiWT,all_scripts,pass,,,ascii_digits|ascii_letters|latin_ext_letters|hiragana|katakana|bopomofo,,295,1,1,0
FZWeiYHJW,train,FZWeiYH,all_scripts,pass,,,ascii_digits|ascii_letters|latin_ext_letters|hiragana|katakana|bopomofo,,295,1,1,0
FZWenHYBTJW,train,FZWenHYBT,han_latin_digit,drop,drop,pass,ascii_digits|ascii_letters|latin_ext_letters,hiragana|katakana|bopomofo,89,1,1,0
FZWenZMXCJW,train,FZWenZMXC,all_scripts,pass,,,ascii_digits|ascii_letters|latin_ext_letters|hiragana|katakana|bopomofo,,295,1,1,0
FZWuYTJW,train,FZWuYT,han_latin_digit,drop,drop,pass,ascii_digits|ascii_letters|latin_ext_letters,hiragana|katakana|bopomofo,89,1,1,0
FZXiXSLSJW,train,FZXiXSLS,all_scripts,pass,,,ascii_digits|ascii_letters|latin_ext_letters|hiragana|katakana|bopomofo,,295,1,1,0
FZXianWTJW,train,FZXianWT,no_bopomofo,drop,pass,,ascii_digits|ascii_letters|latin_ext_letters|hiragana|katakana,bopomofo,258,1,1,0
FZXianWXTJW-L,train,FZXianWXTJW,all_scripts,pass,,,ascii_digits|ascii_letters|latin_ext_letters|hiragana|katakana|bopomofo,,295,1,1,0
FZXiangHJW-M,train,FZXiangHJW,no_bopomofo,drop,pass,,ascii_digits|ascii_letters|latin_ext_letters|hiragana|katakana,bopomofo,258,1,1,0
FZXiaoSSJW_Te,train,FZXiaoSSJW,no_bopomofo,drop,pass,,ascii_digits|ascii_letters|latin_ext_letters|hiragana|katakana,bopomofo,258,1,1,0
FZXieXTJW-EB,train,FZXieXTJW,all_scripts,pass,,,ascii_digits|ascii_letters|latin_ext_letters|hiragana|katakana|bopomofo,,295,1,1,0
FZXinGHJW-EL,train,FZXinGHJW,all_scripts,pass,,,ascii_digits|ascii_letters|latin_ext_letters|hiragana|katakana|bopomofo,,295,1,1,0
FZXinHJYKXZJW,train,FZXinHJYKXZ,han_latin_digit,drop,drop,pass,ascii_digits|ascii_letters|latin_ext_letters,hiragana|katakana|bopomofo,89,1,1,0
FZXinRTJW-EB,train,FZXinRTJW,no_bopomofo,drop,pass,,ascii_digits|ascii_letters|latin_ext_letters|hiragana|katakana,bopomofo,258,1,1,0
FZXinZYHJW_EB,train,FZXinZYHJW,all_scripts,pass,,,ascii_digits|ascii_letters|latin_ext_letters|hiragana|katakana|bopomofo,,295,1,1,0
FZXinZYHJW_UL,train,FZXinZYHJW_UL,all_scripts,pass,,,ascii_digits|ascii_letters|latin_ext_letters|hiragana|katakana|bopomofo,,295,1,1,0
FZXingHeiJW-B,train,FZXingHeiJW,all_scripts,pass,,,ascii_digits|ascii_letters|latin_ext_letters|hiragana|katakana|bopomofo,,295,1,1,0
FZXueWRHJW,train,FZXueWRH,all_scripts,pass,,,ascii_digits|ascii_letters|latin_ext_letters|hiragana|katakana|bopomofo,,295,1,1,0
FZYASHJW_Cu,train,FZYASHJW,all_scripts,pass,,,ascii_digits|ascii_letters|latin_ext_letters|hiragana|katakana|bopomofo,,295,1,1,0
FZYDCHJW,train,FZYDCH,han_latin_digit,drop,drop,pass,ascii_digits|ascii_letters|latin_ext_letters,hiragana|katakana|bopomofo,89,1,1,0
FZYTJW,train,FZYT,han_latin_digit,drop,drop,pass,ascii_digits|ascii_letters|latin_ext_letters,hiragana|katakana|bopomofo,89,1,1,0
FZYaSSJW-B,train,FZYaSSJW,all_scripts,pass,,,ascii_digits|ascii_letters|latin_ext_letters|hiragana|katakana|bopomofo,,295,1,1,0
FZYanSJW,train,FZYanS,han_latin_digit,drop,drop,pass,ascii_digits|ascii_letters|latin_ext_letters,hiragana|katakana|bopomofo,89,1,1,0
FZYanZQKSJW,train,FZYanZQKS,all_scripts,pass,,,ascii_digits|ascii_letters|latin_ext_letters|hiragana|katakana|bopomofo,,295,1,1,0
FZYaoDHJW,train,FZYaoDH,all_scripts,pass,,,ascii_digits|ascii_letters|latin_ext_letters|hiragana|katakana|bopomofo,,295,1,1,0
FZYiBSLSJW,train,FZYiBSLS,all_scripts,pass,,,ascii_digits|ascii_letters|latin_ext_letters|hiragana|katakana|bopomofo,,295,1,1,0
FZYiHJW,train,FZYiH,all_scripts,pass,,,ascii_digits|ascii_letters|latin_ext_letters|hiragana|katakana|bopomofo,,295,1,1,0
FZYiHTJW-EB,train,FZYiHTJW,all_scripts,pass,,,ascii_digits|ascii_letters|latin_ext_letters|hiragana|katakana|bopomofo,,295,1,1,0
FZYiMSJW-T,train,FZYiMSJW-T,all_scripts,pass,,,ascii_digits|ascii_letters|latin_ext_letters|hiragana|katakana|bopomofo,,295,1,1,0
FZYiSJW_Te,train,FZYiSJW,no_bopomofo,drop,pass,,ascii_digits|ascii_letters|latin_ext_letters|hiragana|katakana,bopomofo,258,1,1,0
FZYiXTJW-EB,train,FZYiXTJW,all_scripts,pass,,,ascii_digits|ascii_letters|latin_ext_letters|hiragana|katakana|bopomofo,,295,1,1,0
FZYiZTJW-EB,train,FZYiZTJW,all_scripts,pass,,,ascii_digits|ascii_letters|latin_ext_letters|hiragana|katakana|bopomofo,,295,1,1,0
FZYongDHJW-T,train,FZYongDHJW-T,all_scripts,pass,,,ascii_digits|ascii_letters|latin_ext_letters|hiragana|katakana|bopomofo,,295,1,1,0
FZYongKTJ,train,FZYongKTJ,no_bopomofo,drop,pass,,ascii_digits|ascii_letters|latin_ext_letters|hiragana|katakana,bopomofo,258,1,1,0
FZYooncheQWHJW-B,train,FZYooncheQWHJW,han_latin_digit,drop,drop,pass,ascii_digits|ascii_letters|latin_ext_letters,hiragana|katakana|bopomofo,89,1,1,0
FZYouHJW_508R,train,FZYouHJW_508R,all_scripts,pass,,,ascii_digits|ascii_letters|latin_ext_letters|hiragana|katakana|bopomofo,,295,1,1,0
FZYouHJW_509R,train,FZYouHJW_509R,all_scripts,pass,,,ascii_digits|ascii_letters|latin_ext_letters|hiragana|katakana|bopomofo,,295,1,1,0
FZYouHJW_510M,train,FZYouHJW_510M,all_scripts,pass,,,ascii_digits|ascii_letters|latin_ext_letters|hiragana|katakana|bopomofo,,295,1,1,0
FZYouHJW_511M,train,FZYouHJW_511M,all_scripts,pass,,,ascii_digits|ascii_letters|latin_ext_letters|hiragana|katakana|bopomofo,,295,1,1,0
FZYouHJW_512B,train,FZYouHJW_512B,all_scripts,pass,,,ascii_digits|ascii_letters|latin_ext_letters|hiragana|katakana|bopomofo,,295,1,1,0
FZYouHJW_513B,train,FZYouHJW_513B,all_scripts,pass,,,ascii_digits|ascii_letters|latin_ext_letters|hiragana|katakana|bopomofo,,295,1,1,0
FZYouHK_508R,train,FZYouHK_508R,all_scripts,pass,,,ascii_digits|ascii_letters|latin_ext_letters|hiragana|katakana|bopomofo,,295,1,1,0
FZYouHK_509R,train,FZYouHK_509R,all_scripts,pass,,,ascii_digits|ascii_letters|latin_ext_letters|hiragana|katakana|bopomofo,,295,1,1,0
FZYouHK_510M,train,FZYouHK_510M,all_scripts,pass,,,ascii_digits|ascii_letters|latin_ext_letters|hiragana|katakana|bopomofo,,295,1,1,0
FZYouHK_511M,val,FZYouHK_511M,all_scripts,pass,,,ascii_digits|ascii_letters|latin_ext_letters|hiragana|katakana|bopomofo,,295,1,0,1
FZYouHK_512B,train,FZYouHK_512B,all_scripts,pass,,,ascii_digits|ascii_letters|latin_ext_letters|hiragana|katakana|bopomofo,,295,1,1,0
FZYouHK_513B,train,FZYouHK_513B,all_scripts,pass,,,ascii_digits|ascii_letters|latin_ext_letters|hiragana|katakana|bopomofo,,295,1,1,0
FZYouSJJW_507R,train,FZYouSJJW_507R,all_scripts,pass,,,ascii_digits|ascii_letters|latin_ext_letters|hiragana|katakana|bopomofo,,295,1,1,0
FZYouSJJW_508R,train,FZYouSJJW_508R,all_scripts,pass,,,ascii_digits|ascii_letters|latin_ext_letters|hiragana|katakana|bopomofo,,295,1,1,0
FZYouSJJW_509R,train,FZYouSJJW_509R,all_scripts,pass,,,ascii_digits|ascii_letters|latin_ext_letters|hiragana|katakana|bopomofo,,295,1,1,0
FZYouSTJW-B,train,FZYouSTJW,all_scripts,pass,,,ascii_digits|ascii_letters|latin_ext_letters|hiragana|katakana|bopomofo,,295,1,1,0
FZYouYSJW-R,train,FZYouYSJW,all_scripts,pass,,,ascii_digits|ascii_letters|latin_ext_letters|hiragana|katakana|bopomofo,,295,1,1,0
FZYuLTJW-EB,train,FZYuLTJW,all_scripts,pass,,,ascii_digits|ascii_letters|latin_ext_letters|hiragana|katakana|bopomofo,,295,1,1,0
FZYuYCTJW,train,FZYuYCT,all_scripts,pass,,,ascii_digits|ascii_letters|latin_ext_letters|hiragana|katakana|bopomofo,,295,1,1,0
FZYunHJW-EB,train,FZYunHJW,all_scripts,pass,,,ascii_digits|ascii_letters|latin_ext_letters|hiragana|katakana|bopomofo,,295,1,1,0
FZYunLTJW,train,FZYunLT,all_scripts,pass,,,ascii_digits|ascii_letters|latin_ext_letters|hiragana|katakana|bopomofo,,295,1,1,0
FZZDHJW,train,FZZDH,han_latin_digit,drop,drop,pass,ascii_digits|ascii_letters|latin_ext_letters,hiragana|katakana|bopomofo,89,1,1,0
FZZHJW,val,FZZH,all_scripts,pass,,,ascii_digits|ascii_letters|latin_ext_letters|hiragana|katakana|bopomofo,,295,1,0,1
FZZJ-ZWJBTJW,train,FZZJ-ZWJBT,all_scripts,pass,,,ascii_digits|ascii_letters|latin_ext_letters|hiragana|katakana|bopomofo,,295,1,1,0
FZZanMTJW_Te,val,FZZanMTJW,no_bopomofo,drop,pass,,ascii_digits|ascii_letters|latin_ext_letters|hiragana|katakana,bopomofo,258,1,0,1
FZZhaoJSJSJW,train,FZZhaoJSJS,all_scripts,pass,,,ascii_digits|ascii_letters|latin_ext_letters|hiragana|katakana|bopomofo,,295,1,1,0
FZZhenSYJW,train,FZZhenSY,no_bopomofo,drop,pass,,ascii_digits|ascii_letters|latin_ext_letters|hiragana|katakana,bopomofo,258,1,1,0
FZZhiXHJW-R,train,FZZhiXHJW,all_scripts,pass,,,ascii_digits|ascii_letters|latin_ext_letters|hiragana|katakana|bopomofo,,295,1,1,0
FZZhongYSJW_Te,val,FZZhongYSJW,no_bopomofo,drop,pass,,ascii_digits|ascii_letters|latin_ext_letters|hiragana|katakana,bopomofo,258,1,0,1
FZZhuoHJW,train,FZZhuoH,han_latin_digit,drop,drop,pass,ascii_digits|ascii_letters|latin_ext_letters,hiragana|katakana|bopomofo,89,1,1,0
FZZhuoQHJW,train,FZZhuoQH,exclude,drop,drop,drop,,ascii_digits|ascii_letters|latin_ext_letters|hiragana|katakana|bopomofo,0,0,0,0
FZZiHJW,train,FZZiH,all_scripts,pass,,,ascii_digits|ascii_letters|latin_ext_letters|hiragana|katakana|bopomofo,,295,1,1,0
FZZiRTJW-EB,train,FZZiRTJW,all_scripts,pass,,,ascii_digits|ascii_letters|latin_ext_letters|hiragana|katakana|bopomofo,,295,1,1,0
FZZiZDKJW,train,FZZiZDK,no_bopomofo,drop,pass,,ascii_digits|ascii_letters|latin_ext_letters|hiragana|katakana,bopomofo,258,1,1,0
FZZiZLDJW,train,FZZiZLD,no_bopomofo,drop,pass,,ascii_digits|ascii_letters|latin_ext_letters|hiragana|katakana,bopomofo,258,1,1,0
FZZiZQXDCJW,train,FZZiZQXDC,no_bopomofo,drop,pass,,ascii_digits|ascii_letters|latin_ext_letters|hiragana|katakana,bopomofo,258,1,1,0
FZZuanSTJW_Da,train,FZZuanSTJW,no_bopomofo,drop,pass,,ascii_digits|ascii_letters|latin_ext_letters|hiragana|katakana,bopomofo,258,1,1,0
FZZuoZJHJW-B,train,FZZuoZJHJW,all_scripts,pass,,,ascii_digits|ascii_letters|latin_ext_letters|hiragana|katakana|bopomofo,,295,1,1,0
FZquanfuti,train,FZquanfuti,no_bopomofo,drop,pass,,ascii_digits|ascii_letters|latin_ext_letters|hiragana|katakana,bopomofo,258,1,1,0
TSTanHJW-R,train,TSTanHJW,all_scripts,pass,,,ascii_digits|ascii_letters|latin_ext_letters|hiragana|katakana|bopomofo,,295,1,1,0
