font	display_name	source	split	family_group	family_size	siblings
4314d6a5	手迹I Cat体	0917	train	4314d6a5	1	
5f132397	手迹南门体	0917	train	5f132397	1	
FZAiSJW	方正爱莎简体	0917	train	FZAiSJW	3	FZAiSJW_Cu | FZAiSJW_Xian
FZAiSJW_Cu	方正爱莎简体 Bold	0917	train	FZAiSJW	3	FZAiSJW | FZAiSJW_Xian
FZAiSJW_Xian	方正爱莎简体 ExtraLight	0917	train	FZAiSJW	3	FZAiSJW | FZAiSJW_Cu
FZBGDT	方正不孤独体	0917	train	FZBGDT	1	
FZBITMAPFENGJW	方正点阵冯简体	0917	train	FZBITMAPFENGJW	1	
FZBaDSRXKJW	方正八大山人行楷 简	0917	train	FZBaDSRXKJW	1	
FZBaiZBYTJW	FZBaiZBYTJW	0913	train	FZBaiZBYTJW	1	
FZBaiZDZ113JW	方正白舟大髭113 简	0917	train	FZBaiZDZ113JW	1	
FZBaiZDZ115JW	FZBaiZDZ115JW	0913	train	FZBaiZDZ115JW	1	
FZBaiZJDTJW	方正白舟京都体 简	0917	train	FZBaiZJDTJW	1	
FZBaiZJHTJW	FZBaiZJHTJW	0913	train	FZBaiZJHTJW	2	FZBaiZJHTJW-L
FZBaiZJHTJW-L	方正白舟劲海体 简 Light	0917	train	FZBaiZJHTJW	2	FZBaiZJHTJW
FZBaiZJKJW	FZBaiZJKJW	0913	train	FZBaiZJKJW	1	
FZBaiZRZTJW	FZBaiZRZTJW	0913	train	FZBaiZRZTJW	1	
FZBaiZWGTJW	FZBaiZWGTJW	0913	train	FZBaiZWGTJW	1	
FZBangSKLTJW	FZBangSKLTJW	0913	train	FZBangSKLTJW	1	
FZBaoCTJW	方正宝城体 简	0917	train	FZBaoCTJW	2	FZBaoCTJW_Te
FZBaoCTJW_Te	FZBaoCTJW_Te	0913	train	FZBaoCTJW	2	FZBaoCTJW
FZBaoHTJW_Da	FZBaoHTJW_Da	0913	train	FZBaoHTJW_Da	1	
FZBenMKYJW	FZBenMKYJW	0913	train	FZBenMKYJW	1	
FZBenMWYJW	FZBenMWYJW	0913	train	FZBenMWYJW	1	
FZBenMXYTJW_Italic	FZBenMXYTJW_Italic	0913	train	FZBenMXYTJW_Italic	1	
FZBenMZZZHJW	FZBenMZZZHJW	0913	train	FZBenMZZZHJW	1	
FZBiaoYTJW	FZBiaoYTJW	0913	train	FZBiaoYTJW	1	
FZBingMYTJW	方正兵马俑体 简	0917	train	FZBingMYTJW	1	
FZBoRDKJW	方正般若大楷 简	0917	train	FZBoRDKJW	1	
FZBoYTJW-B	方正波影体 简 Bold	0917	train	FZBoYTJW-B	2	FZBoYTJW-L
FZBoYTJW-L	方正波影体 简 Light	0917	train	FZBoYTJW-B	2	FZBoYTJW-B
FZCCHJW	FZCCHJW	0913	train	FZCCHJW	1	
FZCHYJW	FZCHYJW	0913	train	FZCHYJW	1	
FZCQJW	FZCQJW	0913	train	FZCQJW	1	
FZCangYHJW	FZCangYHJW	0913	train	FZCangYHJW	1	
FZChaoLTJW	方正潮流体 简	0917	train	FZChaoLTJW	2	FZChaoLTJW_Te
FZChaoLTJW_Te	FZChaoLTJW_Te	0913	train	FZChaoLTJW	2	FZChaoLTJW
FZChaoZTJW_EB	FZChaoZTJW_EB	0913	train	FZChaoZTJW_EB	1	
FZChenQTJW	FZChenQTJW	0913	train	FZChenQTJW	1	
FZChiDTJW	FZChiDTJW	0913	train	FZChiDTJW	1	
FZCuYSJ_V2	FZCuYSJ_V2	0913	train	FZCuYSJ_V2	1	
FZDaDXMTJW	FZDaDXMTJW	0913	train	FZDaDXMTJW	1	
FZDaLTJW	方正达利体简体	0917	train	FZDaLTJW	1	
FZDeSHJW_507R	FZDeSHJW_507R	0913	train	FZDeSHJW_507R	9	FZDeSHJW_508R | FZDeSHJW_509R | FZDeSHJW_510M | FZDeSHJW_511M | FZDeSHJW_512B | FZDeSHJW_513B | FZDeSHJW_514H | FZDeSHJW_515H
FZDeSHJW_508R	FZDeSHJW_508R	0913	train	FZDeSHJW_507R	9	FZDeSHJW_507R | FZDeSHJW_509R | FZDeSHJW_510M | FZDeSHJW_511M | FZDeSHJW_512B | FZDeSHJW_513B | FZDeSHJW_514H | FZDeSHJW_515H
FZDeSHJW_509R	FZDeSHJW_509R	0913	train	FZDeSHJW_507R	9	FZDeSHJW_507R | FZDeSHJW_508R | FZDeSHJW_510M | FZDeSHJW_511M | FZDeSHJW_512B | FZDeSHJW_513B | FZDeSHJW_514H | FZDeSHJW_515H
FZDeSHJW_510M	FZDeSHJW_510M	0913	train	FZDeSHJW_507R	9	FZDeSHJW_507R | FZDeSHJW_508R | FZDeSHJW_509R | FZDeSHJW_511M | FZDeSHJW_512B | FZDeSHJW_513B | FZDeSHJW_514H | FZDeSHJW_515H
FZDeSHJW_511M	FZDeSHJW_511M	0913	train	FZDeSHJW_507R	9	FZDeSHJW_507R | FZDeSHJW_508R | FZDeSHJW_509R | FZDeSHJW_510M | FZDeSHJW_512B | FZDeSHJW_513B | FZDeSHJW_514H | FZDeSHJW_515H
FZDeSHJW_512B	FZDeSHJW_512B	0913	train	FZDeSHJW_507R	9	FZDeSHJW_507R | FZDeSHJW_508R | FZDeSHJW_509R | FZDeSHJW_510M | FZDeSHJW_511M | FZDeSHJW_513B | FZDeSHJW_514H | FZDeSHJW_515H
FZDeSHJW_513B	FZDeSHJW_513B	0913	train	FZDeSHJW_507R	9	FZDeSHJW_507R | FZDeSHJW_508R | FZDeSHJW_509R | FZDeSHJW_510M | FZDeSHJW_511M | FZDeSHJW_512B | FZDeSHJW_514H | FZDeSHJW_515H
FZDeSHJW_514H	FZDeSHJW_514H	0913	train	FZDeSHJW_507R	9	FZDeSHJW_507R | FZDeSHJW_508R | FZDeSHJW_509R | FZDeSHJW_510M | FZDeSHJW_511M | FZDeSHJW_512B | FZDeSHJW_513B | FZDeSHJW_515H
FZDengHLJW	方正邓黑隶简体	0917	train	FZDengHLJW	1	
FZDengXHJW-B	FZDengXHJW-B	0913	train	FZDengXHJW-B	1	
FZDiHTJ_Te	方正帝后体简体 Heavy	0917	train	FZDiHTJ_Te	3	FZDiHTJ_Xian | FZDiHTJ_Zhun
FZDiHTJ_Xian	方正帝后体简体 ExtraLight	0917	train	FZDiHTJ_Te	3	FZDiHTJ_Te | FZDiHTJ_Zhun
FZDiHTJ_Zhun	方正帝后体简体 Medium	0917	train	FZDiHTJ_Te	3	FZDiHTJ_Te | FZDiHTJ_Xian
FZDongGSJW-L	FZDongGSJW-L	0913	train	FZDongGSJW-L	1	
FZDouSDYWTJW-B	FZDouSDYWTJW-B	0913	train	FZDouSDYWTJW-B	1	
FZDuHJW_Cu	FZDuHJW_Cu	0913	train	FZDuHJW_Cu	1	
FZDunHJSJW	方正敦煌经书 简	0917	train	FZDunHJSJW	1	
FZFWHuanLTJW	FZFWHuanLTJW	0913	train	FZFWHuanLTJW	1	
FZFWQingYLJW	FZFWQingYLJW	0913	train	FZFWQingYLJW	1	
FZFWTongQPOPTJW	FZFWTongQPOPTJW	0913	train	FZFWTongQPOPTJW	1	
FZFWZhuZGDLHJW	FZFWZhuZGDLHJW	0913	train	FZFWZhuZGDLHJW	1	
FZFWZhuZGDLMCJW	FZFWZhuZGDLMCJW	0913	train	FZFWZhuZGDLMCJW	1	
FZFWZhuZGDSHJW	FZFWZhuZGDSHJW	0913	train	FZFWZhuZGDSHJW	1	
FZFWZhuZGDSMCJW	FZFWZhuZGDSMCJW	0913	train	FZFWZhuZGDSMCJW	1	
FZFWZhuZLSHTJWB	FZFWZhuZLSHTJWB	0913	train	FZFWZhuZLSHTJWB	1	
FZFWZhuZiABiaoTMCJW	FZFWZhuZiABiaoTMCJW	0913	train	FZFWZhuZiABiaoTMCJW	1	
FZFWZhuZiHeiD	FZFWZhuZiHeiD	0913	train	FZFWZhuZiHeiD	1	
FZFWZhuZiHeiE	FZFWZhuZiHeiE	0913	train	FZFWZhuZiHeiE	1	
FZFWZhuZiHeiH	FZFWZhuZiHeiH	0913	train	FZFWZhuZiHeiH	1	
FZFWZhuZiHeiL	FZFWZhuZiHeiL	0913	train	FZFWZhuZiHeiL	1	
FZFWZhuZiHeiM	FZFWZhuZiHeiM	0913	train	FZFWZhuZiHeiM	1	
FZFWZhuZiHeiR	FZFWZhuZiHeiR	0913	train	FZFWZhuZiHeiR	1	
FZFWZhuZiHeiU	FZFWZhuZiHeiU	0913	train	FZFWZhuZiHeiU	1	
FZFWZhuZiMinchoD	FZFWZhuZiMinchoD	0913	train	FZFWZhuZiMinchoD	1	
FZFXKTJW	FZFXKTJW	0913	train	FZFXKTJW	1	
FZFeiSJW-EL	FZFeiSJW-EL	0913	train	FZFeiSJW-EL	1	
FZFeiYTJW	方正飞跃体 简	0917	train	FZFeiYTJW	2	FZFeiYTJW_Te
FZFeiYTJW_Te	FZFeiYTJW_Te	0913	train	FZFeiYTJW	2	FZFeiYTJW
FZFeiYiTJW-EB	FZFeiYiTJW-EB	0913	train	FZFeiYiTJW-EB	1	
FZFenSTXJW	方正粉丝天下简体	0917	train	FZFenSTXJW	1	
FZFengBPYTJW	方正风波飘逸体 简	0917	train	FZFengBPYTJW	1	
FZFengRSTJW-B	方正风入松体 简 Bold	0917	train	FZFengRSTJW-B	2	FZFengRSTJW-R
FZFengRSTJW-R	方正风入松体 简	0917	train	FZFengRSTJW-B	2	FZFengRSTJW-B
FZFengYSJW-EL	方正风雅宋 简 ExtraLight	0917	train	FZFengYSJW-EL	1	
FZFengZTJW-B	方正风姿体 简 Bold	0917	train	FZFengZTJW-B	3	FZFengZTJW-EB | FZFengZTJW-M
FZFengZTJW-EB	FZFengZiTiS ExtraBold	0917	train	FZFengZTJW-B	3	FZFengZTJW-B | FZFengZTJW-M
FZFengZTJW-M	方正风姿体 简 Medium	0917	train	FZFengZTJW-B	3	FZFengZTJW-B | FZFengZTJW-EB
FZFuGCHJW	FZFuGCHJW	0913	train	FZFuGCHJW	1	
FZFuGCSJW	方正复古粗宋简体	0917	train	FZFuGCSJW	1	
FZFuGCYJW	FZFuGCYJW	0913	train	FZFuGCYJW	1	
FZGDCTJW-L	FZGDCTJW-L	0913	train	FZGDCTJW-L	1	
FZGLJW	FZGLJW	0913	train	FZGLJW	1	
FZGangYTJ	FZGangYTJ	0913	train	FZGangYTJ	1	
FZGaoHeiJ	方正高黑 简	0917	train	FZGaoHeiJ	1	
FZGuangHTJW-H	FZGuangHTJW-H	0913	train	FZGuangHTJW-H	1	
FZHCJW	FZHCJW	0913	train	FZHCJW	1	
FZHZGBJW	FZHZGBJW	0913	train	FZHZGBJW	1	
FZHanSTJW	方正翰宋体 简	0917	train	FZHanSTJW	2	FZHanSTJW_Te
FZHanSTJW_Te	FZHanSTJW_Te	0913	train	FZHanSTJW	2	FZHanSTJW
FZHaoGGTTJW	FZHaoGGTTJW	0913	train	FZHaoGGTTJW	1	
FZHeJYSXZJW	FZHeJYSXZJW	0913	train	FZHeJYSXZJW	1	
FZHeYTJW-EB	FZHeYTJW-EB	0913	train	FZHeYTJW-EB	1	
FZHeiFJW-L	FZHeiFJW-L	0913	train	FZHeiFJW-L	1	
FZHengWHJ-L	FZHengWHJ-L	0913	train	FZHengWHJ-L	1	
FZHuaSKXTJW-H	FZHuaSKXTJW-H	0913	train	FZHuaSKXTJW-H	2	FZHuaSKXTJW-T
FZHuaSKXTJW-T	方正华思刻线体 简 Thin	0917	train	FZHuaSKXTJW-H	2	FZHuaSKXTJW-H
FZHuoLTJW	方正活龙体 简	0917	train	FZHuoLTJW	2	FZHuoLTJW_Te
FZHuoLTJW_Te	FZHuoLTJW_Te	0913	train	FZHuoLTJW	2	FZHuoLTJW
FZIwataFWTJW-H	FZIwataFWTJW-H	0913	train	FZIwataFWTJW-H	1	
FZJLJW	FZJLJW	0913	train	FZJLJW	1	
FZJZJW	FZJZJW	0913	train	FZJZJW	1	
FZJiHXTJW	方正几何新体 简	0917	train	FZJiHXTJW	1	
FZJianQRTJW	FZJianQRTJW	0913	train	FZJianQRTJW	1	
FZJianQTJW	方正剑气体 简	0917	train	FZJianQTJW	1	
FZJianZTJW-B	FZJianZTJW-B	0913	train	FZJianZTJW-B	1	
FZJiangYTJW_EB	FZJiangYTJW_EB	0913	train	FZJiangYTJW_EB	1	
FZJinCTJW	方正劲彩体 简	0917	train	FZJinCTJW	2	FZJinCTJW_Te
FZJinCTJW_Te	FZJinCTJW_Te	0913	train	FZJinCTJW	2	FZJinCTJW
FZJingKHJW	FZJingKHJW	0913	train	FZJingKHJW	1	
FZJingQSTJW_Cu	FZJingQSTJW_Cu	0913	train	FZJingQSTJW_Cu	1	
FZJingWTJW	方正劲舞体 简	0917	train	FZJingWTJW	3	FZJingWTJW_Cu | FZJingWTJW_Xian
FZJingWTJW_Cu	方正劲舞体 简 Bold	0917	train	FZJingWTJW	3	FZJingWTJW | FZJingWTJW_Xian
FZJingWTJW_Xian	方正劲舞体 简 ExtraLight	0917	train	FZJingWTJW	3	FZJingWTJW | FZJingWTJW_Cu
FZJuJTJW-L	FZJuJTJW-L	0913	train	FZJuJTJW-L	1	
FZJunTJW	FZJunTJW	0913	train	FZJunTJW	1	
FZKeSHBTJW	FZKeSHBTJW	0913	train	FZKeSHBTJW	1	
FZKuGHJW-H	FZKuGHJW-H	0913	train	FZKuGHJW-H	1	
FZKuaiSTJW	方正快速体 简	0917	train	FZKuaiSTJW	2	FZKuaiSTJW_Te
FZKuaiSTJW_Te	FZKuaiSTJW_Te	0913	train	FZKuaiSTJW	2	FZKuaiSTJW
FZKuaiYTJW_Te	FZKuaiYTJW_Te	0913	train	FZKuaiYTJW_Te	1	
FZLTHProJW_H	FZLTHProJW_H	0913	train	FZLTHProGBK_H	2	FZLTHProGBK_H
FZLaGBTTJW	方正拉勾标题体 简	0917	train	FZLaGBTTJW	2	FZLaGBTTJW_Da
FZLaGBTTJW_Da	FZLaGBTTJW_Da	0913	train	FZLaGBTTJW	2	FZLaGBTTJW
FZLangKBTJW1	FZLangKBTJW1	0913	train	FZLangKBTJW1	1	
FZLangKCTJW2	方正朗酷长体 简	0917	train	FZLangKCTJW2	1	
FZLangKFTJW3	FZLangKFTJW3	0913	train	FZLangKFTJW3	1	
FZLangYJW-L	方正朗圆 简 Light	0917	train	FZLangYJW-L	2	FZLangYJW-R
FZLangYJW-R	方正朗圆 简	0917	train	FZLangYJW-L	2	FZLangYJW-L
FZLengRSJW-B	FZLengRSJW-B	0913	train	FZLengRSJW-B	1	
FZLiDXYTJW	FZLiDXYTJW	0913	train	FZLiDXYTJW	1	
FZLiHJW-EB	FZLiHJW-EB	0913	train	FZLiHJW-EB	1	
FZLiQBLSJW	FZLiQBLSJW	0913	train	FZLiQBLSJW	1	
FZLiYHJW-EL	FZLiYHJW-EL	0913	train	FZLiYHJW-EL	1	
FZLiangHJW-EB	方正亮黑 简 ExtraBold	0917	train	FZLiangHJW-EB	2	FZLiangHJW-L
FZLiangHJW-L	方正亮黑 简 Light	0917	train	FZLiangHJW-EB	2	FZLiangHJW-EB
FZLingDTJW-B	方正灵动体 简 Bold	0917	train	FZLingDTJW-B	2	FZLingDTJW-L
FZLingDTJW-L	方正灵动体 简 Light	0917	train	FZLingDTJW-B	2	FZLingDTJW-B
FZLingFJXKJW	方正灵飞经小楷 简	0917	train	FZLingFJXKJW	1	
FZLiuBSLSJW	FZLiuBSLSJW	0913	train	FZLiuBSLSJW	1	
FZLiuCTJW	方正流畅体 简	0917	train	FZLiuCTJW	2	FZLiuCTJW_Te
FZLiuCTJW_Te	FZLiuCTJW_Te	0913	train	FZLiuCTJW	2	FZLiuCTJW
FZLongKSKSJW	FZLongKSKSJW	0913	train	FZLongKSKSJW	1	
FZLouLTJW-EB	方正楼兰体 简 ExtraBold	0917	train	FZLouLTJW-EB	2	FZLouLTJW-R
FZLouLTJW-R	方正楼兰体 简	0917	train	FZLouLTJW-EB	2	FZLouLTJW-EB
FZLuXTJW	FZLuXTJW	0913	train	FZLuXTJW	1	
FZLuoDTJW	方正FW罗丹体 简	0917	train	FZLuoDTJW	1	
FZLuoMTJW-L	方正罗曼体 简 Light	0917	train	FZLuoMTJW-L	2	FZLuoMTJW-R
FZLuoMTJW-R	方正罗曼体 简	0917	train	FZLuoMTJW-L	2	FZLuoMTJW-L
FZLuoMXTJW-EB	方正罗曼斜体 简 ExtraBold	0917	train	FZLuoMXTJW-EB	2	FZLuoMXTJW-M
FZLuoMXTJW-M	方正罗曼斜体 简 Medium	0917	train	FZLuoMXTJW-EB	2	FZLuoMXTJW-EB
FZMaKTJW	方正马克体 简	0917	train	FZMaKTJW	1	
FZMaLTJW	方正玛丽体 简	0917	train	FZMaLTJW	2	FZMaLTJW_Da
FZMaLTJW_Da	FZMaLTJW_Da	0913	train	FZMaLTJW	2	FZMaLTJW
FZManYTJW-H	FZManYTJW-H	0913	train	FZManYTJW-H	2	FZManYTJW-T
FZManYTJW-T	方正蛮腰体 简 Thin	0917	train	FZManYTJW-H	2	FZManYTJW-H
FZMengHHXJW-EB	方正梦幻火星体 简 ExtraBold	0917	train	FZMengHHXJW-EB	2	FZMengHHXJW-EL
FZMengHHXJW-EL	方正梦幻火星体 简 ExtraLight	0917	train	FZMengHHXJW-EB	2	FZMengHHXJW-EB
FZMengYTJW	方正萌艺体 简	0917	train	FZMengYTJW	1	
FZMiaoYTJW-H	FZMiaoYTJW-H	0913	train	FZMiaoYTJW-H	1	
FZMingCTJW-EB	FZMingCTJW-EB	0913	train	FZMingCTJW-EB	1	
FZMingMTJW-EB	FZMingMTJW-EB	0913	train	FZMingMTJW-EB	1	
FZMingZTJW-EB	FZMingZhuTiS ExtraBold	0917	train	FZMingZTJW-EB	1	
FZMoDTJW_Cu	FZMoDTJW_Cu	0913	train	FZMoDTJW_Cu	1	
FZMoFHJW	FZMoFHJW	0913	train	FZMoFHJW	1	
FZMoYTJW-L	FZMoYTJW-L	0913	train	FZMoYTJW-L	1	
FZOneFamily-Bold	FZOneFamily-Bold	0913	train	FZOneFamily-Bold	1	
FZOuYHGXSJW	方正欧阳荷庚行书 简	0917	train	FZOuYHGXSJW	1	
FZOuYXKSJW	FZOuYXKSJW	0913	train	FZOuYXKSJW	1	
FZPANGPBJW	方正胖胖白 简	0917	train	FZPANGPBJW	1	
FZPTYJW	FZPTYJW	0913	train	FZPTYJW	1	
FZPWJW	FZPWJW	0913	train	FZPWJW	1	
FZPanDLTJW	FZPanDLTJW	0913	train	FZPanDLTJW	1	
FZPangPHJW	方正胖胖黑 简	0917	train	FZPangPHJW	1	
FZPiaoCTJW	FZPiaoCTJW	0913	train	FZPiaoCTJW	1	
FZPiaoTJW	方正飘体 简	0917	train	FZPiaoTJW	3	FZPiaoTJW_Cu | FZPiaoTJW_Xi
FZPiaoTJW_Cu	FZPiaoTiS Bold	0917	train	FZPiaoTJW	3	FZPiaoTJW | FZPiaoTJW_Xi
FZPiaoTJW_Xi	方正飘体 简 Light	0917	train	FZPiaoTJW	3	FZPiaoTJW | FZPiaoTJW_Cu
FZPiaoYSJW	方正飘逸宋 简	0917	train	FZPiaoYSJW	1	
FZQINGSTJW	方正情圣体 简	0917	train	FZQINGSTJW	1	
FZQKBYSJW	FZQKBYSJW	0913	train	FZQKBYSJW	1	
FZQiMTJW	方正奇妙体 简	0917	train	FZQiMTJW	3	FZQiMTJW_Xian | FZQiMTJW_Zhun
FZQiMTJW_Xian	方正奇妙体 简 ExtraLight	0917	train	FZQiMTJW	3	FZQiMTJW | FZQiMTJW_Zhun
FZQiMTJW_Zhun	方正奇妙体 简 Medium	0917	train	FZQiMTJW	3	FZQiMTJW | FZQiMTJW_Xian
FZQiSTJW-EB	FZQiSTJW-EB	0913	train	FZQiSTJW-EB	1	
FZQianWTJW	方正前卫体 简	0917	train	FZQianWTJW	3	FZQianWTJW_Te | FZQianWTJW_Xian
FZQianWTJW_Te	方正前卫体 简 Heavy	0917	train	FZQianWTJW	3	FZQianWTJW | FZQianWTJW_Xian
FZQianWTJW_Xian	方正前卫体 简 ExtraLight	0917	train	FZQianWTJW	3	FZQianWTJW | FZQianWTJW_Te
FZQiangKTJW	方正强克体 简	0917	train	FZQiangKTJW	1	
FZQingFSJW_Xi	FZQingFSJW_Xi	0913	train	FZQingFSJW_Xi	1	
FZQingKBYSJW-EL	FZQingKBYSJW-EL	0913	train	FZQingKBYSJW-EL	1	
FZQingLTJW_Xian	FZQingLTJW_Xian	0913	train	FZQingLTJW_Xian	1	
FZQingLuTJW-EB	FZQingLuTJW-EB	0913	train	FZQingLuTJW-EB	1	
FZQiuDYRHJW	FZQiuDYRHJW	0913	train	FZQiuDYRHJW	1	
FZRuiZHJW	FZRuiZHJW	0913	train	FZRuiZHJW	1	
FZRuiZHLTJW	FZRuiZHLTJW	0913	train	FZRuiZHLTJW	1	
FZRunKJW-T	FZRunKJW-T	0913	train	FZRunKJW-T	1	
FZRunYYSJW	FZRunYYSJW	0913	train	FZRunYYSJW	1	
FZSJ-CHAOJXHN	超级喜欢你	0917	train	FZSJ-CHAOJXHN	1	
FZSJ-KEADKA	可爱得可爱	0917	train	FZSJ-KEADKA	1	
FZSJ-NUANNXWC	暖暖下午茶	0917	train	FZSJ-NUANNXWC	1	
FZSJ-QIYXRYY	七月夏日炎炎	0917	train	FZSJ-QIYXRYY	1	
FZSJ-WOSJJ	我是静静	0917	train	FZSJ-WOSJJ	1	
FZSJ-WULXEM	污力小恶魔	0917	train	FZSJ-WULXEM	1	
FZSJ-XIAOHBZLL	小黑 不再流浪	0917	train	FZSJ-XIAOHBZLL	1	
FZSJ-XIDPB	喜大普奔	0917	train	FZSJ-XIDPB	1	
FZShanCPXJW	FZShanCPXJW	0913	train	FZShanCPXJW	1	
FZShangYTJW	FZShangYTJW	0913	train	FZShangYTJW	1	
FZShaoLGFTJW	方正少林功夫体 简	0917	train	FZShaoLGFTJW	1	
FZShenTJHHTJW	FZShenTJHHTJW	0913	train	FZShenTJHHTJW	1	
FZShengSKSJW_Zhun	方正盛世楷书简体_准	0917	train	FZShengSKSJW_Zhun	1	
FZShiGKSJW	FZShiGKSJW	0913	train	FZShiGKSJW	1	
FZShiGKSK	FZShiGKSK	0913	train	FZShiGKSK	1	
FZShiSTJW-B	FZShiSTJW-B	0913	train	FZShiSTJW-B	1	
FZShiTSJW	方正诗甜宋 简	0917	train	FZShiTSJW	2	FZShiTSJW_Te
FZShiTSJW_Te	FZShiTSJW_Te	0913	train	FZShiTSJW	2	FZShiTSJW
FZShuLTJW-H	FZShuLTJW-H	0913	train	FZShuLTJW-H	1	
FZShuQTJW	FZShuQTJW	0913	train	FZShuQTJW	1	
FZShuYTJW-L	方正淑雅体 简 Light	0917	train	FZShuYTJW-L	1	
FZShuangQTJW_Te	FZShuangQTJW_Te	0913	train	FZShuangQTJW_Te	1	
FZShuiYJW	FZShuiYJW	0913	train	FZShuiYJW	1	
FZSiBTJW	方正丝帛体 简	0917	train	FZSiBTJW	2	FZSiBTJW_Te
FZSiBTJW_Te	FZSiBTJW_Te	0913	train	FZSiBTJW	2	FZSiBTJW
FZSiLTJW_Cu	方正丝路体 简 Bold	0917	train	FZSiLTJW_Cu	2	FZSiLTJW_Xian
FZSiLTJW_Xian	方正丝路体 简 ExtraLight	0917	train	FZSiLTJW_Cu	2	FZSiLTJW_Cu
FZSiLanTJW	FZSiLanTJW	0913	train	FZSiLanTJW	1	
FZSiNTJW-H	FZSiNTJW-H	0913	train	FZSiNTJW-H	3	FZSiNTJW-UB | FZSiNTJW-UL
FZSiNTJW-UB	FZSiNTJW-UB	0913	train	FZSiNTJW-H	3	FZSiNTJW-H | FZSiNTJW-UL
FZSiNTJW-UL	FZSiNTJW-UL	0913	train	FZSiNTJW-H	3	FZSiNTJW-H | FZSiNTJW-UB
FZSongYJW	FZSongYJW	0913	train	FZSongYJW	2	FZSongYuanK
FZSongYuanK	FZSongYuanK	0913	train	FZSongYJW	2	FZSongYJW
FZSuXSGYSJW	方正苏新诗古印宋 简	0917	train	FZSuXSGYSJW	1	
FZSuXSMCTJW	方正苏新诗毛糙体 简	0917	train	FZSuXSMCTJW	1	
FZSuXSMZTJW	方正苏新诗墨渍体 简	0917	train	FZSuXSMZTJW	1	
FZTaiHTJW-H	FZTaiHTJW-H	0913	train	FZTaiHTJW-H	1	
FZTanHTJW	方正坦黑体 简	0917	train	FZTanHTJW	2	FZTanHTJW_Da
FZTanHTJW_Da	FZTanHTJW_Da	0913	train	FZTanHTJW	2	FZTanHTJW
FZTiHJW	FZTiHJW	0913	train	FZTiHJW	1	
FZTieXHJW	FZTieXHJW	0913	train	FZTieXHJW	3	FZTieXHJW_Xi | FZTieXHJW_Zhun
FZTieXHJW_Xi	方正铁线黑 简 Light	0917	train	FZTieXHJW	3	FZTieXHJW | FZTieXHJW_Zhun
FZTieXHJW_Zhun	方正铁线黑 简 Medium	0917	train	FZTieXHJW	3	FZTieXHJW | FZTieXHJW_Xi
FZVDLGTMCJW-L	FZVDLGTMCJW-L	0913	train	FZVDLGTMCJW-L	1	
FZVDLJianZHJW-H	FZVDLJianZHJW-H	0913	train	FZVDLJianZHJW-H	1	
FZVDLJiaoRHJW-T	FZVDLJiaoRHJW-T	0913	train	FZVDLJiaoRHJW-T	1	
FZVDLJieYTJW-B	FZVDLJieYTJW-B	0913	train	FZVDLJieYTJW-B	1	
FZVDLJingQSJ-H	方正VDL京千社 简 Heavy	0917	train	FZVDLJingQSJ-H	3	FZVDLJingQSJ-L | FZVDLJingQSJ-T
FZVDLJingQSJ-L	方正VDL京千社 简 Light	0917	train	FZVDLJingQSJ-H	3	FZVDLJingQSJ-H | FZVDLJingQSJ-T
FZVDLJingQSJ-T	方正VDL京千社 简 Thin	0917	train	FZVDLJingQSJ-H	3	FZVDLJingQSJ-H | FZVDLJingQSJ-L
FZVDLXinZTJW-R	FZVDLXinZTJW-R	0913	train	FZVDLXinZTJW-R	1	
FZVDLZhaoHJW-H	FZVDLZhaoHJW-H	0913	train	FZVDLZhaoHJW-H	1	
FZVariable-YouSongJ	FZVariable-YouSongJ	0913	train	FZVariable-YouSongJ	1	
FZWBJW	FZWBJW	0913	train	FZWBJW	1	
FZWZZYJW	FZWZZYJW	0913	train	FZWZZYJW	1	
FZWanBTJW	方正玩伴体 简	0917	train	FZWanBTJW	2	FZWanBTJW_Xian
FZWanBTJW_Xian	方正玩伴体 简 ExtraLight	0917	train	FZWanBTJW	2	FZWanBTJW
FZWeiWTJW	FZWeiWTJW	0913	train	FZWeiWTJW	1	
FZWeiYHJW	FZWeiYHJW	0913	train	FZWeiYHJW	1	
FZWenHYBTJW	FZWenHYBTJW	0913	train	FZWenHYBTJW	1	
FZWenZMXCJW	FZWenZMXCJW	0913	train	FZWenZMXCJW	1	
FZWuYTJW	FZWuYTJW	0913	train	FZWuYTJW	1	
FZXLB	方正秀麗	0917	train	FZXLB	1	
FZXiXSLSJW	FZXiXSLSJW	0913	train	FZXiXSLSJW	1	
FZXianWTJW	FZXianWTJW	0913	train	FZXianWTJW	2	FZXianWTJW_Zhun
FZXianWTJW_Zhun	方正纤舞体 简 Medium	0917	train	FZXianWTJW	2	FZXianWTJW
FZXianWXTJW-L	FZXianWXTJW-L	0913	train	FZXianWXTJW-L	1	
FZXianYSTJW	方正献逸书体 简	0917	train	FZXianYSTJW	1	
FZXiangHJW-M	FZXiangHJW-M	0913	train	FZXiangHJW-M	1	
FZXiangPZTJW	方正橡皮章体 简	0917	train	FZXiangPZTJW	3	FZXiangPZTJW_Da | FZXiangPZTJW_Xian
FZXiangPZTJW_Da	方正橡皮章体 简 ExtraBold	0917	train	FZXiangPZTJW	3	FZXiangPZTJW | FZXiangPZTJW_Xian
FZXiangPZTJW_Xian	方正橡皮章体 简 ExtraLight	0917	train	FZXiangPZTJW	3	FZXiangPZTJW | FZXiangPZTJW_Da
FZXiaoSSJW_Te	FZXiaoSSJW_Te	0913	train	FZXiaoSSJW_Te	1	
FZXieXTJW-EB	FZXieXTJW-EB	0913	train	FZXieXTJW-EB	1	
FZXinGHJW-EL	FZXinGHJW-EL	0913	train	FZXinGHJW-EL	2	FZXinGHJW-UL
FZXinGHJW-UL	方正新杠黑 简 UltraLight	0917	train	FZXinGHJW-EL	2	FZXinGHJW-EL
FZXinHJYKXZJW	FZXinHJYKXZJW	0913	train	FZXinHJYKXZJW	1	
FZXinRTJW-EB	FZXinRTJW-EB	0913	train	FZXinRTJW-EB	1	
FZXinZYHJW_EB	FZXinZYHJW_EB	0913	train	FZXinZYHJW_EB	2	FZXinZYHJW_UL
FZXinZYHJW_UL	FZXinZYHJW_UL	0913	train	FZXinZYHJW_EB	2	FZXinZYHJW_EB
FZXingHeiJW-B	FZXingHeiJW-B	0913	train	FZXingHeiJW-B	1	
FZXueWRHJW	FZXueWRHJW	0913	train	FZXueWRHJW	1	
FZYASHJW_Cu	FZYASHJW_Cu	0913	train	FZYASHJW_Cu	1	
FZYDCHJW	FZYDCHJW	0913	train	FZYDCHJW	1	
FZYNJW	方正羽怒简体	0917	train	FZYNJW	1	
FZYTJW	FZYTJW	0913	train	FZYTJW	1	
FZYaSSJW-B	FZYaSSJW-B	0913	train	FZYaSSJW-B	1	
FZYaZTJ_Te	方正雅珠体简体 Heavy	0917	train	FZYaZTJ_Te	2	FZYaZTJ_Xian
FZYaZTJ_Xian	方正雅珠体简体 ExtraLight	0917	train	FZYaZTJ_Te	2	FZYaZTJ_Te
FZYanSJW	FZYanSJW	0913	train	FZYanSJW	1	
FZYanZQKSJW	FZYanZQKSJW	0913	train	FZYanZQKSJW	1	
FZYaoDHJW	FZYaoDHJW	0913	train	FZYaoDHJW	1	
FZYiBSLSJW	FZYiBSLSJW	0913	train	FZYiBSLSJW	1	
FZYiHJW	FZYiHJW	0913	train	FZYiHJW	1	
FZYiHTJW-EB	FZYiHTJW-EB	0913	train	FZYiHTJW-EB	1	
FZYiMSJW-T	FZYiMSJW-T	0913	train	FZYiMSJW-T	1	
FZYiSJW_Te	FZYiSJW_Te	0913	train	FZYiSJW_Te	1	
FZYiXTJW-EB	FZYiXTJW-EB	0913	train	FZYiXTJW-EB	1	
FZYiZTJW-EB	FZYiZTJW-EB	0913	train	FZYiZTJW-EB	1	
FZYinSJW-DB	方正银宋 简 DemiBold	0917	train	FZYinSJW-DB	2	FZYinSJW-R
FZYinSJW-R	方正银宋 简	0917	train	FZYinSJW-DB	2	FZYinSJW-DB
FZYingCTJW	方正盈彩体 简	0917	train	FZYingCTJW	2	FZYingCTJW_Xian
FZYingCTJW_Xian	方正盈彩体 简 ExtraLight	0917	train	FZYingCTJW	2	FZYingCTJW
FZYongDHJW-T	FZYongDHJW-T	0913	train	FZYongDHJW-T	1	
FZYongKTJ	FZYongKTJ	0913	train	FZYongKTJ	1	
FZYooncheQWHJW-B	FZYooncheQWHJW-B	0913	train	FZYooncheQWHJW-B	1	
FZYouHJW_508R	FZYouHJW_508R	0913	train	FZYouHJW_508R	12	FZYouHJW_509R | FZYouHJW_510M | FZYouHJW_511M | FZYouHJW_512B | FZYouHJW_513B | FZYouHK_508R | FZYouHK_509R | FZYouHK_510M | FZYouHK_511M | FZYouHK_512B | FZYouHK_513B
FZYouHJW_509R	FZYouHJW_509R	0913	train	FZYouHJW_508R	12	FZYouHJW_508R | FZYouHJW_510M | FZYouHJW_511M | FZYouHJW_512B | FZYouHJW_513B | FZYouHK_508R | FZYouHK_509R | FZYouHK_510M | FZYouHK_511M | FZYouHK_512B | FZYouHK_513B
FZYouHJW_510M	FZYouHJW_510M	0913	train	FZYouHJW_508R	12	FZYouHJW_508R | FZYouHJW_509R | FZYouHJW_511M | FZYouHJW_512B | FZYouHJW_513B | FZYouHK_508R | FZYouHK_509R | FZYouHK_510M | FZYouHK_511M | FZYouHK_512B | FZYouHK_513B
FZYouHJW_511M	FZYouHJW_511M	0913	train	FZYouHJW_508R	12	FZYouHJW_508R | FZYouHJW_509R | FZYouHJW_510M | FZYouHJW_512B | FZYouHJW_513B | FZYouHK_508R | FZYouHK_509R | FZYouHK_510M | FZYouHK_511M | FZYouHK_512B | FZYouHK_513B
FZYouHJW_512B	FZYouHJW_512B	0913	train	FZYouHJW_508R	12	FZYouHJW_508R | FZYouHJW_509R | FZYouHJW_510M | FZYouHJW_511M | FZYouHJW_513B | FZYouHK_508R | FZYouHK_509R | FZYouHK_510M | FZYouHK_511M | FZYouHK_512B | FZYouHK_513B
FZYouHJW_513B	FZYouHJW_513B	0913	train	FZYouHJW_508R	12	FZYouHJW_508R | FZYouHJW_509R | FZYouHJW_510M | FZYouHJW_511M | FZYouHJW_512B | FZYouHK_508R | FZYouHK_509R | FZYouHK_510M | FZYouHK_511M | FZYouHK_512B | FZYouHK_513B
FZYouHK_508R	FZYouHK_508R	0913	train	FZYouHJW_508R	12	FZYouHJW_508R | FZYouHJW_509R | FZYouHJW_510M | FZYouHJW_511M | FZYouHJW_512B | FZYouHJW_513B | FZYouHK_509R | FZYouHK_510M | FZYouHK_511M | FZYouHK_512B | FZYouHK_513B
FZYouHK_509R	FZYouHK_509R	0913	train	FZYouHJW_508R	12	FZYouHJW_508R | FZYouHJW_509R | FZYouHJW_510M | FZYouHJW_511M | FZYouHJW_512B | FZYouHJW_513B | FZYouHK_508R | FZYouHK_510M | FZYouHK_511M | FZYouHK_512B | FZYouHK_513B
FZYouHK_510M	FZYouHK_510M	0913	train	FZYouHJW_508R	12	FZYouHJW_508R | FZYouHJW_509R | FZYouHJW_510M | FZYouHJW_511M | FZYouHJW_512B | FZYouHJW_513B | FZYouHK_508R | FZYouHK_509R | FZYouHK_511M | FZYouHK_512B | FZYouHK_513B
FZYouHK_512B	FZYouHK_512B	0913	train	FZYouHJW_508R	12	FZYouHJW_508R | FZYouHJW_509R | FZYouHJW_510M | FZYouHJW_511M | FZYouHJW_512B | FZYouHJW_513B | FZYouHK_508R | FZYouHK_509R | FZYouHK_510M | FZYouHK_511M | FZYouHK_513B
FZYouHK_513B	FZYouHK_513B	0913	train	FZYouHJW_508R	12	FZYouHJW_508R | FZYouHJW_509R | FZYouHJW_510M | FZYouHJW_511M | FZYouHJW_512B | FZYouHJW_513B | FZYouHK_508R | FZYouHK_509R | FZYouHK_510M | FZYouHK_511M | FZYouHK_512B
FZYouSJJW_507R	FZYouSJJW_507R	0913	train	FZYouSJJW_507R	3	FZYouSJJW_508R | FZYouSJJW_509R
FZYouSJJW_508R	FZYouSJJW_508R	0913	train	FZYouSJJW_507R	3	FZYouSJJW_507R | FZYouSJJW_509R
FZYouSJJW_509R	FZYouSJJW_509R	0913	train	FZYouSJJW_507R	3	FZYouSJJW_507R | FZYouSJJW_508R
FZYouSTJW-B	FZYouSTJW-B	0913	train	FZYouSTJW-B	1	
FZYouYSJW-R	FZYouYSJW-R	0913	train	FZYouYSJW-R	1	
FZYuLTJW-EB	FZYuLTJW-EB	0913	train	FZYuLTJW-EB	1	
FZYuYCTJW	FZYuYCTJW	0913	train	FZYuYCTJW	1	
FZYunHJW-EB	FZYunHJW-EB	0913	train	FZYunHJW-EB	1	
FZYunLTJW	FZYunLTJW	0913	train	FZYunLTJW	1	
FZZDHJW	FZZDHJW	0913	train	FZZDHJW	1	
FZZH-AXTJW	方正字汇-傲行体 简	0917	train	FZZH-AXTJW	1	
FZZH-DDYLTJW	方正字汇-大道悠乐体 简	0917	train	FZZH-DDYLTJW	1	
FZZH-DFHBJW	方正字汇-刀锋黑变 简	0917	train	FZZH-DFHBJW	1	
FZZH-KTMHTJW	方正字汇-卡通漫画体 简	0917	train	FZZH-KTMHTJW	1	
FZZH-KTPPTJW	方正字汇-卡通泡泡体 简	0917	train	FZZH-KTPPTJW	1	
FZZH-LTFKTJW	方正字汇-龙天疯狂体 简	0917	train	FZZH-LTFKTJW	1	
FZZH-LTLMMTJW	方正字汇-龙天玲妹妹体 简	0917	train	FZZH-LTLMMTJW	1	
FZZH-LTXXTJW	方正字汇-龙天夏夏体 简	0917	train	FZZH-LTXXTJW	1	
FZZH-MXQYTJW	方正字汇-萌系巧云体 简	0917	train	FZZH-MXQYTJW	1	
FZZH-NYXFTJ	方正字汇-奶油旋风体 简	0917	train	FZZH-NYXFTJ	1	
FZZH-QHXKJW	方正字汇-青华行楷 简	0917	train	FZZH-QHXKJW	1	
FZZH-SJDFTJW	方正字汇-三角刀锋体 简	0917	train	FZZH-SJDFTJW	1	
FZZH-TTTJW	方正字汇-跳跳体 简	0917	train	FZZH-TTTJW	1	
FZZH-YMTJW	方正字汇-雅萌体 简	0917	train	FZZH-YMTJW	1	
FZZH-YueXSTJW-EB	FZZH-YUEXSTS EB	0917	train	FZZH-YueXSTJW-EB	1	
FZZH-ZRKTJW	方正字汇-自然楷体 简	0917	train	FZZH-ZRKTJW	1	
FZZJ-BCSXJW	方正字迹-卜超手写 简	0917	train	FZZJ-BCSXJW	1	
FZZJ-BXMRTJW	方正字迹-柏轩美人体 简	0917	train	FZZJ-BXMRTJW	1	
FZZJ-CZYKSJW	方正字迹-陈振元楷书 简	0917	train	FZZJ-CZYKSJW	1	
FZZJ-DDFDTJW	方正字迹-大道奋斗体 简	0917	train	FZZJ-DDFDTJW	1	
FZZJ-FOJW	方正字迹-仿欧简体	0917	train	FZZJ-FOJW	1	
FZZJ-FXGGLJW	方正字迹-范笑歌古隶 简	0917	train	FZZJ-FXGGLJW	1	
FZZJ-GYJGTJW	方正字迹-谷云金刚体 简	0917	train	FZZJ-GYJGTJW	1	
FZZJ-HLYHXLJW	方正字迹-黄陵野鹤行隶 简	0917	train	FZZJ-HLYHXLJW	1	
FZZJ-JKTJW	方正字迹-剑客体 简	0917	train	FZZJ-JKTJW	1	
FZZJ-LSHSSJW	方正字迹-刘三宏手书 简	0917	train	FZZJ-LSHSSJW	1	
FZZJ-LXBYTJW	方正字迹-刘鑫标幼体 简	0917	train	FZZJ-LXBYTJW	1	
FZZJ-LXCTJW	方正字迹-赖兴才体 简	0917	train	FZZJ-LXCTJW	1	
FZZJ-LXXSJW	方正字迹-流线行书 简	0917	train	FZZJ-LXXSJW	1	
FZZJ-LongYTJW	方正字迹-龙吟体 简	0917	train	FZZJ-LongYTJW	1	
FZZJ-MGSCTJW	方正字迹-毛广淞爨体 简	0917	train	FZZJ-MGSCTJW	1	
FZZJ-MMXJJW	方正字迹-默陌信笺简体	0917	train	FZZJ-MMXJJW	1	
FZZJ-MSTJW	方正字迹-卯榫体 简	0917	train	FZZJ-MSTJW	1	
FZZJ-PYQYTJW	方正字迹-蒲尧卿云体 简	0917	train	FZZJ-PYQYTJW	1	
FZZJ-SDXKJW	方正字迹-思道小楷 简	0917	train	FZZJ-SDXKJW	1	
FZZJ-SLJMTJW	方正字迹-顺利巨墨体 简	0917	train	FZZJ-SLJMTJW	1	
FZZJ-TBPYTJW	方正字迹-仝斌飘逸体 简	0917	train	FZZJ-TBPYTJW	1	
FZZJ-WFSXTJ	方正字迹-晚风手写体 简	0917	train	FZZJ-WFSXTJ	1	
FZZJ-XHFTJW	方正字迹-心海凤体 简	0917	train	FZZJ-XHFTJW	1	
FZZJ-YYXSTJW	方正字迹-泳一行书 简	0917	train	FZZJ-YYXSTJW	1	
FZZJ-ZCJW	方正字迹-张爨简体	0917	train	FZZJ-ZCJW	1	
FZZJ-ZDFCSJW	方正字迹-周东芬草书 简	0917	train	FZZJ-ZDFCSJW	1	
FZZJ-ZDXKJW	方正字迹-战东行楷 简	0917	train	FZZJ-ZDXKJW	1	
FZZJ-ZQXKJW	方正字迹-张强行楷 简	0917	train	FZZJ-ZQXKJW	1	
FZZJ-ZWJBTJW	FZZJ-ZWJBTJW	0913	train	FZZJ-ZWJBTJW	1	
FZZhaoJSJSJW	FZZhaoJSJSJW	0913	train	FZZhaoJSJSJW	1	
FZZhenSYJW	FZZhenSYJW	0913	train	FZZhenSYJW	1	
FZZhiXHJW-R	FZZhiXHJW-R	0913	train	FZZhiXHJW-R	1	
FZZhuMTJW	方正筑梦体 简	0917	train	FZZhuMTJW	1	
FZZhuoHJW	FZZhuoHJW	0913	train	FZZhuoHJW	1	
FZZhuoQHJW	FZZhuoQHJW	0913	train	FZZhuoQHJW	1	
FZZhuoYTJW	方正卓越体 简	0917	train	FZZhuoYTJW	1	
FZZiHJW	FZZiHJW	0913	train	FZZiHJW	1	
FZZiRTJW-EB	FZZiRTJW-EB	0913	train	FZZiRTJW-EB	1	
FZZiZDKJW	FZZiZDKJW	0913	train	FZZiZDKJW	1	
FZZiZLDJW	FZZiZLDJW	0913	train	FZZiZLDJW	1	
FZZiZQXDCJW	FZZiZQXDCJW	0913	train	FZZiZQXDCJW	1	
FZZuanSTJW	方正钻石体 简	0917	train	FZZuanSTJW	2	FZZuanSTJW_Da
FZZuanSTJW_Da	FZZuanSTJW_Da	0913	train	FZZuanSTJW	2	FZZuanSTJW
FZZuoZJHJW-B	FZZuoZJHJW-B	0913	train	FZZuoZJHJW-B	2	FZZuoZJHJW-T
FZZuoZJHJW-T	方正左佐巨黑 简 Thin	0917	train	FZZuoZJHJW-B	2	FZZuoZJHJW-B
FZZuoZYXTJW-B	方正左佐雨线体 简 Bold	0917	train	FZZuoZYXTJW-B	2	FZZuoZYXTJW-R
FZZuoZYXTJW-R	方正左佐雨线体 简	0917	train	FZZuoZYXTJW-B	2	FZZuoZYXTJW-B
FZquanfuti	FZquanfuti	0913	train	FZquanfuti	1	
STFZRTXSJ	书体坊张瑞图行草 简	0917	train	STFZRTXSJ	1	
TSTanHJW-R	TSTanHJW-R	0913	train	TSTanHJW-R	1	
ZJZhuangSHJ-T	字加装饰黑 简 Thin	0917	train	ZJZhuangSHJ-T	1	
ZKTBanQTFU	字酷堂板橋體 繁U	0917	train	ZKTBanQTFU	1	
ZKTMingXTFU	字酷堂明行體 繁U	0917	train	ZKTMingXTFU	1	
fc4a8715	手迹志强毛笔行楷	0917	train	fc4a8715	1	
fzsj_1275625	手迹玩偶体	0917	train	fzsj_1275625	1	
fzsj_1275627	手迹小樱花体	0917	train	fzsj_1275627	1	
fzsj_1275635	手迹小骨体	0917	train	fzsj_1275635	2	fzsj_2017088
fzsj_1522777	手迹音乐体	0917	train	fzsj_1522777	1	
fzsj_1928053	少女心事	0917	train	fzsj_1928053	1	
fzsj_1966669	手迹我的意中人	0917	train	fzsj_1966669	1	
fzsj_1966674	手迹新年新气象	0917	train	fzsj_1966674	1	
fzsj_1966717	手迹笔芯体	0917	train	fzsj_1966717	1	
fzsj_1966721	手迹爱心吧噗	0917	train	fzsj_1966721	1	
fzsj_1966722	小人鱼的眼泪_YS	0917	train	fzsj_1966722	1	
fzsj_1966797	午夜小恶鬼	0917	train	fzsj_1966797	1	
fzsj_1967025	谈恋爱不如养猫	0917	train	fzsj_1967025	1	
fzsj_2017088	手迹骨小骨体	0917	train	fzsj_1275635	2	fzsj_1275635
fzsj_2127126	新天使之翼	0917	train	fzsj_2127126	1	
fzsj_2135224	月牙美楷	0917	train	fzsj_2135224	1	
fzsj_2173041	喵趣体	0917	train	fzsj_2173041	1	
fzsj_2187650	洪体	0917	train	fzsj_2187650	1	
fzsj_2187909	何须渡清欢	0917	train	fzsj_2187909	1	
fzsj_2187928	深沉如山温煦如风	0917	train	fzsj_2187928	1	
fzsj_2261418	我怕来者不是你	0917	train	fzsj_2261418	1	
fzsj_2923481	清晰护眼复古像素	0917	train	fzsj_2923481	1	
fzsj_2923966	复古像素粗体	0917	train	fzsj_2923966	1	
FZBangSKKXJW	FZBangSKKXJW	0913	val	FZBangSKKXJW	1	
FZCaoQBLSJW	FZCaoQBLSJW	0913	val	FZCaoQBLSJW	1	
FZFWZhuZiHeiB	FZFWZhuZiHeiB	0913	val	FZFWZhuZiHeiB	1	
FZHengFSJW-T	FZHengFSJW-T	0913	val	FZHengFSJW-T	1	
FZHuangTJXSJW	方正黄庭坚行书 简	0917	val	FZHuangTJXSJW	1	
FZJunYTJW-H	FZJunYTJW-H	0913	val	FZJunYTJW-H	1	
FZKANGJW	FZKANGJW	0913	val	FZKANGJW	1	
FZKuaiHTJW	方正快活体 简	0917	val	FZKuaiHTJW	2	FZKuaiHTJW_Te
FZKuaiHTJW_Te	FZKuaiHTJW_Te	0913	val	FZKuaiHTJW	2	FZKuaiHTJW
FZLTHProGBK_H	FZLTHProGBK_H	0913	val	FZLTHProGBK_H	2	FZLTHProJW_H
FZMiFXSJW	FZMiFXSJW	0913	val	FZMiFXSJW	1	
FZQingYSJW-T	FZQingYSJW-T	0913	val	FZQingYSJW-T	1	
FZSUXSFBCJW	方正苏新诗仿碑爨 简	0917	val	FZSUXSFBCJW	1	
FZShouHCGTJW	方正手绘草稿体 简	0917	val	FZShouHCGTJW	1	
FZShouHJW	方正手绘简体	0917	val	FZShouHJW	2	FZShouHJW_Xi
FZShouHJW_Xi	方正手绘简体_细	0917	val	FZShouHJW	2	FZShouHJW
FZSongKBXKJW-EB	FZSongKBXKJW-EB	0913	val	FZSongKBXKJW-EB	1	
FZSuHJW	FZSuHJW	0913	val	FZSuHJW	1	
FZVDLQianZHJW-B	方正VDL千兆黑 简 Bold	0917	val	FZVDLQianZHJW-B	2	FZVDLQianZHJW-L
FZVDLQianZHJW-L	方正VDL千兆黑 简 Light	0917	val	FZVDLQianZHJW-B	2	FZVDLQianZHJW-B
FZXianZTJW	方正仙阵体 简	0917	val	FZXianZTJW	1	
FZYouHK_511M	FZYouHK_511M	0913	val	FZYouHJW_508R	12	FZYouHJW_508R | FZYouHJW_509R | FZYouHJW_510M | FZYouHJW_511M | FZYouHJW_512B | FZYouHJW_513B | FZYouHK_508R | FZYouHK_509R | FZYouHK_510M | FZYouHK_512B | FZYouHK_513B
FZZHJW	FZZHJW	0913	val	FZZHJW	1	
FZZJ-XTJW	方正字迹-喜体 简	0917	val	FZZJ-XTJW	1	
FZZanMTJW	方正赞美体 简	0917	val	FZZanMTJW	2	FZZanMTJW_Te
FZZanMTJW_Te	FZZanMTJW_Te	0913	val	FZZanMTJW	2	FZZanMTJW
FZZhiQCTJW-B	方正致青春体 简 Bold	0917	val	FZZhiQCTJW-B	2	FZZhiQCTJW-L
FZZhiQCTJW-L	方正致青春体 简 Light	0917	val	FZZhiQCTJW-B	2	FZZhiQCTJW-B
FZZhongYSJW	方正忠义宋 简	0917	val	FZZhongYSJW	2	FZZhongYSJW_Te
FZZhongYSJW_Te	FZZhongYSJW_Te	0913	val	FZZhongYSJW	2	FZZhongYSJW
FZZiZSFSJW	方正字斋宋非宋 简	0917	val	FZZiZSFSJW	1	
fzsj_1966700	手迹成功点划体	0917	val	fzsj_1966700	1	
FZBaiZHXTJW	方正白舟魂心体 简	0917	test	FZBaiZHXTJW	1	
FZBuGTJW	FZBuGTJW	0913	test	FZBuGTJW	1	
FZCYJW	方正彩云简体	0917	test	FZCYJW	1	
FZChuangHJW_DB	FZChuangHJW_DB	0913	test	FZChuangHJW_DB	1	
FZCuanBZBKSJW	FZCuanBZBKSJW	0913	test	FZCuanBZBKSJW	1	
FZDeSHJW_515H	FZDeSHJW_515H	0913	test	FZDeSHJW_507R	9	FZDeSHJW_507R | FZDeSHJW_508R | FZDeSHJW_509R | FZDeSHJW_510M | FZDeSHJW_511M | FZDeSHJW_512B | FZDeSHJW_513B | FZDeSHJW_514H
FZDouNTJW	方正斗牛体 简	0917	test	FZDouNTJW	2	FZDouNTJW_Te
FZDouNTJW_Te	FZDouNTJW_Te	0913	test	FZDouNTJW	2	FZDouNTJW
FZFeiHHJW-H	FZFeiHHJW-H	0913	test	FZFeiHHJW-H	2	FZFeiHHJW-T
FZFeiHHJW-T	方正飞虹黑 简 Thin	0917	test	FZFeiHHJW-H	2	FZFeiHHJW-H
FZFengYKSJ	FZFengYKSJ	0913	test	FZFengYKSJ	1	
FZFuXTJW	方正复兴体 简	0917	test	FZFuXTJW	1	
FZHanBTJW	方正寒冰体 简	0917	test	FZHanBTJW	3	FZHanBTJW_Da | FZHanBTJW_Xi
FZHanBTJW_Da	方正寒冰体 简 ExtraBold	0917	test	FZHanBTJW	3	FZHanBTJW | FZHanBTJW_Xi
FZHanBTJW_Xi	方正寒冰体 简 Light	0917	test	FZHanBTJW	3	FZHanBTJW | FZHanBTJW_Da
FZHanWZKJW	FZHanWZKJW	0913	test	FZHanWZKJW	1	
FZHuoYYJW-L	方正活意圆 简 Light	0917	test	FZHuoYYJW-L	2	FZHuoYYJW-T
FZHuoYYJW-T	FZHuoYYJW-T	0913	test	FZHuoYYJW-L	2	FZHuoYYJW-L
FZJianLTJW	方正健力体 简	0917	test	FZJianLTJW	2	FZJianLTJW_Te
FZJianLTJW_Te	FZJianLTJW_Te	0913	test	FZJianLTJW	2	FZJianLTJW
FZJingLTJW-H	FZJingLTJW-H	0913	test	FZJingLTJW-H	1	
FZJingYLLTJW	FZJingYLLTJW	0913	test	FZJingYLLTJW	1	
FZLingFKSJW-B	FZLingFKSJW-B	0913	test	FZLingFKSJW-B	1	
FZLiuGQKJW-L	FZLiuGQKJW-L	0913	test	FZLiuGQKJW-L	1	
FZMaWDBSJW	FZMaWDBSJW	0913	test	FZMaWDBSJW	1	
FZTJLSJW	FZTJLSJW	0913	test	FZTJLSJW	1	
FZXSHJW	方正细珊瑚简体	0917	test	FZXSHJW	1	
FZZJ-HLYHXWJW	方正字迹-黄陵野鹤行魏 简	0917	test	FZZJ-HLYHXWJW	1	
FZZJ-KFTXKJW	方正字迹-侃夫体行楷 简	0917	test	FZZJ-KFTXKJW	1	
FZZJ-MJZCFU	方正字迹-明瑾章草 繁U	0917	test	FZZJ-MJZCFU	1	
ee347e17	手迹几何空心字	0917	test	ee347e17	1	
fzsj_1275648	手迹天使之翼体	0917	test	fzsj_1275648	1	
