font	split	char	cp	bucket	reason
FZSJ-WULXEM	train	ā	u0101	latin_ext_letters	documented_missing
FZSJ-WULXEM	train	ē	u0113	latin_ext_letters	documented_missing
FZSJ-WULXEM	train	ě	u011B	latin_ext_letters	documented_missing
FZSJ-WULXEM	train	ī	u012B	latin_ext_letters	documented_missing
FZSJ-WULXEM	train	ń	u0144	latin_ext_letters	documented_missing
FZSJ-WULXEM	train	ň	u0148	latin_ext_letters	documented_missing
FZSJ-WULXEM	train	ō	u014D	latin_ext_letters	documented_missing
FZSJ-WULXEM	train	ū	u016B	latin_ext_letters	documented_missing
FZSJ-WULXEM	train	ǎ	u01CE	latin_ext_letters	documented_missing
FZSJ-WULXEM	train	ǐ	u01D0	latin_ext_letters	documented_missing
FZSJ-WULXEM	train	ǒ	u01D2	latin_ext_letters	documented_missing
FZSJ-WULXEM	train	ǔ	u01D4	latin_ext_letters	documented_missing
FZSJ-WULXEM	train	ǖ	u01D6	latin_ext_letters	documented_missing
FZSJ-WULXEM	train	ǘ	u01D8	latin_ext_letters	documented_missing
FZSJ-WULXEM	train	ǚ	u01DA	latin_ext_letters	documented_missing
FZSJ-WULXEM	train	ǜ	u01DC	latin_ext_letters	documented_missing
FZXLB	train	ń	u0144	latin_ext_letters	documented_missing
FZXLB	train	ň	u0148	latin_ext_letters	documented_missing
fzsj_1966717	train	ā	u0101	latin_ext_letters	documented_missing
fzsj_1966717	train	ē	u0113	latin_ext_letters	documented_missing
fzsj_1966717	train	ě	u011B	latin_ext_letters	documented_missing
fzsj_1966717	train	ī	u012B	latin_ext_letters	documented_missing
fzsj_1966717	train	ń	u0144	latin_ext_letters	documented_missing
fzsj_1966717	train	ň	u0148	latin_ext_letters	documented_missing
fzsj_1966717	train	ō	u014D	latin_ext_letters	documented_missing
fzsj_1966717	train	ū	u016B	latin_ext_letters	documented_missing
fzsj_1966717	train	ǎ	u01CE	latin_ext_letters	documented_missing
fzsj_1966717	train	ǐ	u01D0	latin_ext_letters	documented_missing
fzsj_1966717	train	ǒ	u01D2	latin_ext_letters	documented_missing
fzsj_1966717	train	ǔ	u01D4	latin_ext_letters	documented_missing
fzsj_1966717	train	ǖ	u01D6	latin_ext_letters	documented_missing
fzsj_1966717	train	ǘ	u01D8	latin_ext_letters	documented_missing
fzsj_1966717	train	ǚ	u01DA	latin_ext_letters	documented_missing
fzsj_1966717	train	ǜ	u01DC	latin_ext_letters	documented_missing
fzsj_1966721	train	ā	u0101	latin_ext_letters	documented_missing
fzsj_1966721	train	ē	u0113	latin_ext_letters	documented_missing
fzsj_1966721	train	ě	u011B	latin_ext_letters	documented_missing
fzsj_1966721	train	ī	u012B	latin_ext_letters	documented_missing
fzsj_1966721	train	ń	u0144	latin_ext_letters	documented_missing
fzsj_1966721	train	ň	u0148	latin_ext_letters	documented_missing
fzsj_1966721	train	ō	u014D	latin_ext_letters	documented_missing
fzsj_1966721	train	ū	u016B	latin_ext_letters	documented_missing
fzsj_1966721	train	ǎ	u01CE	latin_ext_letters	documented_missing
fzsj_1966721	train	ǐ	u01D0	latin_ext_letters	documented_missing
fzsj_1966721	train	ǒ	u01D2	latin_ext_letters	documented_missing
fzsj_1966721	train	ǔ	u01D4	latin_ext_letters	documented_missing
fzsj_1966721	train	ǖ	u01D6	latin_ext_letters	documented_missing
fzsj_1966721	train	ǘ	u01D8	latin_ext_letters	documented_missing
fzsj_1966721	train	ǚ	u01DA	latin_ext_letters	documented_missing
fzsj_1966721	train	ǜ	u01DC	latin_ext_letters	documented_missing
fzsj_1966722	train	ā	u0101	latin_ext_letters	documented_missing
fzsj_1966722	train	ē	u0113	latin_ext_letters	documented_missing
fzsj_1966722	train	ě	u011B	latin_ext_letters	documented_missing
fzsj_1966722	train	ī	u012B	latin_ext_letters	documented_missing
fzsj_1966722	train	ń	u0144	latin_ext_letters	documented_missing
fzsj_1966722	train	ň	u0148	latin_ext_letters	documented_missing
fzsj_1966722	train	ō	u014D	latin_ext_letters	documented_missing
fzsj_1966722	train	ū	u016B	latin_ext_letters	documented_missing
fzsj_1966722	train	ǎ	u01CE	latin_ext_letters	documented_missing
fzsj_1966722	train	ǐ	u01D0	latin_ext_letters	documented_missing
fzsj_1966722	train	ǒ	u01D2	latin_ext_letters	documented_missing
fzsj_1966722	train	ǔ	u01D4	latin_ext_letters	documented_missing
fzsj_1966722	train	ǖ	u01D6	latin_ext_letters	documented_missing
fzsj_1966722	train	ǘ	u01D8	latin_ext_letters	documented_missing
fzsj_1966722	train	ǚ	u01DA	latin_ext_letters	documented_missing
fzsj_1966722	train	ǜ	u01DC	latin_ext_letters	documented_missing
fzsj_2923481	train	ń	u0144	latin_ext_letters	documented_missing
fzsj_2923481	train	ň	u0148	latin_ext_letters	documented_missing
fzsj_2923966	train	ń	u0144	latin_ext_letters	documented_missing
fzsj_2923966	train	ň	u0148	latin_ext_letters	documented_missing
