group_id	font	source	split	n_new_members	old_anchors
0a5e57fb8fd2b8e8	4314d6a5	0917	train	1	-
c7dcf7ce1f44f55f	5f132397	0917	train	1	-
c20901f7ba0aa47a	FZAiSJW	0917	train	3	-
c20901f7ba0aa47a	FZAiSJW_Cu	0917	train	3	-
c20901f7ba0aa47a	FZAiSJW_Xian	0917	train	3	-
04c9c65839c9be8c	FZBGDT	0917	train	1	-
d4df5fb7311a20ea	FZBITMAPFENGJW	0917	train	1	-
e0274b33b7342631	FZBaDSRXKJW	0917	train	1	-
b885964800273b0d	FZBaiZDZ113JW	0917	train	1	-
d8e044705d875c5a	FZBaiZHXTJW	0917	test	1	-
0826b2c7e230a8ff	FZBaiZJDTJW	0917	train	1	-
3d34cb292dea101f	FZBaiZJHTJW	0913	train	1	train
3d34cb292dea101f	FZBaiZJHTJW-L	0917	train	1	train
14c9d05cadbf1519	FZBaoCTJW	0917	train	1	train
14c9d05cadbf1519	FZBaoCTJW_Te	0913	train	1	train
780f0d6600073c75	FZBingMYTJW	0917	train	1	-
e2166ff59e84445b	FZBoRDKJW	0917	train	1	-
3545bc9ac36eb045	FZBoYTJW-B	0917	train	2	-
3545bc9ac36eb045	FZBoYTJW-L	0917	train	2	-
125851d7bb223eba	FZCYJW	0917	test	1	-
1ef8f872b93acb97	FZChaoLTJW	0917	train	1	train
1ef8f872b93acb97	FZChaoLTJW_Te	0913	train	1	train
674e47b0588024b8	FZDaLTJW	0917	train	1	-
924c094b38245e5a	FZDengHLJW	0917	train	1	-
ae26b4fb4be800c5	FZDiHTJ_Te	0917	train	3	-
ae26b4fb4be800c5	FZDiHTJ_Xian	0917	train	3	-
ae26b4fb4be800c5	FZDiHTJ_Zhun	0917	train	3	-
fc30404cb565726f	FZDouNTJW	0917	test	1	test
fc30404cb565726f	FZDouNTJW_Te	0913	test	1	test
eb6d583a6ed8c7bd	FZDunHJSJW	0917	train	1	-
3a4dc0cd1c20022c	FZFeiHHJW-H	0913	test	1	test
3a4dc0cd1c20022c	FZFeiHHJW-T	0917	test	1	test
d0014087b6e61880	FZFeiYTJW	0917	train	1	train
d0014087b6e61880	FZFeiYTJW_Te	0913	train	1	train
7abec832ad55e7c5	FZFenSTXJW	0917	train	1	-
bd490dcd70c84eb7	FZFengBPYTJW	0917	train	1	-
a1e10d452ea93a24	FZFengRSTJW-B	0917	train	2	-
a1e10d452ea93a24	FZFengRSTJW-R	0917	train	2	-
a95ebbc8cb7e676f	FZFengYSJW-EL	0917	train	1	-
bc9f1509e1e4a9e1	FZFengZTJW-B	0917	train	3	-
bc9f1509e1e4a9e1	FZFengZTJW-EB	0917	train	3	-
bc9f1509e1e4a9e1	FZFengZTJW-M	0917	train	3	-
c86891ba9f042e15	FZFuGCSJW	0917	train	1	-
7d714b71035f80d1	FZFuXTJW	0917	test	1	-
ff77de290fdb08bd	FZGaoHeiJ	0917	train	1	-
c06f38be0c732ecb	FZHanBTJW	0917	test	3	-
c06f38be0c732ecb	FZHanBTJW_Da	0917	test	3	-
c06f38be0c732ecb	FZHanBTJW_Xi	0917	test	3	-
be58063a96a34fba	FZHanSTJW	0917	train	1	train
be58063a96a34fba	FZHanSTJW_Te	0913	train	1	train
2929d6adaddaea21	FZHuaSKXTJW-H	0913	train	1	train
2929d6adaddaea21	FZHuaSKXTJW-T	0917	train	1	train
190ec1e89bcb4ac9	FZHuangTJXSJW	0917	val	1	-
f88a7f8978c16464	FZHuoLTJW	0917	train	1	train
f88a7f8978c16464	FZHuoLTJW_Te	0913	train	1	train
ea88ad274b7100c2	FZHuoYYJW-L	0917	test	1	test
ea88ad274b7100c2	FZHuoYYJW-T	0913	test	1	test
c35c4a75a8909143	FZJiHXTJW	0917	train	1	-
970976169afbfe32	FZJianLTJW	0917	test	1	test
970976169afbfe32	FZJianLTJW_Te	0913	test	1	test
36fffb4775d351d1	FZJianQTJW	0917	train	1	-
e931abfa890a2bc7	FZJinCTJW	0917	train	1	train
e931abfa890a2bc7	FZJinCTJW_Te	0913	train	1	train
d110a48a83b72d14	FZJingWTJW	0917	train	3	-
d110a48a83b72d14	FZJingWTJW_Cu	0917	train	3	-
d110a48a83b72d14	FZJingWTJW_Xian	0917	train	3	-
b50e05d6833ed0cb	FZKuaiHTJW	0917	val	1	val
b50e05d6833ed0cb	FZKuaiHTJW_Te	0913	val	1	val
15eec329d32bacc2	FZKuaiSTJW	0917	train	1	train
15eec329d32bacc2	FZKuaiSTJW_Te	0913	train	1	train
d27d2aec3549d7ed	FZLaGBTTJW	0917	train	1	train
d27d2aec3549d7ed	FZLaGBTTJW_Da	0913	train	1	train
1031a594e0e84317	FZLangKCTJW2	0917	train	1	-
ef5d106ccfc6ffc1	FZLangYJW-L	0917	train	2	-
ef5d106ccfc6ffc1	FZLangYJW-R	0917	train	2	-
ee78751a65706cb5	FZLiangHJW-EB	0917	train	2	-
ee78751a65706cb5	FZLiangHJW-L	0917	train	2	-
fb9d1bf08dc2df43	FZLingDTJW-B	0917	train	2	-
fb9d1bf08dc2df43	FZLingDTJW-L	0917	train	2	-
1b5e1ed4ed6c32d2	FZLingFJXKJW	0917	train	1	-
12eb46531b729737	FZLiuCTJW	0917	train	1	train
12eb46531b729737	FZLiuCTJW_Te	0913	train	1	train
9dc259540f100fc2	FZLouLTJW-EB	0917	train	2	-
9dc259540f100fc2	FZLouLTJW-R	0917	train	2	-
42daaadd43dd6148	FZLuoDTJW	0917	train	1	-
0ffd319000e9bbb0	FZLuoMTJW-L	0917	train	2	-
0ffd319000e9bbb0	FZLuoMTJW-R	0917	train	2	-
c1dc7007411d3b00	FZLuoMXTJW-EB	0917	train	2	-
c1dc7007411d3b00	FZLuoMXTJW-M	0917	train	2	-
2692ef7c90f5db8a	FZMaKTJW	0917	train	1	-
8f6342fd5d2abb5e	FZMaLTJW	0917	train	1	train
8f6342fd5d2abb5e	FZMaLTJW_Da	0913	train	1	train
5c829774f62fc2a8	FZManYTJW-H	0913	train	1	train
5c829774f62fc2a8	FZManYTJW-T	0917	train	1	train
c508212ebed63898	FZMengHHXJW-EB	0917	train	2	-
c508212ebed63898	FZMengHHXJW-EL	0917	train	2	-
20c1f790a1e640e1	FZMengYTJW	0917	train	1	-
73543bf3f5dcabf3	FZMingZTJW-EB	0917	train	1	-
8dae6b06271b1abb	FZOuYHGXSJW	0917	train	1	-
412e6f04fbf7a7a8	FZPANGPBJW	0917	train	1	-
b64c9b9fd356af6a	FZPangPHJW	0917	train	1	-
fe83623a766f3818	FZPiaoTJW	0917	train	3	-
fe83623a766f3818	FZPiaoTJW_Cu	0917	train	3	-
fe83623a766f3818	FZPiaoTJW_Xi	0917	train	3	-
eb3c9af3bb1c5366	FZPiaoYSJW	0917	train	1	-
57b602952de9601e	FZQINGSTJW	0917	train	1	-
436c02d78ee64977	FZQiMTJW	0917	train	3	-
436c02d78ee64977	FZQiMTJW_Xian	0917	train	3	-
436c02d78ee64977	FZQiMTJW_Zhun	0917	train	3	-
ec3a8a480b7625a0	FZQianWTJW	0917	train	3	-
ec3a8a480b7625a0	FZQianWTJW_Te	0917	train	3	-
ec3a8a480b7625a0	FZQianWTJW_Xian	0917	train	3	-
4b963212929cc14c	FZQiangKTJW	0917	train	1	-
57ed36e330471602	FZSJ-CHAOJXHN	0917	train	1	-
1f22706e8ed0bf18	FZSJ-KEADKA	0917	train	1	-
39356c3ef37552ab	FZSJ-NUANNXWC	0917	train	1	-
97b4f23133fdba57	FZSJ-QIYXRYY	0917	train	1	-
e4fb34d1ed4a936b	FZSJ-WOSJJ	0917	train	1	-
87f2c622bf2c7226	FZSJ-WULXEM	0917	train	1	-
a3cf6838a532e4fa	FZSJ-XIAOHBZLL	0917	train	1	-
51426c539ae42731	FZSJ-XIDPB	0917	train	1	-
eddd51b515e33349	FZSUXSFBCJW	0917	val	1	-
ba5636c89b2d96e4	FZShaoLGFTJW	0917	train	1	-
929213300dd44ce7	FZShengSKSJW_Zhun	0917	train	1	-
b8faefcef1cee479	FZShiTSJW	0917	train	1	train
b8faefcef1cee479	FZShiTSJW_Te	0913	train	1	train
816713958277914d	FZShouHCGTJW	0917	val	1	-
a11923ec5d3fb6ad	FZShouHJW	0917	val	2	-
a11923ec5d3fb6ad	FZShouHJW_Xi	0917	val	2	-
e77a48fcd3b4b3a9	FZShuYTJW-L	0917	train	1	-
f15d814910f9926e	FZSiBTJW	0917	train	1	train
f15d814910f9926e	FZSiBTJW_Te	0913	train	1	train
5a869e7469836828	FZSiLTJW_Cu	0917	train	2	-
5a869e7469836828	FZSiLTJW_Xian	0917	train	2	-
11fcbac73b47873b	FZSuXSGYSJW	0917	train	1	-
acd8fb23e1afc968	FZSuXSMCTJW	0917	train	1	-
fa48d3f8152a51d4	FZSuXSMZTJW	0917	train	1	-
07d2033e227fbbe2	FZTanHTJW	0917	train	1	train
07d2033e227fbbe2	FZTanHTJW_Da	0913	train	1	train
f10e6a24ba20fe39	FZTieXHJW	0913	train	2	train
f10e6a24ba20fe39	FZTieXHJW_Xi	0917	train	2	train
f10e6a24ba20fe39	FZTieXHJW_Zhun	0917	train	2	train
1da4d4d51cc94e93	FZVDLJingQSJ-H	0917	train	3	-
1da4d4d51cc94e93	FZVDLJingQSJ-L	0917	train	3	-
1da4d4d51cc94e93	FZVDLJingQSJ-T	0917	train	3	-
3deb595017361e20	FZVDLQianZHJW-B	0917	val	2	-
3deb595017361e20	FZVDLQianZHJW-L	0917	val	2	-
a5b73a335fa3ca94	FZWanBTJW	0917	train	2	-
a5b73a335fa3ca94	FZWanBTJW_Xian	0917	train	2	-
78325fcc7a3749c8	FZXLB	0917	train	1	-
0759dd35ee1c5f99	FZXSHJW	0917	test	1	-
d8a466f451201b89	FZXianWTJW	0913	train	1	train
d8a466f451201b89	FZXianWTJW_Zhun	0917	train	1	train
aa0f655606bb0a9b	FZXianYSTJW	0917	train	1	-
c016f628ddd50baa	FZXianZTJW	0917	val	1	-
90901866747f38d3	FZXiangPZTJW	0917	train	3	-
90901866747f38d3	FZXiangPZTJW_Da	0917	train	3	-
90901866747f38d3	FZXiangPZTJW_Xian	0917	train	3	-
0845d976a7eb7934	FZXinGHJW-EL	0913	train	1	train
0845d976a7eb7934	FZXinGHJW-UL	0917	train	1	train
7907fe4e4ca196f5	FZYNJW	0917	train	1	-
34fb69121382116c	FZYaZTJ_Te	0917	train	2	-
34fb69121382116c	FZYaZTJ_Xian	0917	train	2	-
0eb20aa52f3ba95d	FZYinSJW-DB	0917	train	2	-
0eb20aa52f3ba95d	FZYinSJW-R	0917	train	2	-
5a3dbd87c4d473cf	FZYingCTJW	0917	train	2	-
5a3dbd87c4d473cf	FZYingCTJW_Xian	0917	train	2	-
88df0a57951aab18	FZZH-AXTJW	0917	train	1	-
269ffc29f553f824	FZZH-DDYLTJW	0917	train	1	-
a96eed8a9da2fe89	FZZH-DFHBJW	0917	train	1	-
1d95541afd9d43cd	FZZH-KTMHTJW	0917	train	1	-
6de4f524bc5e9ed8	FZZH-KTPPTJW	0917	train	1	-
0f82fb07437e3347	FZZH-LTFKTJW	0917	train	1	-
dc05e9dbedf8c81a	FZZH-LTLMMTJW	0917	train	1	-
422c693b80244e10	FZZH-LTXXTJW	0917	train	1	-
b909b8841e3553f4	FZZH-MXQYTJW	0917	train	1	-
3fe577f6cae279c7	FZZH-NYXFTJ	0917	train	1	-
8df0c4ea5423d608	FZZH-QHXKJW	0917	train	1	-
03e319bff4517af2	FZZH-SJDFTJW	0917	train	1	-
03dfa1d2bbfceef5	FZZH-TTTJW	0917	train	1	-
293623fb27453478	FZZH-YMTJW	0917	train	1	-
a8c4b1e8d2a8e62c	FZZH-YueXSTJW-EB	0917	train	1	-
6acb4ad74bb96427	FZZH-ZRKTJW	0917	train	1	-
2db466ff1c131b1f	FZZJ-BCSXJW	0917	train	1	-
4eca46ddd1d39ce7	FZZJ-BXMRTJW	0917	train	1	-
db5e1d5c0bec5be9	FZZJ-CZYKSJW	0917	train	1	-
e2c38c7dbb0fffc2	FZZJ-DDFDTJW	0917	train	1	-
2c9a1b94dcff4eb3	FZZJ-FOJW	0917	train	1	-
04cb661ffb9970e5	FZZJ-FXGGLJW	0917	train	1	-
3e9056baa9993998	FZZJ-GYJGTJW	0917	train	1	-
2c3fb6d3c228a373	FZZJ-HLYHXLJW	0917	train	1	-
590e9b528f49844a	FZZJ-HLYHXWJW	0917	test	1	-
c91fb541ff94dca9	FZZJ-JKTJW	0917	train	1	-
4c49eb1a3ac2a3c8	FZZJ-KFTXKJW	0917	test	1	-
77c258862cb81251	FZZJ-LSHSSJW	0917	train	1	-
c502d6c2dc4df9f1	FZZJ-LXBYTJW	0917	train	1	-
7e153d66aad164ae	FZZJ-LXCTJW	0917	train	1	-
4bc5f040ed849104	FZZJ-LXXSJW	0917	train	1	-
fcd431bd3fb05e2a	FZZJ-LongYTJW	0917	train	1	-
b53e64b8093399f8	FZZJ-MGSCTJW	0917	train	1	-
bd37b83c3a696fea	FZZJ-MJZCFU	0917	test	1	-
5f550b1fa9d7d5ee	FZZJ-MMXJJW	0917	train	1	-
ef3e58b24450817d	FZZJ-MSTJW	0917	train	1	-
9396b2e60fdddbbb	FZZJ-PYQYTJW	0917	train	1	-
12fa2ff4d34891a0	FZZJ-SDXKJW	0917	train	1	-
fcb837cef5997a87	FZZJ-SLJMTJW	0917	train	1	-
c532e8052f874e4c	FZZJ-TBPYTJW	0917	train	1	-
8792d5f49cf8748e	FZZJ-WFSXTJ	0917	train	1	-
dcb08eed4bac9418	FZZJ-XHFTJW	0917	train	1	-
47e27ee0924fd409	FZZJ-XTJW	0917	val	1	-
0263f1bd9b5755b9	FZZJ-YYXSTJW	0917	train	1	-
be93b3889e127db2	FZZJ-ZCJW	0917	train	1	-
dab4346e6a975bb5	FZZJ-ZDFCSJW	0917	train	1	-
8c8d95a1d353908e	FZZJ-ZDXKJW	0917	train	1	-
a9e586741dee6ee7	FZZJ-ZQXKJW	0917	train	1	-
8a0efad5f5e2e52c	FZZanMTJW	0917	val	1	val
8a0efad5f5e2e52c	FZZanMTJW_Te	0913	val	1	val
fc783d6baea62b92	FZZhiQCTJW-B	0917	val	2	-
fc783d6baea62b92	FZZhiQCTJW-L	0917	val	2	-
850d879b946267d6	FZZhongYSJW	0917	val	1	val
850d879b946267d6	FZZhongYSJW_Te	0913	val	1	val
92a31df97721ff6d	FZZhuMTJW	0917	train	1	-
4992e13fa28b249d	FZZhuoYTJW	0917	train	1	-
5306c3829d605473	FZZiZSFSJW	0917	val	1	-
b21379c6ff03c0d5	FZZuanSTJW	0917	train	1	train
b21379c6ff03c0d5	FZZuanSTJW_Da	0913	train	1	train
d4e55ee6114e37e4	FZZuoZJHJW-B	0913	train	1	train
d4e55ee6114e37e4	FZZuoZJHJW-T	0917	train	1	train
23015e52afe7f144	FZZuoZYXTJW-B	0917	train	2	-
23015e52afe7f144	FZZuoZYXTJW-R	0917	train	2	-
d23ddfc71b80478a	STFZRTXSJ	0917	train	1	-
a5b45a0c5e9197bc	ZJZhuangSHJ-T	0917	train	1	-
91c42d5eb00cdbe6	ZKTBanQTFU	0917	train	1	-
c189d0d3accbecc0	ZKTMingXTFU	0917	train	1	-
7c81dec8aa4f3b84	ee347e17	0917	test	1	-
d6f7f48f4c7c946a	fc4a8715	0917	train	1	-
7736d66e561ead55	fzsj_1275625	0917	train	1	-
cf19a4b56be2e6cc	fzsj_1275627	0917	train	1	-
ff16b03e4ab364fa	fzsj_1275635	0917	train	2	-
ff16b03e4ab364fa	fzsj_2017088	0917	train	2	-
0e338ed51fa83a6a	fzsj_1275648	0917	test	1	-
0d490122f89adcc2	fzsj_1522777	0917	train	1	-
20d88ea6e9fa0876	fzsj_1928053	0917	train	1	-
510c7218df65d63a	fzsj_1966669	0917	train	1	-
af93744f512d6180	fzsj_1966674	0917	train	1	-
846abd8923e70cfb	fzsj_1966700	0917	val	1	-
2ad5b2c46846e357	fzsj_1966717	0917	train	1	-
f63366d81d1deb47	fzsj_1966721	0917	train	1	-
a011c8ca3cb64e93	fzsj_1966722	0917	train	1	-
60294bb7ea782696	fzsj_1966797	0917	train	1	-
265c45b93447fdf6	fzsj_1967025	0917	train	1	-
18f088ed5927f573	fzsj_2127126	0917	train	1	-
737582278769d7dd	fzsj_2135224	0917	train	1	-
01b57e9af81212b0	fzsj_2173041	0917	train	1	-
0b9df7455acaf3d9	fzsj_2187650	0917	train	1	-
96bed6e4558c8fb1	fzsj_2187909	0917	train	1	-
5a13f5388cb32ea3	fzsj_2187928	0917	train	1	-
6048a91dfd16b1ec	fzsj_2261418	0917	train	1	-
004923d41be3c0c2	fzsj_2923481	0917	train	1	-
597e6cc987195439	fzsj_2923966	0917	train	1	-
