dataset	split	source	bucket	n_pairs	n_fonts
v0917	train	0917	ascii_digits	1980	198
v0917	train	0917	ascii_letters	10296	198
v0917	train	0917	bopomofo	1665	45
v0917	train	0917	hiragana	10292	124
v0917	train	0917	katakana	10578	123
v0917	train	0917	latin_ext_letters	4736	178
v0917	val	0917	ascii_digits	160	16
v0917	val	0917	ascii_letters	832	16
v0917	val	0917	bopomofo	148	4
v0917	val	0917	hiragana	830	10
v0917	val	0917	katakana	860	10
v0917	val	0917	latin_ext_letters	378	14
v0917	test	0917	ascii_digits	160	16
v0917	test	0917	ascii_letters	832	16
v0917	test	0917	bopomofo	148	4
v0917	test	0917	hiragana	830	10
v0917	test	0917	katakana	860	10
v0917	test	0917	latin_ext_letters	378	14
v2	train	0913	ascii_digits	2230	223
v2	train	0913	ascii_letters	11596	223
v2	train	0913	bopomofo	4810	130
v2	train	0913	hiragana	15604	188
v2	train	0913	katakana	16168	188
v2	train	0913	latin_ext_letters	6021	223
v2	train	0917	ascii_digits	1980	198
v2	train	0917	ascii_letters	10296	198
v2	train	0917	bopomofo	1665	45
v2	train	0917	hiragana	10292	124
v2	train	0917	katakana	10578	123
v2	train	0917	latin_ext_letters	4736	178
v2	val	0913	ascii_digits	160	16
v2	val	0913	ascii_letters	832	16
v2	val	0913	bopomofo	333	9
v2	val	0913	hiragana	1162	14
v2	val	0913	katakana	1204	14
v2	val	0913	latin_ext_letters	432	16
v2	val	0917	ascii_digits	160	16
v2	val	0917	ascii_letters	832	16
v2	val	0917	bopomofo	148	4
v2	val	0917	hiragana	830	10
v2	val	0917	katakana	860	10
v2	val	0917	latin_ext_letters	378	14
v2	test	0913	ascii_digits	160	16
v2	test	0913	ascii_letters	832	16
v2	test	0913	bopomofo	259	7
v2	test	0913	hiragana	1079	13
v2	test	0913	katakana	1118	13
v2	test	0913	latin_ext_letters	432	16
v2	test	0917	ascii_digits	160	16
v2	test	0917	ascii_letters	832	16
v2	test	0917	bopomofo	148	4
v2	test	0917	hiragana	830	10
v2	test	0917	katakana	860	10
v2	test	0917	latin_ext_letters	378	14
