split,font,script,difficulty_score,comparable_chars,total_chars,difficulty
test,FZBuGTJW,bopomofo,0.49615384615384617,37,37,medium
test,FZBuGTJW,kana,0.5452127659574468,169,169,medium
test,FZBuGTJW,western,0.5,89,89,medium
test,FZChuangHJW_DB,kana,0.4920212765957447,169,169,medium
test,FZChuangHJW_DB,western,0.6031390134529149,89,89,hard
test,FZCuanBZBKSJW,bopomofo,0.576923076923077,37,37,hard
test,FZCuanBZBKSJW,kana,0.5824468085106382,169,169,medium
test,FZCuanBZBKSJW,western,0.5403587443946188,89,89,medium
test,FZDeSHJW_515H,kana,0.2553191489361702,169,169,easy
test,FZDeSHJW_515H,western,0.3452914798206278,89,89,easy
test,FZDouNTJW_Te,kana,0.2712765957446809,169,169,easy
test,FZDouNTJW_Te,western,0.28475336322869954,89,89,easy
test,FZFeiHHJW-H,bopomofo,0.5230769230769231,37,37,medium
test,FZFeiHHJW-H,kana,0.4920212765957447,169,169,medium
test,FZFeiHHJW-H,western,0.6502242152466368,89,89,hard
test,FZFengYKSJ,kana,0.7845744680851063,169,169,hard
test,FZFengYKSJ,western,0.7713004484304933,89,89,hard
test,FZHanWZKJW,bopomofo,0.6499999999999999,37,37,hard
test,FZHanWZKJW,kana,0.7074468085106382,169,169,hard
test,FZHanWZKJW,western,0.5852017937219731,89,89,hard
test,FZHuoYYJW-T,western,0.8587443946188341,89,89,hard
test,FZJianLTJW_Te,kana,0.23404255319148937,169,169,easy
test,FZJianLTJW_Te,western,0.289237668161435,89,89,easy
test,FZJingLTJW-H,bopomofo,0.3615384615384616,37,37,easy
test,FZJingLTJW-H,kana,0.35106382978723405,169,169,easy
test,FZJingLTJW-H,western,0.43497757847533636,89,89,medium
test,FZJingYLLTJW,western,0.4304932735426009,89,89,medium
test,FZLingFKSJW-B,bopomofo,0.5192307692307693,37,37,medium
test,FZLingFKSJW-B,kana,0.5531914893617021,169,169,medium
test,FZLingFKSJW-B,western,0.6345291479820628,89,89,hard
test,FZLiuGQKJW-L,kana,0.7473404255319149,169,169,hard
test,FZLiuGQKJW-L,western,0.726457399103139,89,89,hard
test,FZMaWDBSJW,bopomofo,0.4884615384615385,37,37,medium
test,FZMaWDBSJW,kana,0.5079787234042553,169,169,medium
test,FZMaWDBSJW,western,0.5448430493273543,89,89,medium
test,FZTJLSJW,western,0.8004484304932735,89,89,hard
train,FZBaiZBYTJW,bopomofo,0.3961538461538462,37,37,easy
train,FZBaiZBYTJW,kana,0.4627659574468085,169,169,medium
train,FZBaiZBYTJW,western,0.47085201793721976,89,89,medium
train,FZBaiZDZ115JW,bopomofo,0.46153846153846156,37,37,medium
train,FZBaiZDZ115JW,kana,0.4627659574468085,169,169,medium
train,FZBaiZDZ115JW,western,0.5605381165919282,89,89,medium
train,FZBaiZJHTJW,bopomofo,0.5307692307692308,37,37,medium
train,FZBaiZJHTJW,kana,0.5638297872340425,169,169,medium
train,FZBaiZJHTJW,western,0.6300448430493274,89,89,hard
train,FZBaiZJKJW,bopomofo,0.41538461538461535,37,37,medium
train,FZBaiZJKJW,kana,0.4361702127659574,169,169,medium
train,FZBaiZJKJW,western,0.3654708520179372,89,89,easy
train,FZBaiZRZTJW,bopomofo,0.48846153846153845,37,37,medium
train,FZBaiZRZTJW,kana,0.523936170212766,169,169,medium
train,FZBaiZRZTJW,western,0.5717488789237668,89,89,hard
train,FZBaiZWGTJW,bopomofo,0.33076923076923076,37,37,easy
train,FZBaiZWGTJW,kana,0.3271276595744681,169,169,easy
train,FZBaiZWGTJW,western,0.33856502242152464,89,89,easy
train,FZBangSKLTJW,bopomofo,0.6538461538461537,37,37,hard
train,FZBangSKLTJW,kana,0.6914893617021276,169,169,hard
train,FZBangSKLTJW,western,0.7690582959641256,89,89,hard
train,FZBaoCTJW_Te,kana,0.4122340425531915,169,169,medium
train,FZBaoCTJW_Te,western,0.44170403587443946,89,89,medium
train,FZBaoHTJW_Da,bopomofo,0.24615384615384614,37,37,easy
train,FZBaoHTJW_Da,kana,0.2872340425531915,169,169,easy
train,FZBaoHTJW_Da,western,0.3340807174887892,89,89,easy
train,FZBenMKYJW,western,0.3542600896860987,89,89,easy
train,FZBenMXYTJW_Italic,western,0.6502242152466368,89,89,hard
train,FZBenMZZZHJW,bopomofo,0.4653846153846154,37,37,medium
train,FZBenMZZZHJW,kana,0.4707446808510638,169,169,medium
train,FZBenMZZZHJW,western,0.5089686098654709,89,89,medium
train,FZBiaoYTJW,bopomofo,0.4307692307692308,37,37,medium
train,FZBiaoYTJW,kana,0.42819148936170215,169,169,medium
train,FZBiaoYTJW,western,0.3295964125560538,89,89,easy
train,FZCCHJW,western,0.3116591928251121,89,89,easy
train,FZCQJW,western,0.4708520179372197,89,89,medium
train,FZCangYHJW,bopomofo,0.5346153846153846,37,37,medium
train,FZCangYHJW,kana,0.5398936170212766,169,169,medium
train,FZCangYHJW,western,0.5067264573991032,89,89,medium
train,FZChaoLTJW_Te,kana,0.7154255319148937,169,169,hard
train,FZChaoLTJW_Te,western,0.6636771300448431,89,89,hard
train,FZChaoZTJW_EB,kana,0.2632978723404255,169,169,easy
train,FZChaoZTJW_EB,western,0.30493273542600896,89,89,easy
train,FZChenQTJW,kana,0.7101063829787234,169,169,hard
train,FZChenQTJW,western,0.7511210762331839,89,89,hard
train,FZChiDTJW,western,0.42152466367713004,89,89,medium
train,FZCuYSJ_V2,bopomofo,0.45384615384615384,37,37,medium
train,FZCuYSJ_V2,kana,0.3537234042553192,169,169,easy
train,FZCuYSJ_V2,western,0.3968609865470852,89,89,medium
train,FZDaDXMTJW,western,0.553811659192825,89,89,medium
train,FZDeSHJW_507R,kana,0.5,169,169,medium
train,FZDeSHJW_507R,western,0.45964125560538116,89,89,medium
train,FZDeSHJW_508R,kana,0.4574468085106383,169,169,medium
train,FZDeSHJW_508R,western,0.48654708520179374,89,89,medium
train,FZDeSHJW_509R,kana,0.4175531914893617,169,169,medium
train,FZDeSHJW_509R,western,0.4260089686098655,89,89,medium
train,FZDeSHJW_510M,kana,0.3936170212765957,169,169,easy
train,FZDeSHJW_510M,western,0.4349775784753363,89,89,medium
train,FZDeSHJW_511M,kana,0.36170212765957444,169,169,easy
train,FZDeSHJW_511M,western,0.437219730941704,89,89,medium
train,FZDeSHJW_512B,kana,0.32180851063829785,169,169,easy
train,FZDeSHJW_512B,western,0.36098654708520184,89,89,easy
train,FZDeSHJW_513B,kana,0.2872340425531915,169,169,easy
train,FZDeSHJW_513B,western,0.36771300448430494,89,89,easy
train,FZDeSHJW_514H,western,0.3632286995515695,89,89,easy
train,FZDengXHJW-B,bopomofo,0.3076923076923077,37,37,easy
train,FZDengXHJW-B,kana,0.2845744680851064,169,169,easy
train,FZDengXHJW-B,western,0.2959641255605381,89,89,easy
train,FZDongGSJW-L,bopomofo,0.7807692307692308,37,37,hard
train,FZDongGSJW-L,kana,0.7526595744680851,169,169,hard
train,FZDongGSJW-L,western,0.7982062780269059,89,89,hard
train,FZDouSDYWTJW-B,bopomofo,0.45769230769230773,37,37,medium
train,FZDouSDYWTJW-B,kana,0.4787234042553191,169,169,medium
train,FZDouSDYWTJW-B,western,0.4730941704035875,89,89,medium
train,FZDuHJW_Cu,kana,0.35638297872340424,169,169,easy
train,FZDuHJW_Cu,western,0.33856502242152464,89,89,easy
train,FZFWHuanLTJW,bopomofo,0.5384615384615384,37,37,medium
train,FZFWHuanLTJW,kana,0.5851063829787234,169,169,hard
train,FZFWHuanLTJW,western,0.6502242152466368,89,89,hard
train,FZFWQingYLJW,bopomofo,0.5884615384615385,37,37,hard
train,FZFWQingYLJW,kana,0.6622340425531914,169,169,hard
train,FZFWQingYLJW,western,0.6838565022421524,89,89,hard
train,FZFWTongQPOPTJW,bopomofo,0.40384615384615385,37,37,medium
train,FZFWTongQPOPTJW,kana,0.4521276595744681,169,169,medium
train,FZFWTongQPOPTJW,western,0.4439461883408072,89,89,medium
train,FZFWZhuZGDLHJW,kana,0.5691489361702128,169,169,medium
train,FZFWZhuZGDLHJW,western,0.553811659192825,89,89,medium
train,FZFWZhuZGDLMCJW,bopomofo,0.7192307692307692,37,37,hard
train,FZFWZhuZGDLMCJW,kana,0.7287234042553192,169,169,hard
train,FZFWZhuZGDLMCJW,western,0.6569506726457399,89,89,hard
train,FZFWZhuZGDSHJW,kana,0.5664893617021276,169,169,medium
train,FZFWZhuZGDSHJW,western,0.5560538116591929,89,89,medium
train,FZFWZhuZGDSMCJW,bopomofo,0.7615384615384615,37,37,hard
train,FZFWZhuZGDSMCJW,kana,0.7127659574468085,169,169,hard
train,FZFWZhuZGDSMCJW,western,0.647982062780269,89,89,hard
train,FZFWZhuZLSHTJWB,bopomofo,0.4346153846153846,37,37,medium
train,FZFWZhuZLSHTJWB,kana,0.5452127659574468,169,169,medium
train,FZFWZhuZLSHTJWB,western,0.5403587443946188,89,89,medium
train,FZFWZhuZiABiaoTMCJW,bopomofo,0.5307692307692308,37,37,medium
train,FZFWZhuZiABiaoTMCJW,kana,0.6143617021276595,169,169,hard
train,FZFWZhuZiABiaoTMCJW,western,0.5381165919282511,89,89,medium
train,FZFWZhuZiHeiD,bopomofo,0.4230769230769231,37,37,medium
train,FZFWZhuZiHeiD,kana,0.5372340425531914,169,169,medium
train,FZFWZhuZiHeiD,western,0.2713004484304933,89,89,easy
train,FZFWZhuZiHeiE,bopomofo,0.4153846153846154,37,37,medium
train,FZFWZhuZiHeiE,kana,0.4015957446808511,169,169,easy
train,FZFWZhuZiHeiE,western,0.28475336322869954,89,89,easy
train,FZFWZhuZiHeiH,bopomofo,0.35769230769230764,37,37,easy
train,FZFWZhuZiHeiH,kana,0.35106382978723405,169,169,easy
train,FZFWZhuZiHeiH,western,0.27802690582959644,89,89,easy
train,FZFWZhuZiHeiL,bopomofo,0.5538461538461539,37,37,medium
train,FZFWZhuZiHeiL,kana,0.6648936170212766,169,169,hard
train,FZFWZhuZiHeiL,western,0.5089686098654709,89,89,medium
train,FZFWZhuZiHeiM,bopomofo,0.45769230769230773,37,37,medium
train,FZFWZhuZiHeiM,kana,0.5797872340425532,169,169,medium
train,FZFWZhuZiHeiM,western,0.3654708520179372,89,89,easy
train,FZFWZhuZiHeiR,bopomofo,0.5269230769230769,37,37,medium
train,FZFWZhuZiHeiR,kana,0.6143617021276595,169,169,hard
train,FZFWZhuZiHeiR,western,0.437219730941704,89,89,medium
train,FZFWZhuZiHeiU,bopomofo,0.3269230769230769,37,37,easy
train,FZFWZhuZiHeiU,kana,0.29521276595744683,169,169,easy
train,FZFWZhuZiHeiU,western,0.27802690582959644,89,89,easy
train,FZFWZhuZiMinchoD,bopomofo,0.6076923076923078,37,37,hard
train,FZFWZhuZiMinchoD,kana,0.6436170212765957,169,169,hard
train,FZFWZhuZiMinchoD,western,0.5672645739910314,89,89,hard
train,FZFXKTJW,western,0.5044843049327354,89,89,medium
train,FZFeiSJW-EL,bopomofo,0.7961538461538462,37,37,hard
train,FZFeiSJW-EL,kana,0.8218085106382979,169,169,hard
train,FZFeiSJW-EL,western,0.8340807174887892,89,89,hard
train,FZFeiYTJW_Te,kana,0.39361702127659576,169,169,easy
train,FZFeiYTJW_Te,western,0.38565022421524664,89,89,medium
train,FZFeiYiTJW-EB,kana,0.5957446808510638,169,169,hard
train,FZFeiYiTJW-EB,western,0.5919282511210762,89,89,hard
train,FZFuGCHJW,bopomofo,0.38846153846153847,37,37,easy
train,FZFuGCHJW,kana,0.4148936170212766,169,169,medium
train,FZFuGCHJW,western,0.46860986547085204,89,89,medium
train,FZFuGCYJW,bopomofo,0.27307692307692305,37,37,easy
train,FZFuGCYJW,kana,0.2952127659574468,169,169,easy
train,FZFuGCYJW,western,0.38789237668161436,89,89,medium
train,FZGDCTJW-L,bopomofo,0.5769230769230769,37,37,hard
train,FZGDCTJW-L,kana,0.5718085106382979,169,169,medium
train,FZGDCTJW-L,western,0.6726457399103138,89,89,hard
train,FZGLJW,western,0.6681614349775784,89,89,hard
train,FZGangYTJ,bopomofo,0.4192307692307692,37,37,medium
train,FZGangYTJ,kana,0.42819148936170215,169,169,medium
train,FZGangYTJ,western,0.4080717488789238,89,89,medium
train,FZHCJW,western,0.6434977578475336,89,89,hard
train,FZHZGBJW,western,0.2937219730941704,89,89,easy
train,FZHanSTJW_Te,kana,0.449468085106383,169,169,medium
train,FZHanSTJW_Te,western,0.47757847533632286,89,89,medium
train,FZHaoGGTTJW,western,0.4641255605381166,89,89,medium
train,FZHeYTJW-EB,kana,0.28191489361702127,169,169,easy
train,FZHeYTJW-EB,western,0.30493273542600896,89,89,easy
train,FZHeiFJW-L,bopomofo,0.7384615384615385,37,37,hard
train,FZHeiFJW-L,kana,0.699468085106383,169,169,hard
train,FZHeiFJW-L,western,0.6569506726457399,89,89,hard
train,FZHengWHJ-L,bopomofo,0.7692307692307692,37,37,hard
train,FZHengWHJ-L,kana,0.7845744680851063,169,169,hard
train,FZHengWHJ-L,western,0.7780269058295963,89,89,hard
train,FZHuaSKXTJW-H,bopomofo,0.3923076923076923,37,37,easy
train,FZHuaSKXTJW-H,kana,0.42819148936170215,169,169,medium
train,FZHuaSKXTJW-H,western,0.5269058295964125,89,89,medium
train,FZHuoLTJW_Te,kana,0.2978723404255319,169,169,easy
train,FZHuoLTJW_Te,western,0.37443946188340804,89,89,easy
train,FZIwataFWTJW-H,bopomofo,0.25384615384615383,37,37,easy
train,FZIwataFWTJW-H,kana,0.25,169,169,easy
train,FZIwataFWTJW-H,western,0.3094170403587444,89,89,easy
train,FZJLJW,western,0.6636771300448431,89,89,hard
train,FZJZJW,western,0.3565022421524664,89,89,easy
train,FZJianQRTJW,kana,0.5292553191489362,169,169,medium
train,FZJianQRTJW,western,0.5964125560538116,89,89,hard
train,FZJianZTJW-B,western,0.3542600896860986,89,89,easy
train,FZJiangYTJW_EB,kana,0.3537234042553191,169,169,easy
train,FZJiangYTJW_EB,western,0.3721973094170403,89,89,easy
train,FZJinCTJW_Te,kana,0.29255319148936165,169,169,easy
train,FZJinCTJW_Te,western,0.3340807174887892,89,89,easy
train,FZJingKHJW,bopomofo,0.38846153846153847,37,37,easy
train,FZJingKHJW,kana,0.3404255319148936,169,169,easy
train,FZJingKHJW,western,0.4417040358744395,89,89,medium
train,FZJingQSTJW_Cu,kana,0.2978723404255319,169,169,easy
train,FZJingQSTJW_Cu,western,0.35874439461883406,89,89,easy
train,FZJuJTJW-L,kana,0.6382978723404256,169,169,hard
train,FZJuJTJW-L,western,0.5336322869955157,89,89,medium
train,FZJunTJW,bopomofo,0.3192307692307692,37,37,easy
train,FZJunTJW,kana,0.2792553191489362,169,169,easy
train,FZJunTJW,western,0.3789237668161435,89,89,easy
train,FZKeSHBTJW,kana,0.5106382978723404,169,169,medium
train,FZKeSHBTJW,western,0.5291479820627802,89,89,medium
train,FZKuGHJW-H,bopomofo,0.5461538461538462,37,37,medium
train,FZKuGHJW-H,kana,0.5797872340425532,169,169,medium
train,FZKuGHJW-H,western,0.7174887892376682,89,89,hard
train,FZKuaiSTJW_Te,kana,0.42021276595744683,169,169,medium
train,FZKuaiSTJW_Te,western,0.4192825112107623,89,89,medium
train,FZKuaiYTJW_Te,kana,0.30851063829787234,169,169,easy
train,FZKuaiYTJW_Te,western,0.3475336322869955,89,89,easy
train,FZLTHProJW_H,bopomofo,0.23846153846153845,37,37,easy
train,FZLTHProJW_H,kana,0.27393617021276595,169,169,easy
train,FZLTHProJW_H,western,0.26905829596412556,89,89,easy
train,FZLaGBTTJW_Da,kana,0.42819148936170215,169,169,medium
train,FZLaGBTTJW_Da,western,0.3721973094170403,89,89,easy
train,FZLangKBTJW1,bopomofo,0.5692307692307692,37,37,hard
train,FZLangKBTJW1,kana,0.5957446808510638,169,169,hard
train,FZLangKBTJW1,western,0.7197309417040358,89,89,hard
train,FZLangKFTJW3,bopomofo,0.5230769230769231,37,37,medium
train,FZLangKFTJW3,kana,0.5718085106382979,169,169,medium
train,FZLangKFTJW3,western,0.6390134529147982,89,89,hard
train,FZLengRSJW-B,bopomofo,0.5076923076923077,37,37,medium
train,FZLengRSJW-B,kana,0.5558510638297872,169,169,medium
train,FZLengRSJW-B,western,0.4349775784753363,89,89,medium
train,FZLiDXYTJW,bopomofo,0.4846153846153846,37,37,medium
train,FZLiDXYTJW,kana,0.401595744680851,169,169,easy
train,FZLiDXYTJW,western,0.5044843049327354,89,89,medium
train,FZLiHJW-EB,western,0.3363228699551569,89,89,easy
train,FZLiQBLSJW,bopomofo,0.6038461538461538,37,37,hard
train,FZLiQBLSJW,kana,0.625,169,169,hard
train,FZLiQBLSJW,western,0.5695067264573991,89,89,hard
train,FZLiYHJW-EL,bopomofo,0.6576923076923077,37,37,hard
train,FZLiYHJW-EL,kana,0.7659574468085106,169,169,hard
train,FZLiYHJW-EL,western,0.8565022421524664,89,89,hard
train,FZLiuBSLSJW,bopomofo,0.5192307692307693,37,37,medium
train,FZLiuBSLSJW,kana,0.5691489361702128,169,169,medium
train,FZLiuBSLSJW,western,0.4910313901345291,89,89,medium
train,FZLiuCTJW_Te,kana,0.4601063829787234,169,169,medium
train,FZLiuCTJW_Te,western,0.4551569506726457,89,89,medium
train,FZLongKSKSJW,bopomofo,0.5423076923076923,37,37,medium
train,FZLongKSKSJW,kana,0.5930851063829787,169,169,hard
train,FZLongKSKSJW,western,0.5807174887892377,89,89,hard
train,FZLuXTJW,kana,0.5372340425531915,169,169,medium
train,FZLuXTJW,western,0.6547085201793722,89,89,hard
train,FZMaLTJW_Da,kana,0.6090425531914894,169,169,hard
train,FZMaLTJW_Da,western,0.5717488789237668,89,89,hard
train,FZManYTJW-H,bopomofo,0.41923076923076924,37,37,medium
train,FZManYTJW-H,kana,0.4308510638297873,169,169,medium
train,FZManYTJW-H,western,0.5089686098654709,89,89,medium
train,FZMiaoYTJW-H,bopomofo,0.38846153846153847,37,37,easy
train,FZMiaoYTJW-H,kana,0.4042553191489362,169,169,medium
train,FZMiaoYTJW-H,western,0.45964125560538116,89,89,medium
train,FZMingCTJW-EB,bopomofo,0.48846153846153845,37,37,medium
train,FZMingCTJW-EB,kana,0.48936170212765956,169,169,medium
train,FZMingCTJW-EB,western,0.4887892376681614,89,89,medium
train,FZMingMTJW-EB,kana,0.48670212765957444,169,169,medium
train,FZMingMTJW-EB,western,0.33856502242152464,89,89,easy
train,FZMoDTJW_Cu,kana,0.3324468085106383,169,169,easy
train,FZMoDTJW_Cu,western,0.35650224215246634,89,89,easy
train,FZMoFHJW,western,0.3542600896860987,89,89,easy
train,FZMoYTJW-L,bopomofo,0.6692307692307693,37,37,hard
train,FZMoYTJW-L,kana,0.7952127659574468,169,169,hard
train,FZMoYTJW-L,western,0.820627802690583,89,89,hard
train,FZOneFamily-Bold,bopomofo,0.21923076923076923,37,37,easy
train,FZOneFamily-Bold,kana,0.24202127659574468,169,169,easy
train,FZOneFamily-Bold,western,0.31614349775784756,89,89,easy
train,FZOuYXKSJW,bopomofo,0.6230769230769231,37,37,hard
train,FZOuYXKSJW,kana,0.6968085106382979,169,169,hard
train,FZOuYXKSJW,western,0.6704035874439462,89,89,hard
train,FZPTYJW,western,0.33408071748878926,89,89,easy
train,FZPWJW,western,0.33408071748878926,89,89,easy
train,FZPanDLTJW,western,0.531390134529148,89,89,medium
train,FZPiaoCTJW,bopomofo,0.7346153846153847,37,37,hard
train,FZPiaoCTJW,kana,0.7553191489361701,169,169,hard
train,FZPiaoCTJW,western,0.7668161434977578,89,89,hard
train,FZQKBYSJW,western,0.6681614349775784,89,89,hard
train,FZQiSTJW-EB,kana,0.22606382978723405,169,169,easy
train,FZQiSTJW-EB,western,0.3632286995515695,89,89,easy
train,FZQingFSJW_Xi,kana,0.8324468085106383,169,169,hard
train,FZQingFSJW_Xi,western,0.8094170403587444,89,89,hard
train,FZQingKBYSJW-EL,bopomofo,0.6,37,37,hard
train,FZQingKBYSJW-EL,kana,0.824468085106383,169,169,hard
train,FZQingKBYSJW-EL,western,0.8452914798206278,89,89,hard
train,FZQingLTJW_Xian,kana,0.8404255319148937,169,169,hard
train,FZQingLTJW_Xian,western,0.8766816143497758,89,89,hard
train,FZQingLuTJW-EB,bopomofo,0.34615384615384615,37,37,easy
train,FZQingLuTJW-EB,kana,0.34574468085106386,169,169,easy
train,FZQingLuTJW-EB,western,0.3183856502242153,89,89,easy
train,FZQiuDYRHJW,bopomofo,0.8153846153846154,37,37,hard
train,FZQiuDYRHJW,kana,0.8430851063829787,169,169,hard
train,FZQiuDYRHJW,western,0.852017937219731,89,89,hard
train,FZRuiZHJW,western,0.6098654708520179,89,89,hard
train,FZRuiZHLTJW,bopomofo,0.6269230769230769,37,37,hard
train,FZRuiZHLTJW,kana,0.651595744680851,169,169,hard
train,FZRuiZHLTJW,western,0.6502242152466368,89,89,hard
train,FZRunKJW-T,bopomofo,0.7038461538461538,37,37,hard
train,FZRunKJW-T,kana,0.75,169,169,hard
train,FZRunKJW-T,western,0.7982062780269058,89,89,hard
train,FZRunYYSJW,kana,0.30319148936170215,169,169,easy
train,FZRunYYSJW,western,0.3430493273542601,89,89,easy
train,FZShanCPXJW,kana,0.6382978723404256,169,169,hard
train,FZShanCPXJW,western,0.6973094170403586,89,89,hard
train,FZShangYTJW,western,0.7062780269058295,89,89,hard
train,FZShenTJHHTJW,bopomofo,0.7576923076923077,37,37,hard
train,FZShenTJHHTJW,kana,0.7234042553191489,169,169,hard
train,FZShenTJHHTJW,western,0.8228699551569507,89,89,hard
train,FZShiGKSJW,bopomofo,0.4846153846153846,37,37,medium
train,FZShiGKSJW,kana,0.5611702127659575,169,169,medium
train,FZShiGKSJW,western,0.4753363228699552,89,89,medium
train,FZShiGKSK,bopomofo,0.48461538461538467,37,37,medium
train,FZShiGKSK,kana,0.5611702127659575,169,169,medium
train,FZShiGKSK,western,0.4753363228699552,89,89,medium
train,FZShiSTJW-B,kana,0.348404255319149,169,169,easy
train,FZShiSTJW-B,western,0.34977578475336324,89,89,easy
train,FZShiTSJW_Te,kana,0.35106382978723405,169,169,easy
train,FZShiTSJW_Te,western,0.34977578475336324,89,89,easy
train,FZShuLTJW-H,bopomofo,0.3192307692307692,37,37,easy
train,FZShuLTJW-H,kana,0.30319148936170215,169,169,easy
train,FZShuLTJW-H,western,0.5179372197309418,89,89,medium
train,FZShuQTJW,bopomofo,0.6576923076923077,37,37,hard
train,FZShuQTJW,kana,0.6382978723404256,169,169,hard
train,FZShuQTJW,western,0.6412556053811659,89,89,hard
train,FZShuangQTJW_Te,kana,0.22340425531914893,169,169,easy
train,FZShuangQTJW_Te,western,0.28026905829596416,89,89,easy
train,FZShuiYJW,kana,0.550531914893617,169,169,medium
train,FZShuiYJW,western,0.6860986547085202,89,89,hard
train,FZSiBTJW_Te,kana,0.42819148936170215,169,169,medium
train,FZSiBTJW_Te,western,0.37668161434977576,89,89,easy
train,FZSiLanTJW,bopomofo,0.6423076923076922,37,37,hard
train,FZSiLanTJW,kana,0.7074468085106382,169,169,hard
train,FZSiLanTJW,western,0.6569506726457399,89,89,hard
train,FZSiNTJW-H,bopomofo,0.3576923076923077,37,37,easy
train,FZSiNTJW-H,kana,0.39893617021276595,169,169,easy
train,FZSiNTJW-H,western,0.38565022421524664,89,89,medium
train,FZSiNTJW-UB,bopomofo,0.4576923076923077,37,37,medium
train,FZSiNTJW-UB,kana,0.4787234042553191,169,169,medium
train,FZSiNTJW-UB,western,0.5044843049327354,89,89,medium
train,FZSiNTJW-UL,bopomofo,0.8153846153846154,37,37,hard
train,FZSiNTJW-UL,kana,0.8803191489361701,169,169,hard
train,FZSiNTJW-UL,western,0.9147982062780269,89,89,hard
train,FZSongYJW,western,0.7466367713004485,89,89,hard
train,FZSongYuanK,bopomofo,0.6230769230769231,37,37,hard
train,FZSongYuanK,kana,0.648936170212766,169,169,hard
train,FZSongYuanK,western,0.7466367713004485,89,89,hard
train,FZTaiHTJW-H,kana,0.2526595744680851,169,169,easy
train,FZTaiHTJW-H,western,0.36771300448430494,89,89,easy
train,FZTanHTJW_Da,kana,0.30319148936170215,169,169,easy
train,FZTanHTJW_Da,western,0.3452914798206278,89,89,easy
train,FZTiHJW,western,0.4147982062780269,89,89,medium
train,FZTieXHJW,bopomofo,0.7692307692307692,37,37,hard
train,FZTieXHJW,kana,0.8377659574468086,169,169,hard
train,FZTieXHJW,western,0.8721973094170403,89,89,hard
train,FZVDLGTMCJW-L,bopomofo,0.7576923076923077,37,37,hard
train,FZVDLGTMCJW-L,kana,0.7526595744680851,169,169,hard
train,FZVDLGTMCJW-L,western,0.8452914798206278,89,89,hard
train,FZVDLJianZHJW-H,bopomofo,0.2730769230769231,37,37,easy
train,FZVDLJianZHJW-H,kana,0.28191489361702127,169,169,easy
train,FZVDLJianZHJW-H,western,0.3721973094170403,89,89,easy
train,FZVDLJiaoRHJW-T,bopomofo,0.7615384615384615,37,37,hard
train,FZVDLJiaoRHJW-T,kana,0.7898936170212766,169,169,hard
train,FZVDLJiaoRHJW-T,western,0.7959641255605381,89,89,hard
train,FZVDLJieYTJW-B,bopomofo,0.5615384615384615,37,37,medium
train,FZVDLJieYTJW-B,kana,0.6329787234042553,169,169,hard
train,FZVDLJieYTJW-B,western,0.5964125560538116,89,89,hard
train,FZVDLXinZTJW-R,bopomofo,0.8076923076923077,37,37,hard
train,FZVDLXinZTJW-R,kana,0.800531914893617,169,169,hard
train,FZVDLXinZTJW-R,western,0.8430493273542601,89,89,hard
train,FZVDLZhaoHJW-H,bopomofo,0.2730769230769231,37,37,easy
train,FZVDLZhaoHJW-H,kana,0.2925531914893617,169,169,easy
train,FZVDLZhaoHJW-H,western,0.3811659192825112,89,89,easy
train,FZVariable-YouSongJ,bopomofo,0.7115384615384616,37,37,hard
train,FZVariable-YouSongJ,kana,0.6941489361702128,169,169,hard
train,FZVariable-YouSongJ,western,0.5829596412556054,89,89,hard
train,FZWBJW,western,0.5448430493273543,89,89,medium
train,FZWZZYJW,kana,0.5611702127659575,169,169,medium
train,FZWZZYJW,western,0.5807174887892377,89,89,hard
train,FZWeiWTJW,bopomofo,0.49230769230769234,37,37,medium
train,FZWeiWTJW,kana,0.5797872340425532,169,169,medium
train,FZWeiWTJW,western,0.5852017937219731,89,89,hard
train,FZWeiYHJW,bopomofo,0.2653846153846154,37,37,easy
train,FZWeiYHJW,kana,0.27393617021276595,169,169,easy
train,FZWeiYHJW,western,0.405829596412556,89,89,medium
train,FZWenHYBTJW,western,0.3004484304932735,89,89,easy
train,FZWenZMXCJW,bopomofo,0.5499999999999999,37,37,medium
train,FZWenZMXCJW,kana,0.6143617021276595,169,169,hard
train,FZWenZMXCJW,western,0.6547085201793722,89,89,hard
train,FZWuYTJW,western,0.6726457399103138,89,89,hard
train,FZXiXSLSJW,bopomofo,0.5615384615384615,37,37,medium
train,FZXiXSLSJW,kana,0.5904255319148937,169,169,hard
train,FZXiXSLSJW,western,0.5829596412556054,89,89,hard
train,FZXianWTJW,kana,0.6835106382978724,169,169,hard
train,FZXianWTJW,western,0.6973094170403588,89,89,hard
train,FZXianWXTJW-L,bopomofo,0.8461538461538461,37,37,hard
train,FZXianWXTJW-L,kana,0.8643617021276596,169,169,hard
train,FZXianWXTJW-L,western,0.8251121076233183,89,89,hard
train,FZXiangHJW-M,kana,0.449468085106383,169,169,medium
train,FZXiangHJW-M,western,0.38565022421524664,89,89,medium
train,FZXiaoSSJW_Te,kana,0.45478723404255317,169,169,medium
train,FZXiaoSSJW_Te,western,0.4260089686098655,89,89,medium
train,FZXieXTJW-EB,bopomofo,0.5423076923076923,37,37,medium
train,FZXieXTJW-EB,kana,0.5851063829787234,169,169,hard
train,FZXieXTJW-EB,western,0.49327354260089684,89,89,medium
train,FZXinGHJW-EL,bopomofo,0.6038461538461538,37,37,hard
train,FZXinGHJW-EL,kana,0.7659574468085106,169,169,hard
train,FZXinGHJW-EL,western,0.8318385650224216,89,89,hard
train,FZXinHJYKXZJW,western,0.8878923766816144,89,89,hard
train,FZXinRTJW-EB,kana,0.37765957446808507,169,169,easy
train,FZXinRTJW-EB,western,0.5067264573991032,89,89,medium
train,FZXinZYHJW_EB,bopomofo,0.22307692307692306,37,37,easy
train,FZXinZYHJW_EB,kana,0.22606382978723405,169,169,easy
train,FZXinZYHJW_EB,western,0.3699551569506726,89,89,easy
train,FZXinZYHJW_UL,bopomofo,0.8384615384615385,37,37,hard
train,FZXinZYHJW_UL,kana,0.8936170212765957,169,169,hard
train,FZXinZYHJW_UL,western,0.9103139013452914,89,89,hard
train,FZXingHeiJW-B,bopomofo,0.3346153846153846,37,37,easy
train,FZXingHeiJW-B,kana,0.3563829787234043,169,169,easy
train,FZXingHeiJW-B,western,0.33183856502242154,89,89,easy
train,FZXueWRHJW,bopomofo,0.3923076923076923,37,37,easy
train,FZXueWRHJW,kana,0.31382978723404253,169,169,easy
train,FZXueWRHJW,western,0.37668161434977576,89,89,easy
train,FZYASHJW_Cu,bopomofo,0.3538461538461538,37,37,easy
train,FZYASHJW_Cu,kana,0.39893617021276595,169,169,easy
train,FZYASHJW_Cu,western,0.35650224215246634,89,89,easy
train,FZYDCHJW,western,0.35201793721973096,89,89,easy
train,FZYTJW,western,0.5291479820627802,89,89,medium
train,FZYaSSJW-B,bopomofo,0.35000000000000003,37,37,easy
train,FZYaSSJW-B,kana,0.39893617021276595,169,169,easy
train,FZYaSSJW-B,western,0.36547085201793716,89,89,easy
train,FZYanSJW,western,0.5381165919282511,89,89,medium
train,FZYanZQKSJW,bopomofo,0.5576923076923077,37,37,medium
train,FZYanZQKSJW,kana,0.625,169,169,hard
train,FZYanZQKSJW,western,0.468609865470852,89,89,medium
train,FZYaoDHJW,bopomofo,0.24615384615384614,37,37,easy
train,FZYaoDHJW,kana,0.26063829787234044,169,169,easy
train,FZYaoDHJW,western,0.40358744394618834,89,89,medium
train,FZYiBSLSJW,bopomofo,0.5384615384615384,37,37,medium
train,FZYiBSLSJW,kana,0.5664893617021276,169,169,medium
train,FZYiBSLSJW,western,0.5605381165919283,89,89,hard
train,FZYiHJW,bopomofo,0.5,37,37,medium
train,FZYiHJW,kana,0.5053191489361702,169,169,medium
train,FZYiHJW,western,0.4730941704035875,89,89,medium
train,FZYiHTJW-EB,bopomofo,0.3769230769230769,37,37,easy
train,FZYiHTJW-EB,kana,0.37765957446808507,169,169,easy
train,FZYiHTJW-EB,western,0.40582959641255606,89,89,medium
train,FZYiMSJW-T,bopomofo,0.8115384615384615,37,37,hard
train,FZYiMSJW-T,kana,0.7792553191489362,169,169,hard
train,FZYiMSJW-T,western,0.8430493273542601,89,89,hard
train,FZYiSJW_Te,kana,0.2712765957446809,169,169,easy
train,FZYiSJW_Te,western,0.36995515695067266,89,89,easy
train,FZYiXTJW-EB,bopomofo,0.36153846153846153,37,37,easy
train,FZYiXTJW-EB,kana,0.38563829787234044,169,169,easy
train,FZYiXTJW-EB,western,0.38565022421524664,89,89,medium
train,FZYiZTJW-EB,bopomofo,0.3692307692307692,37,37,easy
train,FZYiZTJW-EB,kana,0.35106382978723405,169,169,easy
train,FZYiZTJW-EB,western,0.40582959641255606,89,89,medium
train,FZYongDHJW-T,bopomofo,0.7230769230769231,37,37,hard
train,FZYongDHJW-T,kana,0.7819148936170213,169,169,hard
train,FZYongDHJW-T,western,0.7937219730941705,89,89,hard
train,FZYongKTJ,kana,0.5851063829787234,169,169,hard
train,FZYongKTJ,western,0.47757847533632286,89,89,medium
train,FZYooncheQWHJW-B,western,0.33183856502242154,89,89,easy
train,FZYouHJW_508R,bopomofo,0.46153846153846156,37,37,medium
train,FZYouHJW_508R,kana,0.5026595744680852,169,169,medium
train,FZYouHJW_508R,western,0.3923766816143498,89,89,medium
train,FZYouHJW_509R,bopomofo,0.39615384615384613,37,37,easy
train,FZYouHJW_509R,kana,0.44148936170212766,169,169,medium
train,FZYouHJW_509R,western,0.3183856502242152,89,89,easy
train,FZYouHJW_510M,bopomofo,0.4,37,37,medium
train,FZYouHJW_510M,kana,0.4095744680851064,169,169,medium
train,FZYouHJW_510M,western,0.33856502242152464,89,89,easy
train,FZYouHJW_511M,bopomofo,0.4,37,37,medium
train,FZYouHJW_511M,kana,0.3723404255319149,169,169,easy
train,FZYouHJW_511M,western,0.3004484304932735,89,89,easy
train,FZYouHJW_512B,bopomofo,0.3346153846153846,37,37,easy
train,FZYouHJW_512B,kana,0.34308510638297873,169,169,easy
train,FZYouHJW_512B,western,0.32286995515695066,89,89,easy
train,FZYouHJW_513B,bopomofo,0.3153846153846154,37,37,easy
train,FZYouHJW_513B,kana,0.300531914893617,169,169,easy
train,FZYouHJW_513B,western,0.3094170403587444,89,89,easy
train,FZYouHK_508R,bopomofo,0.46153846153846156,37,37,medium
train,FZYouHK_508R,kana,0.5026595744680852,169,169,medium
train,FZYouHK_508R,western,0.3923766816143498,89,89,medium
train,FZYouHK_509R,bopomofo,0.39615384615384613,37,37,easy
train,FZYouHK_509R,kana,0.44148936170212766,169,169,medium
train,FZYouHK_509R,western,0.3183856502242152,89,89,easy
train,FZYouHK_510M,bopomofo,0.4,37,37,medium
train,FZYouHK_510M,kana,0.4095744680851064,169,169,medium
train,FZYouHK_510M,western,0.33856502242152464,89,89,easy
train,FZYouHK_512B,bopomofo,0.3346153846153846,37,37,easy
train,FZYouHK_512B,kana,0.34308510638297873,169,169,easy
train,FZYouHK_512B,western,0.32286995515695066,89,89,easy
train,FZYouHK_513B,bopomofo,0.3153846153846154,37,37,easy
train,FZYouHK_513B,kana,0.300531914893617,169,169,easy
train,FZYouHK_513B,western,0.3094170403587444,89,89,easy
train,FZYouSJJW_507R,bopomofo,0.676923076923077,37,37,hard
train,FZYouSJJW_507R,kana,0.6781914893617021,169,169,hard
train,FZYouSJJW_507R,western,0.5201793721973094,89,89,medium
train,FZYouSJJW_508R,bopomofo,0.6615384615384615,37,37,hard
train,FZYouSJJW_508R,kana,0.6542553191489362,169,169,hard
train,FZYouSJJW_508R,western,0.4663677130044843,89,89,medium
train,FZYouSJJW_509R,bopomofo,0.6346153846153846,37,37,hard
train,FZYouSJJW_509R,kana,0.6090425531914894,169,169,hard
train,FZYouSJJW_509R,western,0.4327354260089686,89,89,medium
train,FZYouSTJW-B,bopomofo,0.47307692307692306,37,37,medium
train,FZYouSTJW-B,kana,0.4042553191489362,169,169,medium
train,FZYouSTJW-B,western,0.44618834080717484,89,89,medium
train,FZYouYSJW-R,bopomofo,0.6269230769230769,37,37,hard
train,FZYouYSJW-R,kana,0.6090425531914894,169,169,hard
train,FZYouYSJW-R,western,0.6547085201793722,89,89,hard
train,FZYuLTJW-EB,bopomofo,0.3153846153846154,37,37,easy
train,FZYuLTJW-EB,kana,0.30851063829787234,169,169,easy
train,FZYuLTJW-EB,western,0.36771300448430494,89,89,easy
train,FZYuYCTJW,bopomofo,0.46923076923076923,37,37,medium
train,FZYuYCTJW,kana,0.46276595744680854,169,169,medium
train,FZYuYCTJW,western,0.531390134529148,89,89,medium
train,FZYunHJW-EB,bopomofo,0.22692307692307692,37,37,easy
train,FZYunHJW-EB,kana,0.2473404255319149,169,169,easy
train,FZYunHJW-EB,western,0.3946188340807175,89,89,medium
train,FZYunLTJW,bopomofo,0.45384615384615384,37,37,medium
train,FZYunLTJW,kana,0.4601063829787234,169,169,medium
train,FZYunLTJW,western,0.452914798206278,89,89,medium
train,FZZDHJW,western,0.26905829596412556,89,89,easy
train,FZZJ-ZWJBTJW,bopomofo,0.7538461538461538,37,37,hard
train,FZZJ-ZWJBTJW,kana,0.7553191489361702,169,169,hard
train,FZZJ-ZWJBTJW,western,0.8385650224215246,89,89,hard
train,FZZhaoJSJSJW,bopomofo,0.8653846153846154,37,37,hard
train,FZZhaoJSJSJW,kana,0.8803191489361701,169,169,hard
train,FZZhaoJSJSJW,western,0.8878923766816144,89,89,hard
train,FZZhenSYJW,kana,0.5292553191489362,169,169,medium
train,FZZhenSYJW,western,0.46412556053811654,89,89,medium
train,FZZhiXHJW-R,bopomofo,0.6961538461538461,37,37,hard
train,FZZhiXHJW-R,kana,0.7765957446808511,169,169,hard
train,FZZhiXHJW-R,western,0.8587443946188341,89,89,hard
train,FZZhuoHJW,western,0.34080717488789236,89,89,easy
train,FZZiHJW,bopomofo,0.22692307692307692,37,37,easy
train,FZZiHJW,kana,0.2553191489361702,169,169,easy
train,FZZiHJW,western,0.3721973094170404,89,89,easy
train,FZZiRTJW-EB,bopomofo,0.3153846153846154,37,37,easy
train,FZZiRTJW-EB,kana,0.3670212765957447,169,169,easy
train,FZZiRTJW-EB,western,0.32286995515695066,89,89,easy
train,FZZiZDKJW,kana,0.4601063829787234,169,169,medium
train,FZZiZDKJW,western,0.45067264573991034,89,89,medium
train,FZZiZLDJW,kana,0.4627659574468085,169,169,medium
train,FZZiZLDJW,western,0.5112107623318386,89,89,medium
train,FZZiZQXDCJW,kana,0.5,169,169,medium
train,FZZiZQXDCJW,western,0.5426008968609866,89,89,medium
train,FZZuanSTJW_Da,kana,0.2553191489361702,169,169,easy
train,FZZuanSTJW_Da,western,0.2937219730941704,89,89,easy
train,FZZuoZJHJW-B,bopomofo,0.29615384615384616,37,37,easy
train,FZZuoZJHJW-B,kana,0.29521276595744683,169,169,easy
train,FZZuoZJHJW-B,western,0.34080717488789236,89,89,easy
train,FZquanfuti,kana,0.5877659574468085,169,169,hard
train,FZquanfuti,western,0.6053811659192825,89,89,hard
train,TSTanHJW-R,bopomofo,0.6346153846153846,37,37,hard
train,TSTanHJW-R,kana,0.6968085106382979,169,169,hard
train,TSTanHJW-R,western,0.6031390134529148,89,89,hard
val,FZBangSKKXJW,bopomofo,0.7461538461538462,37,37,hard
val,FZBangSKKXJW,kana,0.7340425531914894,169,169,hard
val,FZBangSKKXJW,western,0.8677130044843049,89,89,hard
val,FZCaoQBLSJW,bopomofo,0.6346153846153846,37,37,hard
val,FZCaoQBLSJW,kana,0.6462765957446808,169,169,hard
val,FZCaoQBLSJW,western,0.6591928251121076,89,89,hard
val,FZFWZhuZiHeiB,bopomofo,0.45,37,37,medium
val,FZFWZhuZiHeiB,kana,0.4388297872340426,169,169,medium
val,FZFWZhuZiHeiB,western,0.3273542600896861,89,89,easy
val,FZHengFSJW-T,bopomofo,0.7961538461538462,37,37,hard
val,FZHengFSJW-T,kana,0.803191489361702,169,169,hard
val,FZHengFSJW-T,western,0.8206278026905829,89,89,hard
val,FZJunYTJW-H,western,0.31390134529147984,89,89,easy
val,FZKANGJW,western,0.5022421524663677,89,89,medium
val,FZKuaiHTJW_Te,kana,0.26861702127659576,169,169,easy
val,FZKuaiHTJW_Te,western,0.3251121076233184,89,89,easy
val,FZLTHProGBK_H,kana,0.27393617021276595,169,169,easy
val,FZLTHProGBK_H,western,0.26905829596412556,89,89,easy
val,FZMiFXSJW,bopomofo,0.5538461538461539,37,37,medium
val,FZMiFXSJW,kana,0.6117021276595744,169,169,hard
val,FZMiFXSJW,western,0.5874439461883407,89,89,hard
val,FZQingYSJW-T,bopomofo,0.7538461538461538,37,37,hard
val,FZQingYSJW-T,kana,0.803191489361702,169,169,hard
val,FZQingYSJW-T,western,0.789237668161435,89,89,hard
val,FZSongKBXKJW-EB,bopomofo,0.5076923076923077,37,37,medium
val,FZSongKBXKJW-EB,kana,0.4946808510638298,169,169,medium
val,FZSongKBXKJW-EB,western,0.515695067264574,89,89,medium
val,FZSuHJW,kana,0.35904255319148937,169,169,easy
val,FZSuHJW,western,0.3721973094170403,89,89,easy
val,FZYouHK_511M,bopomofo,0.4,37,37,medium
val,FZYouHK_511M,kana,0.3723404255319149,169,169,easy
val,FZYouHK_511M,western,0.3004484304932735,89,89,easy
val,FZZHJW,bopomofo,0.6192307692307693,37,37,hard
val,FZZHJW,kana,0.523936170212766,169,169,medium
val,FZZHJW,western,0.6076233183856502,89,89,hard
val,FZZanMTJW_Te,kana,0.4414893617021277,169,169,medium
val,FZZanMTJW_Te,western,0.5044843049327354,89,89,medium
val,FZZhongYSJW_Te,kana,0.34308510638297873,169,169,easy
val,FZZhongYSJW_Te,western,0.4103139013452915,89,89,medium
