script,k,difficulty,arm,total,resolved,coverage,fonts,small_font_cell,M5,same_char_top2,N_not_last,G_average_rank
all,all,all,K0,2816,2792,0.9914772727,16,False,0.2576033934,0.7624957525,0.9867021277,2.308503083
all,all,all,K1,2816,2792,0.9914772727,16,False,0.2674624425,0.7725202082,0.9867021277,2.290200538
bopomofo,all,all,K0,84,60,0.7142857143,5,False,0.3833333333,0.85,1,1.666666667
kana,all,all,K0,364,364,1,13,False,0.3049450549,0.793956044,1,2.332417582
western,all,all,K0,2368,2368,1,16,False,0.2449324324,0.7559121622,0.9831081081,2.320945946
bopomofo,all,all,K1,84,60,0.7142857143,5,False,0.3833333333,0.8666666667,1,1.733333333
kana,all,all,K1,364,364,1,13,False,0.2802197802,0.7664835165,1,2.395604396
western,all,all,K1,2368,2368,1,16,False,0.2618243243,0.7723817568,0.9831081081,2.285050676
all,1,all,K0,704,698,0.9914772727,16,False,0.2358452807,0.7495744354,0.9867021277,2.431584571
all,2,all,K0,704,698,0.9914772727,16,False,0.2545905432,0.7619190757,0.9867021277,2.284776223
all,4,all,K0,704,698,0.9914772727,16,False,0.2610646793,0.7675102266,0.9867021277,2.289260579
all,8,all,K0,704,698,0.9914772727,16,False,0.2789130705,0.7709792723,0.9867021277,2.228390957
all,1,all,K1,704,698,0.9914772727,16,False,0.2420506822,0.7548968516,0.9867021277,2.412171964
all,2,all,K1,704,698,0.9914772727,16,False,0.2727640297,0.7794848463,0.9867021277,2.273004176
all,4,all,K1,704,698,0.9914772727,16,False,0.274181217,0.7738936954,0.9867021277,2.273135684
all,8,all,K1,704,698,0.9914772727,16,False,0.280853841,0.7818054394,0.9867021277,2.202490329
all,all,easy,K0,568,568,1,4,True,0.2732954545,0.8153409091,1,2.152272727
all,all,hard,K0,1292,1292,1,9,False,0.3176003615,0.7502180614,0.993993994,2.097448875
all,all,medium,K0,956,932,0.9748953975,8,False,0.173037887,0.7000635488,0.9778167311,2.58009856
all,all,easy,K1,568,568,1,4,True,0.2767045455,0.8196022727,1,2.228409091
all,all,hard,K1,1292,1292,1,9,False,0.3265581829,0.7625324793,0.993993994,2.055882406
all,all,medium,K1,956,932,0.9748953975,8,False,0.167402336,0.6766425136,0.9778167311,2.611102323
bopomofo,1,all,K0,21,15,0.7142857143,5,False,0.3333333333,0.8,1,1.933333333
bopomofo,2,all,K0,21,15,0.7142857143,5,False,0.4,0.8666666667,1,1.666666667
bopomofo,4,all,K0,21,15,0.7142857143,5,False,0.4,0.8666666667,1,1.533333333
bopomofo,8,all,K0,21,15,0.7142857143,5,False,0.4,0.8666666667,1,1.533333333
kana,1,all,K0,91,91,1,13,False,0.2637362637,0.7582417582,1,2.483516484
kana,2,all,K0,91,91,1,13,False,0.3076923077,0.8021978022,1,2.318681319
kana,4,all,K0,91,91,1,13,False,0.3076923077,0.8021978022,1,2.307692308
kana,8,all,K0,91,91,1,13,False,0.3406593407,0.8131868132,1,2.21978022
western,1,all,K0,592,592,1,16,False,0.2280405405,0.7483108108,0.9831081081,2.429054054
western,2,all,K0,592,592,1,16,False,0.2398648649,0.7533783784,0.9831081081,2.298986486
western,4,all,K0,592,592,1,16,False,0.2483108108,0.7601351351,0.9831081081,2.304054054
western,8,all,K0,592,592,1,16,False,0.2635135135,0.7618243243,0.9831081081,2.251689189
bopomofo,1,all,K1,21,15,0.7142857143,5,False,0.3333333333,0.8666666667,1,1.8
bopomofo,2,all,K1,21,15,0.7142857143,5,False,0.4,0.8666666667,1,1.8
bopomofo,4,all,K1,21,15,0.7142857143,5,False,0.4,0.8666666667,1,1.733333333
bopomofo,8,all,K1,21,15,0.7142857143,5,False,0.4,0.8666666667,1,1.6
kana,1,all,K1,91,91,1,13,False,0.2747252747,0.7472527473,1,2.472527473
kana,2,all,K1,91,91,1,13,False,0.2417582418,0.7692307692,1,2.450549451
kana,4,all,K1,91,91,1,13,False,0.2857142857,0.7582417582,1,2.395604396
kana,8,all,K1,91,91,1,13,False,0.3186813187,0.7912087912,1,2.263736264
western,1,all,K1,592,592,1,16,False,0.2347972973,0.7550675676,0.9831081081,2.408783784
western,2,all,K1,592,592,1,16,False,0.2736486486,0.7804054054,0.9831081081,2.256756757
western,4,all,K1,592,592,1,16,False,0.2685810811,0.7753378378,0.9831081081,2.263513514
western,8,all,K1,592,592,1,16,False,0.2702702703,0.7787162162,0.9831081081,2.211148649
bopomofo,all,easy,K0,12,12,1,1,True,0.3333333333,1,1,1.666666667
bopomofo,all,hard,K0,24,24,1,2,True,0.3333333333,0.8333333333,1,1.875
bopomofo,all,medium,K0,48,24,0.5,2,True,0.4583333333,0.7916666667,1,1.458333333
kana,all,easy,K0,112,112,1,4,True,0.3303571429,0.8660714286,1,2.169642857
kana,all,hard,K0,84,84,1,3,True,0.4642857143,0.9523809524,1,1.916666667
kana,all,medium,K0,168,168,1,6,False,0.2083333333,0.6666666667,1,2.648809524
western,all,easy,K0,444,444,1,3,True,0.2567567568,0.740990991,1,2.184684685
western,all,hard,K0,1184,1184,1,8,False,0.3057432432,0.7474662162,0.9932432432,2.217060811
western,all,medium,K0,740,740,1,5,False,0.1405405405,0.7783783784,0.9567567568,2.568918919
bopomofo,all,easy,K1,12,12,1,1,True,0.3333333333,1,1,1.916666667
bopomofo,all,hard,K1,24,24,1,2,True,0.2916666667,0.8333333333,1,1.75
bopomofo,all,medium,K1,48,24,0.5,2,True,0.5,0.8333333333,1,1.625
kana,all,easy,K1,112,112,1,4,True,0.3571428571,0.875,1,2.151785714
kana,all,hard,K1,84,84,1,3,True,0.4523809524,0.8928571429,1,2.047619048
kana,all,medium,K1,168,168,1,6,False,0.1428571429,0.630952381,1,2.732142857
western,all,easy,K1,444,444,1,3,True,0.2477477477,0.7454954955,1,2.234234234
western,all,hard,K1,1184,1184,1,8,False,0.3192567568,0.7677364865,0.9932432432,2.152871622
western,all,medium,K1,740,740,1,5,False,0.1783783784,0.7959459459,0.9567567568,2.527027027
all,1,easy,K0,142,142,1,4,True,0.2545454545,0.8125,1,2.289772727
all,1,hard,K0,323,323,1,9,False,0.2862456267,0.7427446789,0.993993994,2.179776972
all,1,medium,K0,239,233,0.9748953975,8,False,0.1639736414,0.6724295292,0.9778167311,2.767339044
all,2,easy,K0,142,142,1,4,True,0.2625,0.8068181818,1,2.184090909
all,2,hard,K0,323,323,1,9,False,0.3222569765,0.7522314384,0.993993994,2.084952941
all,2,medium,K0,239,233,0.9748953975,8,False,0.1825430536,0.7050156176,0.9778167311,2.51017831
all,4,easy,K0,142,142,1,4,True,0.2738636364,0.8181818182,1,2.117045455
all,4,hard,K0,323,323,1,9,False,0.3309494214,0.7552344414,0.993993994,2.064750921
all,4,medium,K0,239,233,0.9748953975,8,False,0.1584051982,0.6990975744,0.9778167311,2.60576154
all,8,easy,K0,142,142,1,4,True,0.3022727273,0.8238636364,1,2.018181818
all,8,hard,K0,323,323,1,9,False,0.3309494214,0.7506616868,0.993993994,2.060314667
all,8,medium,K0,239,233,0.9748953975,8,False,0.187229655,0.723711474,0.9778167311,2.437115347
all,1,easy,K1,142,142,1,4,True,0.2909090909,0.8125,1,2.323863636
all,1,hard,K1,323,323,1,9,False,0.3045613312,0.7563264425,0.993993994,2.105892643
all,1,medium,K1,239,233,0.9748953975,8,False,0.1290133063,0.6588545906,0.9778167311,2.826397047
all,2,easy,K1,142,142,1,4,True,0.2738636364,0.8238636364,1,2.205681818
all,2,hard,K1,323,323,1,9,False,0.3356775538,0.767860704,0.993993994,2.026013441
all,2,medium,K1,239,233,0.9748953975,8,False,0.1695260748,0.6670286047,0.9778167311,2.588613073
all,4,easy,K1,142,142,1,4,True,0.2625,0.8125,1,2.197727273
all,4,hard,K1,323,323,1,9,False,0.3304716709,0.7599683823,0.993993994,2.104368392
all,4,medium,K1,239,233,0.9748953975,8,False,0.186955436,0.6848857475,0.9778167311,2.540319718
all,8,easy,K1,142,142,1,4,True,0.2795454545,0.8295454545,1,2.186363636
all,8,hard,K1,323,323,1,9,False,0.3355221759,0.7659743883,0.993993994,1.987255147
all,8,medium,K1,239,233,0.9748953975,8,False,0.1841145269,0.6958011116,0.9778167311,2.489079455
bopomofo,1,easy,K0,3,3,1,1,True,0.3333333333,1,1,2
bopomofo,1,hard,K0,6,6,1,2,True,0.3333333333,0.8333333333,1,1.833333333
bopomofo,1,medium,K0,12,6,0.5,2,True,0.3333333333,0.6666666667,1,2
bopomofo,2,easy,K0,3,3,1,1,True,0.3333333333,1,1,2
bopomofo,2,hard,K0,6,6,1,2,True,0.3333333333,0.8333333333,1,1.833333333
bopomofo,2,medium,K0,12,6,0.5,2,True,0.5,0.8333333333,1,1.333333333
bopomofo,4,easy,K0,3,3,1,1,True,0.3333333333,1,1,1.333333333
bopomofo,4,hard,K0,6,6,1,2,True,0.3333333333,0.8333333333,1,1.833333333
bopomofo,4,medium,K0,12,6,0.5,2,True,0.5,0.8333333333,1,1.333333333
bopomofo,8,easy,K0,3,3,1,1,True,0.3333333333,1,1,1.333333333
bopomofo,8,hard,K0,6,6,1,2,True,0.3333333333,0.8333333333,1,2
bopomofo,8,medium,K0,12,6,0.5,2,True,0.5,0.8333333333,1,1.166666667
kana,1,easy,K0,28,28,1,4,True,0.25,0.8214285714,1,2.392857143
kana,1,hard,K0,21,21,1,3,True,0.380952381,0.9523809524,1,1.952380952
kana,1,medium,K0,42,42,1,6,False,0.2142857143,0.619047619,1,2.80952381
kana,2,easy,K0,28,28,1,4,True,0.3214285714,0.8571428571,1,2.214285714
kana,2,hard,K0,21,21,1,3,True,0.4761904762,0.9523809524,1,1.904761905
kana,2,medium,K0,42,42,1,6,False,0.2142857143,0.6904761905,1,2.595238095
kana,4,easy,K0,28,28,1,4,True,0.3571428571,0.8928571429,1,2.107142857
kana,4,hard,K0,21,21,1,3,True,0.4761904762,0.9523809524,1,1.904761905
kana,4,medium,K0,42,42,1,6,False,0.1904761905,0.6666666667,1,2.642857143
kana,8,easy,K0,28,28,1,4,True,0.3928571429,0.8928571429,1,1.964285714
kana,8,hard,K0,21,21,1,3,True,0.5238095238,0.9523809524,1,1.904761905
kana,8,medium,K0,42,42,1,6,False,0.2142857143,0.6904761905,1,2.547619048
western,1,easy,K0,111,111,1,3,True,0.2702702703,0.7477477477,1,2.207207207
western,1,hard,K0,296,296,1,8,False,0.2736486486,0.7398648649,0.9932432432,2.310810811
western,1,medium,K0,185,185,1,5,False,0.1297297297,0.7621621622,0.9567567568,2.751351351
western,2,easy,K0,111,111,1,3,True,0.2342342342,0.7297297297,1,2.207207207
western,2,hard,K0,296,296,1,8,False,0.3108108108,0.75,0.9932432432,2.206081081
western,2,medium,K0,185,185,1,5,False,0.1297297297,0.772972973,0.9567567568,2.502702703
western,4,easy,K0,111,111,1,3,True,0.2432432432,0.7387387387,1,2.207207207
western,4,hard,K0,296,296,1,8,False,0.3209459459,0.7533783784,0.9932432432,2.179054054
western,4,medium,K0,185,185,1,5,False,0.1351351351,0.7837837838,0.9567567568,2.562162162
western,8,easy,K0,111,111,1,3,True,0.2792792793,0.7477477477,1,2.117117117
western,8,hard,K0,296,296,1,8,False,0.3175675676,0.7466216216,0.9932432432,2.172297297
western,8,medium,K0,185,185,1,5,False,0.1675675676,0.7945945946,0.9567567568,2.459459459
bopomofo,1,easy,K1,3,3,1,1,True,0.3333333333,1,1,2.333333333
bopomofo,1,hard,K1,6,6,1,2,True,0.1666666667,0.8333333333,1,1.833333333
bopomofo,1,medium,K1,12,6,0.5,2,True,0.5,0.8333333333,1,1.5
bopomofo,2,easy,K1,3,3,1,1,True,0.3333333333,1,1,2
bopomofo,2,hard,K1,6,6,1,2,True,0.3333333333,0.8333333333,1,1.666666667
bopomofo,2,medium,K1,12,6,0.5,2,True,0.5,0.8333333333,1,1.833333333
bopomofo,4,easy,K1,3,3,1,1,True,0.3333333333,1,1,1.666666667
bopomofo,4,hard,K1,6,6,1,2,True,0.3333333333,0.8333333333,1,1.833333333
bopomofo,4,medium,K1,12,6,0.5,2,True,0.5,0.8333333333,1,1.666666667
bopomofo,8,easy,K1,3,3,1,1,True,0.3333333333,1,1,1.666666667
bopomofo,8,hard,K1,6,6,1,2,True,0.3333333333,0.8333333333,1,1.666666667
bopomofo,8,medium,K1,12,6,0.5,2,True,0.5,0.8333333333,1,1.5
kana,1,easy,K1,28,28,1,4,True,0.3571428571,0.8571428571,1,2.214285714
kana,1,hard,K1,21,21,1,3,True,0.4761904762,0.9047619048,1,2
kana,1,medium,K1,42,42,1,6,False,0.119047619,0.5952380952,1,2.880952381
kana,2,easy,K1,28,28,1,4,True,0.3214285714,0.8571428571,1,2.178571429
kana,2,hard,K1,21,21,1,3,True,0.3333333333,0.9047619048,1,2.19047619
kana,2,medium,K1,42,42,1,6,False,0.1428571429,0.6428571429,1,2.761904762
kana,4,easy,K1,28,28,1,4,True,0.3571428571,0.8571428571,1,2.142857143
kana,4,hard,K1,21,21,1,3,True,0.4761904762,0.9047619048,1,2.047619048
kana,4,medium,K1,42,42,1,6,False,0.1428571429,0.619047619,1,2.738095238
kana,8,easy,K1,28,28,1,4,True,0.3928571429,0.9285714286,1,2.071428571
kana,8,hard,K1,21,21,1,3,True,0.5238095238,0.8571428571,1,1.952380952
kana,8,medium,K1,42,42,1,6,False,0.1666666667,0.6666666667,1,2.547619048
western,1,easy,K1,111,111,1,3,True,0.2702702703,0.7387387387,1,2.297297297
western,1,hard,K1,296,296,1,8,False,0.2939189189,0.7601351351,0.9932432432,2.212837838
western,1,medium,K1,185,185,1,5,False,0.1189189189,0.7567567568,0.9567567568,2.789189189
western,2,easy,K1,111,111,1,3,True,0.2522522523,0.7567567568,1,2.189189189
western,2,hard,K1,296,296,1,8,False,0.3378378378,0.7736486486,0.9932432432,2.152027027
western,2,medium,K1,185,185,1,5,False,0.1837837838,0.8054054054,0.9567567568,2.464864865
western,4,easy,K1,111,111,1,3,True,0.2252252252,0.7387387387,1,2.225225225
western,4,hard,K1,296,296,1,8,False,0.3209459459,0.7635135135,0.9932432432,2.168918919
western,4,medium,K1,185,185,1,5,False,0.2108108108,0.8162162162,0.9567567568,2.437837838
western,8,easy,K1,111,111,1,3,True,0.2432432432,0.7477477477,1,2.225225225
western,8,hard,K1,296,296,1,8,False,0.3243243243,0.7736486486,0.9932432432,2.077702703
western,8,medium,K1,185,185,1,5,False,0.2,0.8054054054,0.9567567568,2.416216216
