script,difficulty,evaluator,queries_total,queries_valid,fonts,rho,rho_ci95_low,rho_ci95_high,tau,tau_ci95_low,tau_ci95_high,small_font_cell
all,all,R1_cosine,704,698,16,0.8602615317,0.8144258772,0.9003759067,0.8091517024,0.7562149029,0.8557707652,False
all,all,R1_head,704,698,16,0.8003668097,0.7314028055,0.8612646862,0.7406276252,0.6611515963,0.8109233456,False
all,all,R2_cosine,704,698,16,0.8742715735,0.8370503896,0.9070206264,0.8267858142,0.7839113122,0.8645253875,False
all,all,R2_head,704,698,16,0.8344348624,0.7804345058,0.8828238793,0.7806244859,0.7182325896,0.8364815036,False
all,all,R3_head,704,698,16,0.8742493595,0.8420054205,0.9035625504,0.8267601637,0.7896306321,0.8606074325,False
all,all,v1_cosine,704,698,16,0.8583502691,0.8175848224,0.8942864888,0.8067718743,0.7589710177,0.8489512855,False
all,all,v1_head,704,698,16,0.8147430377,0.7524327099,0.8700951531,0.7566875131,0.6848946768,0.8206552589,False
bopomofo,all,R1_cosine,21,15,5,0.8432740427,0.7167829363,0.9486832981,0.7911548053,0.6450954566,0.9128709292,False
kana,all,R1_cosine,91,91,13,0.8652825686,0.799256991,0.9104579637,0.8165680619,0.740328292,0.868732115,False
western,all,R1_cosine,592,592,16,0.8601893793,0.8138903225,0.9011422994,0.8086309379,0.7549689306,0.8561248984,False
bopomofo,all,R1_head,21,15,5,0.7589466384,0.611373681,0.9065195959,0.6937819062,0.5233793327,0.8641844796,False
kana,all,R1_head,91,91,13,0.8201071734,0.7158562615,0.8930828117,0.7644040088,0.6440254248,0.8486690177,False
western,all,R1_head,592,592,16,0.8012527855,0.730738089,0.8651749522,0.7413992276,0.6599810096,0.8147989848,False
bopomofo,all,R2_cosine,21,15,5,0.8432740427,0.7378647874,0.927601447,0.7911548053,0.6694386814,0.8885277044,False
kana,all,R2_cosine,91,91,13,0.8548574774,0.7853568694,0.9035079029,0.8045302035,0.7242778141,0.8607068761,False
western,all,R2_cosine,592,592,16,0.8778169406,0.8423837618,0.909867052,0.8308359065,0.7901267975,0.8678441874,False
bopomofo,all,R2_head,21,15,5,0.8221921916,0.7378647874,0.9065195959,0.7668115805,0.6694386814,0.8641844796,False
kana,all,R2_head,91,91,13,0.8270572342,0.7401814743,0.8896077813,0.7724292478,0.672113761,0.8446563982,False
western,all,R2_head,592,592,16,0.8357956834,0.7797079884,0.886363637,0.7821083366,0.717343845,0.8400879767,False
bopomofo,all,R3_head,21,15,5,0.8432740427,0.7378647874,0.927601447,0.7911548053,0.6694386814,0.8885277044,False
kana,all,R3_head,91,91,13,0.8548574774,0.7853568694,0.9035079029,0.8045302035,0.7242778141,0.8607068761,False
western,all,R3_head,592,592,16,0.8772827721,0.8461229415,0.9061278723,0.8302191018,0.7944290101,0.8635265546,False
bopomofo,all,v1_cosine,21,15,5,0.8432740427,0.7589466384,0.927601447,0.7911548053,0.6937819062,0.8885277044,False
kana,all,v1_cosine,91,91,13,0.8687575989,0.8235822038,0.9069829333,0.8205806814,0.7684166283,0.8647194955,False
western,all,v1_cosine,592,592,16,0.8560940873,0.8137167177,0.8931297716,0.8036965005,0.7531185166,0.8474896329,False
bopomofo,all,v1_head,21,15,5,0.8643558938,0.8011103406,0.927601447,0.8154980301,0.7424683557,0.8885277044,False
kana,all,v1_head,91,91,13,0.8235822038,0.7228063223,0.8930828117,0.7684166283,0.6520506637,0.8486690177,False
western,all,v1_head,592,592,16,0.8135386616,0.7499726072,0.8705166374,0.7549689306,0.6815691735,0.8209670316,False
all,easy,R1_cosine,142,142,4,0.8768133512,0.8103336504,0.9307158113,0.8298826629,0.7531185166,0.8921238626,True
all,hard,R1_cosine,323,323,9,0.8442549015,0.7769292329,0.9015518707,0.7915563757,0.7133392321,0.8581694255,False
all,medium,R1_cosine,239,233,8,0.8216716418,0.720852085,0.9046675067,0.7635104398,0.6477001881,0.8590639796,False
all,easy,R1_head,142,142,4,0.8193173938,0.6755775001,0.9199353193,0.7634920499,0.5975155173,0.8796756227,True
all,hard,R1_head,323,323,9,0.7730155942,0.6732969423,0.8635406123,0.7092963092,0.594516642,0.813492688,False
all,medium,R1_head,239,233,8,0.7563452323,0.601567295,0.8800393525,0.689439066,0.5120276249,0.8320759242,False
all,easy,R2_cosine,142,142,4,0.8857970946,0.8300978858,0.93251256,0.8402561962,0.7759402898,0.8941985693,True
all,hard,R2_cosine,323,323,9,0.8724273451,0.8236819704,0.9148586711,0.8248181393,0.7685318288,0.8738136142,False
all,medium,R2_cosine,239,233,8,0.8241422881,0.7146400138,0.9063834142,0.7687396448,0.6426165159,0.8636770488,False
all,easy,R2_head,142,142,4,0.8265043885,0.7079189762,0.9199353193,0.7717908765,0.6348602371,0.8796756227,True
all,hard,R2_head,323,323,9,0.8283000274,0.7571446013,0.8919278063,0.7738643017,0.6917010929,0.8473353323,False
all,medium,R2_head,239,233,8,0.7986354582,0.6685934028,0.895028396,0.7389631815,0.5889915288,0.8503629815,False
all,easy,R3_head,142,142,4,0.8822035972,0.8193173938,0.93251256,0.8361067829,0.7634920499,0.8941985693,True
all,hard,R3_head,323,323,9,0.8741342047,0.8322680243,0.9123742268,0.8267890509,0.77844615,0.8709448251,False
all,medium,R3_head,239,233,8,0.8280486408,0.7209513204,0.9042196848,0.7732503124,0.6495849789,0.8612050579,False
all,easy,v1_cosine,142,142,4,0.8947808379,0.8426751265,0.9361060574,0.8506297295,0.7904632364,0.8983479826,True
all,hard,v1_cosine,323,323,9,0.8402405441,0.7790569143,0.8945878959,0.7862481172,0.7144659092,0.8498558404,False
all,medium,v1_cosine,239,233,8,0.8267704739,0.7632710866,0.8911536629,0.7697438485,0.6952322408,0.844786151,False
all,easy,v1_head,142,142,4,0.8318946345,0.6971384842,0.9307158113,0.7780149965,0.6224119972,0.8921238626,True
all,hard,v1_head,323,323,9,0.8081074699,0.7283684581,0.8750972196,0.749221808,0.6576251418,0.826478532,False
all,medium,v1_head,239,233,8,0.7716416353,0.6194422776,0.8839713091,0.7066906277,0.5306937034,0.8368698209,False
bopomofo,easy,R1_cosine,3,3,1,0.9486832981,,,0.9128709292,,,True
bopomofo,hard,R1_cosine,6,6,2,0.8432740427,0.7378647874,0.9486832981,0.7911548053,0.6694386814,0.9128709292,True
bopomofo,medium,R1_cosine,12,6,2,0.790569415,0.632455532,0.9486832981,0.7302967433,0.5477225575,0.9128709292,True
kana,easy,R1_cosine,28,28,4,0.8922140541,0.8357448102,0.9486832981,0.8476658628,0.7824607964,0.9128709292,True
kana,hard,R1_cosine,21,21,3,0.918566368,0.9035079029,0.9486832981,0.8780948938,0.8607068761,0.9128709292,True
kana,medium,R1_cosine,42,42,6,0.8206863451,0.7077478573,0.8959786704,0.7650727787,0.634662646,0.8520128672,False
western,easy,R1_cosine,111,111,3,0.8489718403,0.743562585,0.9230432089,0.7977340552,0.6760179313,0.8832643044,True
western,hard,R1_cosine,296,296,8,0.8553818626,0.7838032804,0.9144965125,0.8043133052,0.7204278684,0.8733954295,False
western,medium,R1_cosine,185,185,5,0.8746119294,0.7891449656,0.9418459409,0.82207728,0.7253623059,0.9030020543,False
bopomofo,easy,R1_head,3,3,1,0.9486832981,,,0.9128709292,,,True
bopomofo,hard,R1_head,6,6,2,0.7378647874,0.5270462767,0.9486832981,0.6694386814,0.4260064336,0.9128709292,True
bopomofo,medium,R1_head,12,6,2,0.6851601597,0.632455532,0.7378647874,0.6085806195,0.5477225575,0.6694386814,True
kana,easy,R1_head,28,28,4,0.8809202053,0.8131571126,0.9486832981,0.8346248495,0.7563787699,0.9128709292,True
kana,hard,R1_head,21,21,3,0.933624833,0.9035079029,0.9486832981,0.8954829115,0.8607068761,0.9128709292,True
kana,medium,R1_head,42,42,6,0.7228063223,0.5496339743,0.8432740427,0.6520506637,0.4520884602,0.7911548053,False
western,easy,R1_head,111,111,3,0.7606559777,0.5384418719,0.8974031198,0.6957556812,0.4391649335,0.8536576797,True
western,hard,R1_head,296,296,8,0.797691662,0.7047463389,0.8785291653,0.7376983995,0.6303743849,0.8314527112,False
western,medium,R1_head,185,185,5,0.8313086678,0.6968406448,0.9241827684,0.7747066804,0.6207522318,0.8832643044,False
bopomofo,easy,R2_cosine,3,3,1,0.9486832981,,,0.9128709292,,,True
bopomofo,hard,R2_cosine,6,6,2,0.8959786704,0.8432740427,0.9486832981,0.8520128672,0.7911548053,0.9128709292,True
bopomofo,medium,R2_cosine,12,6,2,0.7378647874,0.632455532,0.8432740427,0.6694386814,0.5477225575,0.7911548053,True
kana,easy,R2_cosine,28,28,4,0.9035079029,0.8583325078,0.9486832981,0.8607068761,0.808542823,0.9128709292,True
kana,hard,R2_cosine,21,21,3,0.9035079029,0.8131571126,0.9486832981,0.8607068761,0.7563787699,0.9128709292,True
kana,medium,R2_cosine,42,42,6,0.7980986476,0.6701016947,0.8733909728,0.7389907522,0.5911926018,0.8259308407,False
western,easy,R2_cosine,111,111,3,0.8603674355,0.7777493705,0.9144965125,0.8108925551,0.715493431,0.8733954295,True
western,hard,R2_cosine,296,296,8,0.8749680418,0.8204828524,0.9219748719,0.8277518831,0.7648378055,0.8820306951,False
western,medium,R2_cosine,185,185,5,0.8928448817,0.830738888,0.9389970422,0.8477363548,0.7766804554,0.9010282793,False
bopomofo,easy,R2_head,3,3,1,0.9486832981,,,0.9128709292,,,True
bopomofo,hard,R2_head,6,6,2,0.8432740427,0.7378647874,0.9486832981,0.7911548053,0.6694386814,0.9128709292,True
bopomofo,medium,R2_head,12,6,2,0.7378647874,0.7378647874,0.7378647874,0.6694386814,0.6694386814,0.6694386814,True
kana,easy,R2_head,28,28,4,0.8809202053,0.8018632638,0.9373894493,0.8346248495,0.7433377566,0.8998299159,True
kana,hard,R2_head,21,21,3,0.918566368,0.9035079029,0.9486832981,0.8780948938,0.8607068761,0.9128709292,True
kana,medium,R2_head,42,42,6,0.7453940199,0.6023386019,0.8508032752,0.6781326902,0.5129465221,0.7998488141,False
western,easy,R2_head,111,111,3,0.7720515729,0.5982687465,0.8888564234,0.708914181,0.5082470579,0.8437888048,True
western,hard,R2_head,296,296,8,0.834371234,0.7563826295,0.902744805,0.7808747273,0.6908212437,0.8598257265,False
western,medium,R2_head,185,185,5,0.8763212687,0.7925636442,0.9350085838,0.8279986049,0.7312836308,0.8970807293,False
bopomofo,easy,R3_head,3,3,1,0.9486832981,,,0.9128709292,,,True
bopomofo,hard,R3_head,6,6,2,0.8959786704,0.8432740427,0.9486832981,0.8520128672,0.7911548053,0.9128709292,True
bopomofo,medium,R3_head,12,6,2,0.7378647874,0.632455532,0.8432740427,0.6694386814,0.5477225575,0.7911548053,True
kana,easy,R3_head,28,28,4,0.9035079029,0.8583325078,0.9486832981,0.8607068761,0.808542823,0.9128709292,True
kana,hard,R3_head,21,21,3,0.9035079029,0.8131571126,0.9486832981,0.8607068761,0.7563787699,0.9128709292,True
kana,medium,R3_head,42,42,6,0.7980986476,0.6776309272,0.8733909728,0.7389907522,0.5998866106,0.8259308407,False
western,easy,R3_head,111,111,3,0.8546696379,0.7606559777,0.9144965125,0.8043133052,0.6957556812,0.8733954295,True
western,hard,R3_head,296,296,8,0.8760363788,0.8311662228,0.9166331866,0.8289854924,0.7771738992,0.8758626483,False
western,medium,R3_head,185,185,5,0.8928448817,0.8466927213,0.9367179231,0.8477363548,0.7944444303,0.8990545043,False
bopomofo,easy,v1_cosine,3,3,1,0.9486832981,,,0.9128709292,,,True
bopomofo,hard,v1_cosine,6,6,2,0.8432740427,0.7378647874,0.9486832981,0.7911548053,0.6694386814,0.9128709292,True
bopomofo,medium,v1_cosine,12,6,2,0.790569415,0.7378647874,0.8432740427,0.7302967433,0.6694386814,0.7911548053,True
kana,easy,v1_cosine,28,28,4,0.9035079029,0.8696263565,0.9373894493,0.8607068761,0.8215838363,0.8998299159,True
kana,hard,v1_cosine,21,21,3,0.8884494379,0.8131571126,0.9486832981,0.8433188584,0.7563787699,0.9128709292,True
kana,medium,v1_cosine,42,42,6,0.8357448102,0.7604524849,0.9035079029,0.7824607964,0.6955207079,0.8607068761,False
western,easy,v1_cosine,111,111,3,0.8746119294,0.8033894596,0.9230432089,0.82734068,0.7451000557,0.8832643044,True
western,hard,v1_cosine,296,296,8,0.8528890761,0.7877116134,0.9055937038,0.8006124771,0.7241286965,0.8622929453,False
western,medium,v1_cosine,185,185,5,0.8501113998,0.7754702514,0.9247525482,0.7944444303,0.7056245561,0.8832643044,False
bopomofo,easy,v1_head,3,3,1,0.9486832981,,,0.9128709292,,,True
bopomofo,hard,v1_head,6,6,2,0.8432740427,0.7378647874,0.9486832981,0.7911548053,0.6694386814,0.9128709292,True
bopomofo,medium,v1_head,12,6,2,0.8432740427,0.8432740427,0.8432740427,0.7911548053,0.7911548053,0.7911548053,True
kana,easy,v1_head,28,28,4,0.8696263565,0.8018632638,0.9260956005,0.8215838363,0.7433377566,0.8867889026,True
kana,hard,v1_head,21,21,3,0.918566368,0.9035079029,0.9486832981,0.8780948938,0.8607068761,0.9128709292,True
kana,medium,v1_head,42,42,6,0.7453940199,0.5646924393,0.8658617403,0.6781326902,0.4694764779,0.8172368318,False
western,easy,v1_head,111,111,3,0.7834471681,0.5726286574,0.9230432089,0.7220726809,0.4786404331,0.8832643044,True
western,hard,v1_head,296,296,8,0.8112239313,0.72503584,0.886363637,0.7525017119,0.6537821226,0.8388543674,False
western,medium,v1_head,185,185,5,0.8352971261,0.7395741266,0.9173454113,0.7786542304,0.6681228314,0.8753692045,False
