script,k,difficulty,protocol,split,arm,images,fonts,font_char_pairs,small_font_cell,family_s01,lpips_alex,l1,ssim,D_region,D_change,D_high
bopomofo,all,all,default128,test,K0,448,7,112,False,0.8622400345,0.143381953,0.07840408624,0.752609668,0.503270166,0.410125701,0.1355591609
kana,all,all,default128,test,K0,1664,13,416,False,0.8638957209,0.1657900821,0.09621251079,0.6981379968,0.527369358,0.4802638694,0.1446936111
western,all,all,default128,test,K0,5120,16,1280,False,0.8466378705,0.1535930017,0.06998845136,0.7766930316,0.498666464,0.4736557285,0.1598626979
bopomofo,all,all,default128,test,K1,448,7,112,False,0.8699348834,0.1388072449,0.0767972156,0.7570096109,0.4909112674,0.401898568,0.1354256656
kana,all,all,default128,test,K1,1664,13,416,False,0.8611683546,0.1633179912,0.09401317,0.7023461415,0.5176063836,0.4700710874,0.1437220941
western,all,all,default128,test,K1,5120,16,1280,False,0.8507025087,0.1450449729,0.06742902951,0.7823760799,0.4822356567,0.4570674439,0.1592117263
bopomofo,all,all,default128,train,K0,192,3,48,True,0.909289005,0.1336518995,0.06456063685,0.7624479154,0.4948109454,0.4188221503,0.1589145681
kana,all,all,default128,train,K0,512,4,128,True,0.8964964151,0.1503149437,0.08122520031,0.7101912445,0.4988323085,0.4485141304,0.1632681523
western,all,all,default128,train,K0,1600,5,400,False,0.892977178,0.1231519755,0.06286050129,0.7832787638,0.4565136485,0.434764313,0.1650900832
bopomofo,all,all,default128,train,K1,192,3,48,True,0.9144868897,0.1234805017,0.06187516755,0.7693715597,0.4781714276,0.3959294981,0.1553574957
kana,all,all,default128,train,K1,512,4,128,True,0.8987309129,0.1452156387,0.07845278971,0.7167720984,0.485176467,0.437949682,0.1633019952
western,all,all,default128,train,K1,1600,5,400,False,0.8980123693,0.117246579,0.05896014072,0.7937454383,0.435109159,0.4164965248,0.162086922
bopomofo,all,all,default128,val,K0,128,2,32,True,0.886220971,0.1421763329,0.08853525066,0.7364186261,0.4939117628,0.4345666915,0.1593616562
kana,all,all,default128,val,K0,384,3,96,True,0.8750740937,0.1323148025,0.09881838132,0.686342443,0.4463983563,0.4923280761,0.1651672849
western,all,all,default128,val,K0,1600,5,400,False,0.847007531,0.1332960996,0.06667257232,0.7917739577,0.4100879514,0.4159528833,0.1507676593
bopomofo,all,all,default128,val,K1,128,2,32,True,0.8757585118,0.1320522137,0.08532599156,0.743035538,0.4868832304,0.4295103875,0.1584628588
kana,all,all,default128,val,K1,384,3,96,True,0.8655589313,0.1326121105,0.09625497013,0.6912756293,0.438629551,0.4888959695,0.1638701969
western,all,all,default128,val,K1,1600,5,400,False,0.8467211335,0.1329703069,0.06545976467,0.7953402017,0.4032913077,0.4040268906,0.1483565154
bopomofo,all,all,original47,test,K0,84,7,21,False,0.8658332917,0.1386110528,0.07257301859,0.7674870958,0.5095863665,0.442275676,0.1388208511
kana,all,all,original47,test,K0,364,13,91,False,0.8640866147,0.1655151397,0.09218603699,0.7046439181,0.5103360707,0.4622279992,0.139161492
western,all,all,original47,test,K0,2368,16,592,False,0.8454011704,0.1594447686,0.07254558012,0.7704843206,0.4971850022,0.4720640466,0.1591649654
bopomofo,all,all,original47,test,K1,84,7,21,False,0.862718962,0.1310349534,0.0714197295,0.7708805116,0.5010489905,0.4400523704,0.1394731252
kana,all,all,original47,test,K1,364,13,91,False,0.861592791,0.1658450288,0.09146009472,0.7056690313,0.5076980152,0.4578113798,0.1388908685
western,all,all,original47,test,K1,2368,16,592,False,0.8500813763,0.15068451,0.07006566351,0.7755370601,0.481384031,0.4560595531,0.1584745867
