stem	split	source	usable	bucket	family	display_name	missing_chars
4314d6a5	train	0917	1	v0917_selected	4314d6a5	手迹I Cat体	{}
5f132397	train	0917	1	v0917_selected	5f132397	手迹南门体	{}
FZAiSJW	train	0917	1	v0917_selected	FZAiSJW	方正爱莎简体	{}
FZAiSJW_Cu	train	0917	1	v0917_selected	FZAiSJW_Cu	方正爱莎简体 Bold	{}
FZAiSJW_Xian	train	0917	1	v0917_selected	FZAiSJW_Xian	方正爱莎简体 ExtraLight	{}
FZBGDT	train	0917	1	v0917_selected	FZBGDT	方正不孤独体	{}
FZBITMAPFENGJW	train	0917	1	v0917_selected	FZBITMAPFENGJW	方正点阵冯简体	{}
FZBaDSRXKJW	train	0917	1	v0917_selected	FZBaDSRXKJW	方正八大山人行楷 简	{}
FZBaiZDZ113JW	train	0917	1	v0917_selected	FZBaiZDZ113JW	方正白舟大髭113 简	{}
FZBaiZJDTJW	train	0917	1	v0917_selected	FZBaiZJDTJW	方正白舟京都体 简	{}
FZBaiZJHTJW-L	train	0917	1	v0917_selected	FZBaiZJHTJW-L	方正白舟劲海体 简 Light	{}
FZBaoCTJW	train	0917	1	v0917_selected	FZBaoCTJW	方正宝城体 简	{}
FZBingMYTJW	train	0917	1	v0917_selected	FZBingMYTJW	方正兵马俑体 简	{}
FZBoRDKJW	train	0917	1	v0917_selected	FZBoRDKJW	方正般若大楷 简	{}
FZBoYTJW-B	train	0917	1	v0917_selected	FZBoYTJW-B	方正波影体 简 Bold	{}
FZBoYTJW-L	train	0917	1	v0917_selected	FZBoYTJW-L	方正波影体 简 Light	{}
FZChaoLTJW	train	0917	1	v0917_selected	FZChaoLTJW	方正潮流体 简	{}
FZDaLTJW	train	0917	1	v0917_selected	FZDaLTJW	方正达利体简体	{}
FZDengHLJW	train	0917	1	v0917_selected	FZDengHLJW	方正邓黑隶简体	{}
FZDiHTJ_Te	train	0917	1	v0917_selected	FZDiHTJ_Te	方正帝后体简体 Heavy	{}
FZDiHTJ_Xian	train	0917	1	v0917_selected	FZDiHTJ_Xian	方正帝后体简体 ExtraLight	{}
FZDiHTJ_Zhun	train	0917	1	v0917_selected	FZDiHTJ_Zhun	方正帝后体简体 Medium	{}
FZDunHJSJW	train	0917	1	v0917_selected	FZDunHJSJW	方正敦煌经书 简	{}
FZFeiYTJW	train	0917	1	v0917_selected	FZFeiYTJW	方正飞跃体 简	{}
FZFenSTXJW	train	0917	1	v0917_selected	FZFenSTXJW	方正粉丝天下简体	{}
FZFengBPYTJW	train	0917	1	v0917_selected	FZFengBPYTJW	方正风波飘逸体 简	{}
FZFengRSTJW-B	train	0917	1	v0917_selected	FZFengRSTJW-B	方正风入松体 简 Bold	{}
FZFengRSTJW-R	train	0917	1	v0917_selected	FZFengRSTJW-R	方正风入松体 简	{}
FZFengYSJW-EL	train	0917	1	v0917_selected	FZFengYSJW-EL	方正风雅宋 简 ExtraLight	{}
FZFengZTJW-B	train	0917	1	v0917_selected	FZFengZTJW-B	方正风姿体 简 Bold	{}
FZFengZTJW-EB	train	0917	1	v0917_selected	FZFengZTJW	FZFengZiTiS ExtraBold	{}
FZFengZTJW-M	train	0917	1	v0917_selected	FZFengZTJW-M	方正风姿体 简 Medium	{}
FZFuGCSJW	train	0917	1	v0917_selected	FZFuGCSJW	方正复古粗宋简体	{}
FZGaoHeiJ	train	0917	1	v0917_selected	FZGaoHeiJ	方正高黑 简	{}
FZHanSTJW	train	0917	1	v0917_selected	FZHanSTJW	方正翰宋体 简	{}
FZHuaSKXTJW-T	train	0917	1	v0917_selected	FZHuaSKXTJW-T	方正华思刻线体 简 Thin	{}
FZHuoLTJW	train	0917	1	v0917_selected	FZHuoLTJW	方正活龙体 简	{}
FZJiHXTJW	train	0917	1	v0917_selected	FZJiHXTJW	方正几何新体 简	{}
FZJianQTJW	train	0917	1	v0917_selected	FZJianQTJW	方正剑气体 简	{}
FZJinCTJW	train	0917	1	v0917_selected	FZJinCTJW	方正劲彩体 简	{}
FZJingWTJW	train	0917	1	v0917_selected	FZJingWTJW	方正劲舞体 简	{}
FZJingWTJW_Cu	train	0917	1	v0917_selected	FZJingWTJW_Cu	方正劲舞体 简 Bold	{}
FZJingWTJW_Xian	train	0917	1	v0917_selected	FZJingWTJW_Xian	方正劲舞体 简 ExtraLight	{}
FZKuaiSTJW	train	0917	1	v0917_selected	FZKuaiSTJW	方正快速体 简	{}
FZLaGBTTJW	train	0917	1	v0917_selected	FZLaGBTTJW	方正拉勾标题体 简	{}
FZLangKCTJW2	train	0917	1	v0917_selected	FZLangKCTJW2	方正朗酷长体 简	{}
FZLangYJW-L	train	0917	1	v0917_selected	FZLangYJW-L	方正朗圆 简 Light	{}
FZLangYJW-R	train	0917	1	v0917_selected	FZLangYJW-R	方正朗圆 简	{}
FZLiangHJW-EB	train	0917	1	v0917_selected	FZLiangHJW-EB	方正亮黑 简 ExtraBold	{}
FZLiangHJW-L	train	0917	1	v0917_selected	FZLiangHJW-L	方正亮黑 简 Light	{}
FZLingDTJW-B	train	0917	1	v0917_selected	FZLingDTJW-B	方正灵动体 简 Bold	{}
FZLingDTJW-L	train	0917	1	v0917_selected	FZLingDTJW-L	方正灵动体 简 Light	{}
FZLingFJXKJW	train	0917	1	v0917_selected	FZLingFJXKJW	方正灵飞经小楷 简	{}
FZLiuCTJW	train	0917	1	v0917_selected	FZLiuCTJW	方正流畅体 简	{}
FZLouLTJW-EB	train	0917	1	v0917_selected	FZLouLTJW-EB	方正楼兰体 简 ExtraBold	{}
FZLouLTJW-R	train	0917	1	v0917_selected	FZLouLTJW-R	方正楼兰体 简	{}
FZLuoDTJW	train	0917	1	v0917_selected	FZLuoDTJW	方正FW罗丹体 简	{}
FZLuoMTJW-L	train	0917	1	v0917_selected	FZLuoMTJW-L	方正罗曼体 简 Light	{}
FZLuoMTJW-R	train	0917	1	v0917_selected	FZLuoMTJW-R	方正罗曼体 简	{}
FZLuoMXTJW-EB	train	0917	1	v0917_selected	FZLuoMXTJW-EB	方正罗曼斜体 简 ExtraBold	{}
FZLuoMXTJW-M	train	0917	1	v0917_selected	FZLuoMXTJW-M	方正罗曼斜体 简 Medium	{}
FZMaKTJW	train	0917	1	v0917_selected	FZMaKTJW	方正马克体 简	{}
FZMaLTJW	train	0917	1	v0917_selected	FZMaLTJW	方正玛丽体 简	{}
FZManYTJW-T	train	0917	1	v0917_selected	FZManYTJW-T	方正蛮腰体 简 Thin	{}
FZMengHHXJW-EB	train	0917	1	v0917_selected	FZMengHHXJW-EB	方正梦幻火星体 简 ExtraBold	{}
FZMengHHXJW-EL	train	0917	1	v0917_selected	FZMengHHXJW-EL	方正梦幻火星体 简 ExtraLight	{}
FZMengYTJW	train	0917	1	v0917_selected	FZMengYTJW	方正萌艺体 简	{}
FZMingZTJW-EB	train	0917	1	v0917_selected	FZMingZTJW	FZMingZhuTiS ExtraBold	{}
FZOuYHGXSJW	train	0917	1	v0917_selected	FZOuYHGXSJW	方正欧阳荷庚行书 简	{}
FZPANGPBJW	train	0917	1	v0917_selected	FZPANGPBJW	方正胖胖白 简	{}
FZPangPHJW	train	0917	1	v0917_selected	FZPangPHJW	方正胖胖黑 简	{}
FZPiaoTJW	train	0917	1	v0917_selected	FZPiaoTJW	方正飘体 简	{}
FZPiaoTJW_Cu	train	0917	1	v0917_selected	FZPiaoTJW	FZPiaoTiS Bold	{}
FZPiaoTJW_Xi	train	0917	1	v0917_selected	FZPiaoTJW_Xi	方正飘体 简 Light	{}
FZPiaoYSJW	train	0917	1	v0917_selected	FZPiaoYSJW	方正飘逸宋 简	{}
FZQINGSTJW	train	0917	1	v0917_selected	FZQINGSTJW	方正情圣体 简	{}
FZQiMTJW	train	0917	1	v0917_selected	FZQiMTJW	方正奇妙体 简	{}
FZQiMTJW_Xian	train	0917	1	v0917_selected	FZQiMTJW_Xian	方正奇妙体 简 ExtraLight	{}
FZQiMTJW_Zhun	train	0917	1	v0917_selected	FZQiMTJW_Zhun	方正奇妙体 简 Medium	{}
FZQianWTJW	train	0917	1	v0917_selected	FZQianWTJW	方正前卫体 简	{}
FZQianWTJW_Te	train	0917	1	v0917_selected	FZQianWTJW_Te	方正前卫体 简 Heavy	{}
FZQianWTJW_Xian	train	0917	1	v0917_selected	FZQianWTJW_Xian	方正前卫体 简 ExtraLight	{}
FZQiangKTJW	train	0917	1	v0917_selected	FZQiangKTJW	方正强克体 简	{}
FZSJ-CHAOJXHN	train	0917	1	v0917_selected	FZSJ-CHAOJXHN	超级喜欢你	{}
FZSJ-KEADKA	train	0917	1	v0917_selected	FZSJ-KEADKA	可爱得可爱	{}
FZSJ-NUANNXWC	train	0917	1	v0917_selected	FZSJ-NUANNXWC	暖暖下午茶	{}
FZSJ-QIYXRYY	train	0917	1	v0917_selected	FZSJ-QIYXRYY	七月夏日炎炎	{}
FZSJ-WOSJJ	train	0917	1	v0917_selected	FZSJ-WOSJJ	我是静静	{}
FZSJ-WULXEM	train	0917	1	v0917_selected	FZSJ-WULXEM	污力小恶魔	"{""latin_ext_letters"": ""āēěīńňōūǎǐǒǔǖǘǚǜ""}"
FZSJ-XIAOHBZLL	train	0917	1	v0917_selected	FZSJ-XIAOHBZLL	小黑 不再流浪	{}
FZSJ-XIDPB	train	0917	1	v0917_selected	FZSJ-XIDPB	喜大普奔	{}
FZShaoLGFTJW	train	0917	1	v0917_selected	FZShaoLGFTJW	方正少林功夫体 简	{}
FZShengSKSJW_Zhun	train	0917	1	v0917_selected	FZShengSKSJW_Zhun	方正盛世楷书简体_准	{}
FZShiTSJW	train	0917	1	v0917_selected	FZShiTSJW	方正诗甜宋 简	{}
FZShuYTJW-L	train	0917	1	v0917_selected	FZShuYTJW-L	方正淑雅体 简 Light	{}
FZSiBTJW	train	0917	1	v0917_selected	FZSiBTJW	方正丝帛体 简	{}
FZSiLTJW_Cu	train	0917	1	v0917_selected	FZSiLTJW_Cu	方正丝路体 简 Bold	{}
FZSiLTJW_Xian	train	0917	1	v0917_selected	FZSiLTJW_Xian	方正丝路体 简 ExtraLight	{}
FZSuXSGYSJW	train	0917	1	v0917_selected	FZSuXSGYSJW	方正苏新诗古印宋 简	{}
FZSuXSMCTJW	train	0917	1	v0917_selected	FZSuXSMCTJW	方正苏新诗毛糙体 简	{}
FZSuXSMZTJW	train	0917	1	v0917_selected	FZSuXSMZTJW	方正苏新诗墨渍体 简	{}
FZTanHTJW	train	0917	1	v0917_selected	FZTanHTJW	方正坦黑体 简	{}
FZTieXHJW_Xi	train	0917	1	v0917_selected	FZTieXHJW_Xi	方正铁线黑 简 Light	{}
FZTieXHJW_Zhun	train	0917	1	v0917_selected	FZTieXHJW_Zhun	方正铁线黑 简 Medium	{}
FZVDLJingQSJ-H	train	0917	1	v0917_selected	FZVDLJingQSJ-H	方正VDL京千社 简 Heavy	{}
FZVDLJingQSJ-L	train	0917	1	v0917_selected	FZVDLJingQSJ-L	方正VDL京千社 简 Light	{}
FZVDLJingQSJ-T	train	0917	1	v0917_selected	FZVDLJingQSJ-T	方正VDL京千社 简 Thin	{}
FZWanBTJW	train	0917	1	v0917_selected	FZWanBTJW	方正玩伴体 简	{}
FZWanBTJW_Xian	train	0917	1	v0917_selected	FZWanBTJW_Xian	方正玩伴体 简 ExtraLight	{}
FZXLB	train	0917	1	v0917_selected	FZXLB	方正秀麗	"{""latin_ext_letters"": ""ńň""}"
FZXianWTJW_Zhun	train	0917	1	v0917_selected	FZXianWTJW_Zhun	方正纤舞体 简 Medium	{}
FZXianYSTJW	train	0917	1	v0917_selected	FZXianYSTJW	方正献逸书体 简	{}
FZXiangPZTJW	train	0917	1	v0917_selected	FZXiangPZTJW	方正橡皮章体 简	{}
FZXiangPZTJW_Da	train	0917	1	v0917_selected	FZXiangPZTJW_Da	方正橡皮章体 简 ExtraBold	{}
FZXiangPZTJW_Xian	train	0917	1	v0917_selected	FZXiangPZTJW_Xian	方正橡皮章体 简 ExtraLight	{}
FZXinGHJW-UL	train	0917	1	v0917_selected	FZXinGHJW-UL	方正新杠黑 简 UltraLight	{}
FZYNJW	train	0917	1	v0917_selected	FZYNJW	方正羽怒简体	{}
FZYaZTJ_Te	train	0917	1	v0917_selected	FZYaZTJ_Te	方正雅珠体简体 Heavy	{}
FZYaZTJ_Xian	train	0917	1	v0917_selected	FZYaZTJ_Xian	方正雅珠体简体 ExtraLight	{}
FZYinSJW-DB	train	0917	1	v0917_selected	FZYinSJW-DB	方正银宋 简 DemiBold	{}
FZYinSJW-R	train	0917	1	v0917_selected	FZYinSJW-R	方正银宋 简	{}
FZYingCTJW	train	0917	1	v0917_selected	FZYingCTJW	方正盈彩体 简	{}
FZYingCTJW_Xian	train	0917	1	v0917_selected	FZYingCTJW_Xian	方正盈彩体 简 ExtraLight	{}
FZZH-AXTJW	train	0917	1	v0917_selected	FZZH-AXTJW	方正字汇-傲行体 简	{}
FZZH-DDYLTJW	train	0917	1	v0917_selected	FZZH-DDYLTJW	方正字汇-大道悠乐体 简	{}
FZZH-DFHBJW	train	0917	1	v0917_selected	FZZH-DFHBJW	方正字汇-刀锋黑变 简	{}
FZZH-KTMHTJW	train	0917	1	v0917_selected	FZZH-KTMHTJW	方正字汇-卡通漫画体 简	{}
FZZH-KTPPTJW	train	0917	1	v0917_selected	FZZH-KTPPTJW	方正字汇-卡通泡泡体 简	{}
FZZH-LTFKTJW	train	0917	1	v0917_selected	FZZH-LTFKTJW	方正字汇-龙天疯狂体 简	{}
FZZH-LTLMMTJW	train	0917	1	v0917_selected	FZZH-LTLMMTJW	方正字汇-龙天玲妹妹体 简	{}
FZZH-LTXXTJW	train	0917	1	v0917_selected	FZZH-LTXXTJW	方正字汇-龙天夏夏体 简	{}
FZZH-MXQYTJW	train	0917	1	v0917_selected	FZZH-MXQYTJW	方正字汇-萌系巧云体 简	{}
FZZH-NYXFTJ	train	0917	1	v0917_selected	FZZH-NYXFTJ	方正字汇-奶油旋风体 简	{}
FZZH-QHXKJW	train	0917	1	v0917_selected	FZZH-QHXKJW	方正字汇-青华行楷 简	{}
FZZH-SJDFTJW	train	0917	1	v0917_selected	FZZH-SJDFTJW	方正字汇-三角刀锋体 简	{}
FZZH-TTTJW	train	0917	1	v0917_selected	FZZH-TTTJW	方正字汇-跳跳体 简	{}
FZZH-YMTJW	train	0917	1	v0917_selected	FZZH-YMTJW	方正字汇-雅萌体 简	{}
FZZH-YueXSTJW-EB	train	0917	1	v0917_selected	FZZH-YueXSTJW	FZZH-YUEXSTS EB	{}
FZZH-ZRKTJW	train	0917	1	v0917_selected	FZZH-ZRKTJW	方正字汇-自然楷体 简	{}
FZZJ-BCSXJW	train	0917	1	v0917_selected	FZZJ-BCSXJW	方正字迹-卜超手写 简	{}
FZZJ-BXMRTJW	train	0917	1	v0917_selected	FZZJ-BXMRTJW	方正字迹-柏轩美人体 简	{}
FZZJ-CZYKSJW	train	0917	1	v0917_selected	FZZJ-CZYKSJW	方正字迹-陈振元楷书 简	{}
FZZJ-DDFDTJW	train	0917	1	v0917_selected	FZZJ-DDFDTJW	方正字迹-大道奋斗体 简	{}
FZZJ-FOJW	train	0917	1	v0917_selected	FZZJ-FOJW	方正字迹-仿欧简体	{}
FZZJ-FXGGLJW	train	0917	1	v0917_selected	FZZJ-FXGGLJW	方正字迹-范笑歌古隶 简	{}
FZZJ-GYJGTJW	train	0917	1	v0917_selected	FZZJ-GYJGTJW	方正字迹-谷云金刚体 简	{}
FZZJ-HLYHXLJW	train	0917	1	v0917_selected	FZZJ-HLYHXLJW	方正字迹-黄陵野鹤行隶 简	{}
FZZJ-JKTJW	train	0917	1	v0917_selected	FZZJ-JKTJW	方正字迹-剑客体 简	{}
FZZJ-LSHSSJW	train	0917	1	v0917_selected	FZZJ-LSHSSJW	方正字迹-刘三宏手书 简	{}
FZZJ-LXBYTJW	train	0917	1	v0917_selected	FZZJ-LXBYTJW	方正字迹-刘鑫标幼体 简	{}
FZZJ-LXCTJW	train	0917	1	v0917_selected	FZZJ-LXCTJW	方正字迹-赖兴才体 简	{}
FZZJ-LXXSJW	train	0917	1	v0917_selected	FZZJ-LXXSJW	方正字迹-流线行书 简	{}
FZZJ-LongYTJW	train	0917	1	v0917_selected	FZZJ-LongYTJW	方正字迹-龙吟体 简	{}
FZZJ-MGSCTJW	train	0917	1	v0917_selected	FZZJ-MGSCTJW	方正字迹-毛广淞爨体 简	{}
FZZJ-MMXJJW	train	0917	1	v0917_selected	FZZJ-MMXJJW	方正字迹-默陌信笺简体	{}
FZZJ-MSTJW	train	0917	1	v0917_selected	FZZJ-MSTJW	方正字迹-卯榫体 简	{}
FZZJ-PYQYTJW	train	0917	1	v0917_selected	FZZJ-PYQYTJW	方正字迹-蒲尧卿云体 简	{}
FZZJ-SDXKJW	train	0917	1	v0917_selected	FZZJ-SDXKJW	方正字迹-思道小楷 简	{}
FZZJ-SLJMTJW	train	0917	1	v0917_selected	FZZJ-SLJMTJW	方正字迹-顺利巨墨体 简	{}
FZZJ-TBPYTJW	train	0917	1	v0917_selected	FZZJ-TBPYTJW	方正字迹-仝斌飘逸体 简	{}
FZZJ-WFSXTJ	train	0917	1	v0917_selected	FZZJ-WFSXTJ	方正字迹-晚风手写体 简	{}
FZZJ-XHFTJW	train	0917	1	v0917_selected	FZZJ-XHFTJW	方正字迹-心海凤体 简	{}
FZZJ-YYXSTJW	train	0917	1	v0917_selected	FZZJ-YYXSTJW	方正字迹-泳一行书 简	{}
FZZJ-ZCJW	train	0917	1	v0917_selected	FZZJ-ZCJW	方正字迹-张爨简体	{}
FZZJ-ZDFCSJW	train	0917	1	v0917_selected	FZZJ-ZDFCSJW	方正字迹-周东芬草书 简	{}
FZZJ-ZDXKJW	train	0917	1	v0917_selected	FZZJ-ZDXKJW	方正字迹-战东行楷 简	{}
FZZJ-ZQXKJW	train	0917	1	v0917_selected	FZZJ-ZQXKJW	方正字迹-张强行楷 简	{}
FZZhuMTJW	train	0917	1	v0917_selected	FZZhuMTJW	方正筑梦体 简	{}
FZZhuoYTJW	train	0917	1	v0917_selected	FZZhuoYTJW	方正卓越体 简	{}
FZZuanSTJW	train	0917	1	v0917_selected	FZZuanSTJW	方正钻石体 简	{}
FZZuoZJHJW-T	train	0917	1	v0917_selected	FZZuoZJHJW-T	方正左佐巨黑 简 Thin	{}
FZZuoZYXTJW-B	train	0917	1	v0917_selected	FZZuoZYXTJW-B	方正左佐雨线体 简 Bold	{}
FZZuoZYXTJW-R	train	0917	1	v0917_selected	FZZuoZYXTJW-R	方正左佐雨线体 简	{}
STFZRTXSJ	train	0917	1	v0917_selected	STFZRTXSJ	书体坊张瑞图行草 简	{}
ZJZhuangSHJ-T	train	0917	1	v0917_selected	ZJZhuangSHJ-T	字加装饰黑 简 Thin	{}
ZKTBanQTFU	train	0917	1	v0917_selected	ZKTBanQTFU	字酷堂板橋體 繁U	{}
ZKTMingXTFU	train	0917	1	v0917_selected	ZKTMingXTFU	字酷堂明行體 繁U	{}
fc4a8715	train	0917	1	v0917_selected	fc4a8715	手迹志强毛笔行楷	{}
fzsj_1275625	train	0917	1	v0917_selected	fzsj_1275625	手迹玩偶体	{}
fzsj_1275627	train	0917	1	v0917_selected	fzsj_1275627	手迹小樱花体	{}
fzsj_1275635	train	0917	1	v0917_selected	fzsj_1275635	手迹小骨体	{}
fzsj_1522777	train	0917	1	v0917_selected	fzsj_1522777	手迹音乐体	{}
fzsj_1928053	train	0917	1	v0917_selected	fzsj_1928053	少女心事	{}
fzsj_1966669	train	0917	1	v0917_selected	fzsj_1966669	手迹我的意中人	{}
fzsj_1966674	train	0917	1	v0917_selected	fzsj_1966674	手迹新年新气象	{}
fzsj_1966717	train	0917	1	v0917_selected	fzsj_1966717	手迹笔芯体	"{""latin_ext_letters"": ""āēěīńňōūǎǐǒǔǖǘǚǜ""}"
fzsj_1966721	train	0917	1	v0917_selected	fzsj_1966721	手迹爱心吧噗	"{""latin_ext_letters"": ""āēěīńňōūǎǐǒǔǖǘǚǜ""}"
fzsj_1966722	train	0917	1	v0917_selected	fzsj_1966722	小人鱼的眼泪_YS	"{""latin_ext_letters"": ""āēěīńňōūǎǐǒǔǖǘǚǜ""}"
fzsj_1966797	train	0917	1	v0917_selected	fzsj_1966797	午夜小恶鬼	{}
fzsj_1967025	train	0917	1	v0917_selected	fzsj_1967025	谈恋爱不如养猫	{}
fzsj_2017088	train	0917	1	v0917_selected	fzsj_2017088	手迹骨小骨体	{}
fzsj_2127126	train	0917	1	v0917_selected	fzsj_2127126	新天使之翼	{}
fzsj_2135224	train	0917	1	v0917_selected	fzsj_2135224	月牙美楷	{}
fzsj_2173041	train	0917	1	v0917_selected	fzsj_2173041	喵趣体	{}
fzsj_2187650	train	0917	1	v0917_selected	fzsj_2187650	洪体	{}
fzsj_2187909	train	0917	1	v0917_selected	fzsj_2187909	何须渡清欢	{}
fzsj_2187928	train	0917	1	v0917_selected	fzsj_2187928	深沉如山温煦如风	{}
fzsj_2261418	train	0917	1	v0917_selected	fzsj_2261418	我怕来者不是你	{}
fzsj_2923481	train	0917	1	v0917_selected	fzsj_2923481	清晰护眼复古像素	"{""latin_ext_letters"": ""ńň""}"
fzsj_2923966	train	0917	1	v0917_selected	fzsj_2923966	复古像素粗体	"{""latin_ext_letters"": ""ńň""}"
FZHuangTJXSJW	val	0917	1	v0917_selected	FZHuangTJXSJW	方正黄庭坚行书 简	{}
FZKuaiHTJW	val	0917	1	v0917_selected	FZKuaiHTJW	方正快活体 简	{}
FZSUXSFBCJW	val	0917	1	v0917_selected	FZSUXSFBCJW	方正苏新诗仿碑爨 简	{}
FZShouHCGTJW	val	0917	1	v0917_selected	FZShouHCGTJW	方正手绘草稿体 简	{}
FZShouHJW	val	0917	1	v0917_selected	FZShouHJW	方正手绘简体	{}
FZShouHJW_Xi	val	0917	1	v0917_selected	FZShouHJW_Xi	方正手绘简体_细	{}
FZVDLQianZHJW-B	val	0917	1	v0917_selected	FZVDLQianZHJW-B	方正VDL千兆黑 简 Bold	{}
FZVDLQianZHJW-L	val	0917	1	v0917_selected	FZVDLQianZHJW-L	方正VDL千兆黑 简 Light	{}
FZXianZTJW	val	0917	1	v0917_selected	FZXianZTJW	方正仙阵体 简	{}
FZZJ-XTJW	val	0917	1	v0917_selected	FZZJ-XTJW	方正字迹-喜体 简	{}
FZZanMTJW	val	0917	1	v0917_selected	FZZanMTJW	方正赞美体 简	{}
FZZhiQCTJW-B	val	0917	1	v0917_selected	FZZhiQCTJW-B	方正致青春体 简 Bold	{}
FZZhiQCTJW-L	val	0917	1	v0917_selected	FZZhiQCTJW-L	方正致青春体 简 Light	{}
FZZhongYSJW	val	0917	1	v0917_selected	FZZhongYSJW	方正忠义宋 简	{}
FZZiZSFSJW	val	0917	1	v0917_selected	FZZiZSFSJW	方正字斋宋非宋 简	{}
fzsj_1966700	val	0917	1	v0917_selected	fzsj_1966700	手迹成功点划体	{}
FZBaiZHXTJW	test	0917	1	v0917_selected	FZBaiZHXTJW	方正白舟魂心体 简	{}
FZCYJW	test	0917	1	v0917_selected	FZCYJW	方正彩云简体	{}
FZDouNTJW	test	0917	1	v0917_selected	FZDouNTJW	方正斗牛体 简	{}
FZFeiHHJW-T	test	0917	1	v0917_selected	FZFeiHHJW-T	方正飞虹黑 简 Thin	{}
FZFuXTJW	test	0917	1	v0917_selected	FZFuXTJW	方正复兴体 简	{}
FZHanBTJW	test	0917	1	v0917_selected	FZHanBTJW	方正寒冰体 简	{}
FZHanBTJW_Da	test	0917	1	v0917_selected	FZHanBTJW_Da	方正寒冰体 简 ExtraBold	{}
FZHanBTJW_Xi	test	0917	1	v0917_selected	FZHanBTJW_Xi	方正寒冰体 简 Light	{}
FZHuoYYJW-L	test	0917	1	v0917_selected	FZHuoYYJW-L	方正活意圆 简 Light	{}
FZJianLTJW	test	0917	1	v0917_selected	FZJianLTJW	方正健力体 简	{}
FZXSHJW	test	0917	1	v0917_selected	FZXSHJW	方正细珊瑚简体	{}
FZZJ-HLYHXWJW	test	0917	1	v0917_selected	FZZJ-HLYHXWJW	方正字迹-黄陵野鹤行魏 简	{}
FZZJ-KFTXKJW	test	0917	1	v0917_selected	FZZJ-KFTXKJW	方正字迹-侃夫体行楷 简	{}
FZZJ-MJZCFU	test	0917	1	v0917_selected	FZZJ-MJZCFU	方正字迹-明瑾章草 繁U	{}
ee347e17	test	0917	1	v0917_selected	ee347e17	手迹几何空心字	{}
fzsj_1275648	test	0917	1	v0917_selected	fzsj_1275648	手迹天使之翼体	{}
