item_id,font,char,method,attention_check,rater,score
FZTJLSJW__0047__F0_100k,FZTJLSJW,G,F0_100k,0,R1,4
FZMaWDBSJW__0030__F0_100k,FZMaWDBSJW,0,F0_100k,0,R1,2
FZJianLTJW_Te__0038__GT,FZJianLTJW_Te,8,GT,0,R1,5
FZHuoYYJW-T__0051__F0C_100000,FZHuoYYJW-T,Q,F0C_100000,0,R1,4
FZLiuGQKJW-L__0030__F0_100k,FZLiuGQKJW-L,0,F0_100k,0,R1,4
FZHanWZKJW__0038__GT,FZHanWZKJW,8,GT,0,R1,3
FZLiuGQKJW-L__0069__ATTN_wrong,FZLiuGQKJW-L,i,ATTN_wrong,1,R1,1
FZTJLSJW__0067__GT,FZTJLSJW,g,GT,0,R1,4
FZHanWZKJW__0047__ATTN_wrong,FZHanWZKJW,G,ATTN_wrong,1,R1,1
FZJingLTJW-H__0047__GT,FZJingLTJW-H,G,GT,0,R1,5
FZFengYKSJ__0051__F0_100k,FZFengYKSJ,Q,F0_100k,0,R1,4
FZBuGTJW__0065__F2C_80000,FZBuGTJW,e,F2C_80000,0,R1,4
FZDouNTJW_Te__0047__GT,FZDouNTJW_Te,G,GT,0,R1,5
FZChuangHJW_DB__0041__F0C_100000,FZChuangHJW_DB,A,F0C_100000,0,R1,2
FZHuoYYJW-T__0047__F2C_80000,FZHuoYYJW-T,G,F2C_80000,0,R1,4
FZHuoYYJW-T__0051__F2C_80000,FZHuoYYJW-T,Q,F2C_80000,0,R1,4
FZMaWDBSJW__0030__GT,FZMaWDBSJW,0,GT,0,R1,5
FZDeSHJW_515H__0051__ATTN_wrong,FZDeSHJW_515H,Q,ATTN_wrong,1,R1,5
FZMaWDBSJW__0030__ATTN_wrong,FZMaWDBSJW,0,ATTN_wrong,1,R1,1
FZJingYLLTJW__0061__GT,FZJingYLLTJW,a,GT,0,R1,5
FZTJLSJW__0047__F0C_100000,FZTJLSJW,G,F0C_100000,0,R1,4
FZBuGTJW__0030__F0C_100000,FZBuGTJW,0,F0C_100000,0,R1,4
FZJingLTJW-H__0047__F0C_100000,FZJingLTJW-H,G,F0C_100000,0,R1,3
FZDouNTJW_Te__0067__F2C_80000,FZDouNTJW_Te,g,F2C_80000,0,R1,2
FZHanWZKJW__0038__F2C_80000,FZHanWZKJW,8,F2C_80000,0,R1,2
FZHuoYYJW-T__0051__ATTN_wrong,FZHuoYYJW-T,Q,ATTN_wrong,1,R1,1
FZDeSHJW_515H__0061__GT,FZDeSHJW_515H,a,GT,0,R1,4
FZCuanBZBKSJW__0047__ATTN_wrong,FZCuanBZBKSJW,G,ATTN_wrong,1,R1,1
FZFengYKSJ__0051__F2C_80000,FZFengYKSJ,Q,F2C_80000,0,R1,1
FZJingYLLTJW__0061__F2C_80000,FZJingYLLTJW,a,F2C_80000,0,R1,1
FZMaWDBSJW__0041__F0_100k,FZMaWDBSJW,A,F0_100k,0,R1,3
FZJianLTJW_Te__0061__F0C_100000,FZJianLTJW_Te,a,F0C_100000,0,R1,4
FZJingYLLTJW__0030__GT,FZJingYLLTJW,0,GT,0,R1,1
FZJianLTJW_Te__0061__GT,FZJianLTJW_Te,a,GT,0,R1,5
FZDeSHJW_515H__0051__GT,FZDeSHJW_515H,Q,GT,0,R1,3
FZDouNTJW_Te__0047__F0_100k,FZDouNTJW_Te,G,F0_100k,0,R1,1
FZFengYKSJ__0069__GT,FZFengYKSJ,i,GT,0,R1,1
FZJingYLLTJW__0061__F0_100k,FZJingYLLTJW,a,F0_100k,0,R1,1
FZLiuGQKJW-L__0030__F0C_100000,FZLiuGQKJW-L,0,F0C_100000,0,R1,3
FZBuGTJW__0065__F0_100k,FZBuGTJW,e,F0_100k,0,R1,1
FZFengYKSJ__0051__F0C_100000,FZFengYKSJ,Q,F0C_100000,0,R1,2
FZJingYLLTJW__0030__F0C_100000,FZJingYLLTJW,0,F0C_100000,0,R1,1
FZChuangHJW_DB__0041__ATTN_wrong,FZChuangHJW_DB,A,ATTN_wrong,1,R1,1
FZFengYKSJ__0069__F0_100k,FZFengYKSJ,i,F0_100k,0,R1,2
FZLingFKSJW-B__0051__F0_100k,FZLingFKSJW-B,Q,F0_100k,0,R1,4
FZDeSHJW_515H__0061__F2C_80000,FZDeSHJW_515H,a,F2C_80000,0,R1,4
